,image_name,subject_id,median_count,mean_count,mode_min_count,mode_max_count,mode_count,mode_count_avg,users,sum_annotations_count,annotations_count,HDBSCAN_count,eps,min_cluster_size,max_cluster_size,noise_points
0,Fer_FCD01-02-03_20122021_22_18.jpg,92458387,61.0,60.63,59,68,"[59, 68]",63.5,19,1152,"[19, 38, 40, 46, 52, 58, 59, 59, 60, 61, 63, 68, 68, 72, 74, 76, 77, 80, 82]",75.0,0.0,5.0,0,73.0
1,Fer_FCD01-02-03_20122021_38_40.jpg,92458388,2.0,2.0,2,2,[2],2.0,14,28,"[2, 2, 2, 2, 2, 2, 2, 2, 2, 2, 2, 2, 2, 2]",2.0,0.0,5.0,0,0.0
2,Fer_FCD01-02-03_20122021_70_10.jpg,92458389,3.0,3.33,1,1,[1],1.0,15,50,"[1, 1, 1, 1, 2, 2, 2, 3, 3, 4, 5, 5, 5, 6, 9]",5.0,0.0,5.0,0,1.0
3,Fer_FCD01-02-03_20122021_6_24.jpg,92458390,6.0,5.38,6,6,[6],6.0,16,86,"[2, 4, 5, 5, 5, 5, 5, 6, 6, 6, 6, 6, 6, 6, 6, 7]",6.0,0.0,5.0,0,2.0
4,Fer_FCD01-02-03_20122021_56_14.jpg,92458394,4.0,4.09,6,6,[6],6.0,11,45,"[1, 2, 3, 3, 4, 4, 4, 6, 6, 6, 6]",5.0,0.0,5.0,0,3.0
5,Fer_FCD01-02-03_20122021_89_2.jpg,92458397,1.0,1.2,1,1,[1],1.0,5,6,"[1, 1, 1, 1, 2]",1.0,0.0,5.0,0,1.0
6,Fer_FCD01-02-03_20122021_32_21.jpg,92458398,1.0,1.47,1,1,[1],1.0,19,28,"[1, 1, 1, 1, 1, 1, 1, 1, 1, 1, 1, 2, 2, 2, 2, 2, 2, 2, 3]",2.0,0.0,5.0,0,3.0
7,Fer_FCD01-02-03_20122021_32_35.jpg,92458399,55.0,55.21,56,56,[56],56.0,19,1049,"[12, 26, 27, 32, 36, 37, 45, 49, 52, 55, 56, 56, 59, 69, 72, 86, 92, 93, 95]",73.0,0.0,5.0,0,151.0
8,Fer_FCD01-02-03_20122021_13_10.jpg,92458401,15.0,14.69,15,15,[15],15.0,16,235,"[8, 9, 12, 13, 14, 15, 15, 15, 15, 16, 16, 16, 17, 17, 18, 19]",16.0,0.0,5.0,0,5.0
9,Fer_FCD01-02-03_20122021_14_19.jpg,92458402,4.0,6.38,2,2,[2],2.0,13,83,"[1, 1, 2, 2, 2, 3, 4, 6, 8, 8, 13, 15, 18]",9.0,0.0,5.0,0,9.0
10,Fer_FCD01-02-03_20122021_30_18.jpg,92458407,7.0,7.22,7,7,[7],7.0,18,130,"[6, 6, 6, 6, 7, 7, 7, 7, 7, 7, 7, 8, 8, 8, 8, 8, 8, 9]",8.0,0.0,5.0,0,8.0
11,Fer_FCD01-02-03_20122021_30_24.jpg,92458408,2.0,5.0,2,2,[2],2.0,19,95,"[1, 1, 2, 2, 2, 2, 2, 2, 2, 2, 2, 6, 7, 9, 9, 10, 10, 11, 13]",8.0,0.0,5.0,0,8.0
12,Fer_FCD01-02-03_20122021_30_30.jpg,92458409,2.0,2.08,2,2,[2],2.0,13,27,"[1, 2, 2, 2, 2, 2, 2, 2, 2, 2, 2, 3, 3]",1.0,0.0,5.0,0,10.0
13,Fer_FCD01-02-03_20122021_37_39.jpg,92458410,6.0,5.65,6,6,[6],6.0,20,113,"[5, 5, 5, 5, 5, 5, 5, 5, 6, 6, 6, 6, 6, 6, 6, 6, 6, 6, 6, 7]",7.0,0.0,5.0,0,2.0
14,Fer_FCD01-02-03_20122021_43_35.jpg,92458411,16.5,15.89,9,23,"[9, 23]",16.0,18,286,"[7, 9, 9, 9, 10, 13, 14, 15, 16, 17, 17, 19, 19, 21, 22, 23, 23, 23]",27.0,0.0,5.0,0,34.0
15,Fer_FCD01-02-03_20122021_18_19.jpg,92458416,1.0,1.5,1,1,[1],1.0,12,18,"[1, 1, 1, 1, 1, 1, 1, 1, 2, 2, 3, 3]",1.0,0.0,5.0,0,13.0
16,Fer_FCD01-02-03_20122021_34_40.jpg,92458418,1.0,1.0,1,1,[1],1.0,4,4,"[1, 1, 1, 1]",0.0,0.0,0.0,0,0.0
17,Fer_FCD01-02-03_20122021_27_28.jpg,92458419,28.0,38.11,28,28,[28],28.0,18,686,"[7, 25, 25, 25, 26, 27, 27, 28, 28, 28, 28, 28, 28, 28, 29, 29, 29, 241]",31.0,0.0,5.0,0,93.0
18,Fer_FCD01-02-03_20122021_53_24.jpg,92458422,4.0,4.31,4,4,[4],4.0,16,69,"[1, 1, 3, 3, 4, 4, 4, 4, 4, 4, 4, 5, 5, 5, 5, 13]",6.0,0.0,5.0,0,0.0
19,Fer_FCD01-02-03_20122021_53_30.jpg,92458424,16.0,16.0,16,16,[16],16.0,1,16,[16],1.0,0.0,5.0,0,11.0
20,Fer_FCD01-02-03_20122021_83_8.jpg,92458426,1.0,1.0,1,1,[1],1.0,6,6,"[1, 1, 1, 1, 1, 1]",1.0,0.0,5.0,0,1.0
21,Fer_FCD01-02-03_20122021_53_19.jpg,92458427,1.0,5.33,1,1,[1],1.0,3,16,"[1, 1, 14]",1.0,0.0,5.0,0,11.0
22,Fer_FCD01-02-03_20122021_53_25.jpg,92458428,1.0,1.0,1,1,[1],1.0,1,1,[1],0.0,0.0,0.0,0,0.0
23,Fer_FCD01-02-03_20122021_4_20.jpg,92458429,2.0,2.0,1,3,"[1, 3]",2.0,2,4,"[1, 3]",0.0,0.0,0.0,0,0.0
24,Fer_FCD01-02-03_20122021_27_29.jpg,92458430,1.0,1.0,1,1,[1],1.0,17,17,"[1, 1, 1, 1, 1, 1, 1, 1, 1, 1, 1, 1, 1, 1, 1, 1, 1]",2.0,0.0,5.0,0,1.0
25,Fer_FCD01-02-03_20122021_20_20.jpg,92458431,3.0,3.0,3,3,[3],3.0,1,3,[3],0.0,0.0,0.0,0,0.0
26,Fer_FCD01-02-03_20122021_18_18.jpg,92458434,9.0,9.12,9,10,"[9, 10]",9.5,17,155,"[6, 7, 7, 7, 8, 8, 8, 9, 9, 9, 9, 10, 10, 10, 10, 11, 17]",12.0,0.0,5.0,0,4.0
27,Fer_FCD01-02-03_20122021_16_21.jpg,92458435,1.0,1.0,1,1,[1],1.0,1,1,[1],0.0,0.0,0.0,0,0.0
28,Fer_FCD01-02-03_20122021_11_28.jpg,92458436,1.0,1.12,1,1,[1],1.0,17,19,"[1, 1, 1, 1, 1, 1, 1, 1, 1, 1, 1, 1, 1, 1, 1, 1, 3]",1.0,0.0,5.0,0,7.0
29,Fer_FCD01-02-03_20122021_11_6.jpg,92458437,6.0,6.0,6,6,[6],6.0,1,6,[6],1.0,0.0,5.0,0,1.0
30,Fer_FCD01-02-03_20122021_43_34.jpg,92458439,2.0,2.25,2,2,[2],2.0,16,36,"[1, 1, 1, 2, 2, 2, 2, 2, 2, 2, 3, 3, 3, 3, 3, 4]",3.0,0.0,5.0,0,2.0
31,Fer_FCD01-02-03_20122021_62_11.jpg,92458440,1.0,1.0,1,1,[1],1.0,2,2,"[1, 1]",0.0,0.0,0.0,0,0.0
32,Fer_FCD01-02-03_20122021_30_31.jpg,92458441,5.0,5.22,4,4,[4],4.0,18,94,"[2, 3, 4, 4, 4, 4, 4, 4, 5, 5, 5, 6, 7, 7, 7, 7, 8, 8]",6.0,0.0,5.0,0,3.0
33,Fer_FCD01-02-03_20122021_30_19.jpg,92458444,2.0,1.88,1,1,[1],1.0,16,30,"[1, 1, 1, 1, 1, 1, 1, 2, 2, 2, 2, 2, 3, 3, 3, 4]",2.0,0.0,5.0,0,1.0
34,Fer_FCD01-02-03_20122021_48_29.jpg,92458447,2.0,2.0,2,2,[2],2.0,1,2,[2],0.0,0.0,0.0,0,0.0
35,Fer_FCD01-02-03_20122021_13_11.jpg,92458448,4.0,4.47,4,4,[4],4.0,17,76,"[3, 3, 4, 4, 4, 4, 4, 4, 4, 5, 5, 5, 5, 5, 5, 6, 6]",5.0,0.0,5.0,0,4.0
36,Fer_FCD01-02-03_20122021_14_18.jpg,92458452,20.0,23.07,1,20,"[1, 12, 20]",11.0,15,346,"[1, 1, 11, 12, 12, 17, 20, 20, 21, 24, 27, 41, 44, 46, 49]",27.0,0.0,5.0,0,51.0
37,Fer_FCD01-02-03_20122021_32_34.jpg,92458454,58.5,60.06,49,64,"[49, 64]",56.5,18,1081,"[5, 13, 43, 48, 49, 49, 50, 51, 53, 64, 64, 68, 72, 79, 88, 89, 90, 106]",77.0,0.0,5.0,0,186.0
38,Fer_FCD01-02-03_20122021_8_20.jpg,92458457,4.0,4.0,3,5,"[3, 5]",4.0,2,8,"[3, 5]",1.0,0.0,5.0,0,3.0
39,Fer_FCD01-02-03_20122021_56_15.jpg,92458459,1.0,1.0,1,1,[1],1.0,1,1,[1],0.0,0.0,0.0,0,0.0
40,Fer_FCD01-02-03_20122021_6_25.jpg,92458462,1.0,1.18,1,1,[1],1.0,17,20,"[1, 1, 1, 1, 1, 1, 1, 1, 1, 1, 1, 1, 1, 1, 1, 1, 4]",1.0,0.0,5.0,0,14.0
41,Fer_FCD01-02-03_20122021_22_19.jpg,92458465,31.0,33.11,25,40,"[25, 40]",32.5,19,629,"[1, 21, 23, 25, 25, 27, 28, 29, 30, 31, 32, 33, 39, 40, 40, 44, 46, 56, 59]",38.0,0.0,5.0,0,75.0
42,Fer_FCD01-02-03_20122021_58_12.jpg,92458467,6.0,5.64,8,8,[8],8.0,11,62,"[1, 2, 3, 4, 6, 6, 7, 8, 8, 8, 9]",7.0,0.0,5.0,0,11.0
43,Fer_FCD01-02-03_20122021_6_33.jpg,92458468,1.0,1.0,1,1,[1],1.0,15,15,"[1, 1, 1, 1, 1, 1, 1, 1, 1, 1, 1, 1, 1, 1, 1]",1.0,0.0,5.0,0,1.0
44,Fer_FCD01-02-03_20122021_8_22.jpg,92458470,2.0,1.63,2,2,[2],2.0,19,31,"[1, 1, 1, 1, 1, 1, 1, 2, 2, 2, 2, 2, 2, 2, 2, 2, 2, 2, 2]",2.0,0.0,5.0,0,0.0
45,Fer_FCD01-02-03_20122021_56_17.jpg,92458471,2.0,2.0,2,2,[2],2.0,1,2,[2],0.0,0.0,0.0,0,0.0
46,Fer_FCD01-02-03_20122021_10_42.jpg,92458472,1.0,1.0,1,1,[1],1.0,1,1,[1],0.0,0.0,0.0,0,0.0
47,Fer_FCD01-02-03_20122021_32_36.jpg,92458473,2.0,2.1,3,3,[3],3.0,10,21,"[1, 1, 1, 2, 2, 2, 3, 3, 3, 3]",2.0,0.0,5.0,0,0.0
48,Fer_FCD01-02-03_20122021_32_22.jpg,92458475,4.5,4.5,4,4,[4],4.0,18,81,"[2, 2, 4, 4, 4, 4, 4, 4, 4, 5, 5, 5, 5, 5, 6, 6, 6, 6]",5.0,0.0,5.0,0,0.0
49,Fer_FCD01-02-03_20122021_41_27.jpg,92458476,1.0,1.0,1,1,[1],1.0,1,1,[1],0.0,0.0,0.0,0,0.0
50,Fer_FCD01-02-03_20122021_2_43.jpg,92458477,24.0,23.78,11,35,"[11, 35]",23.0,18,428,"[1, 9, 11, 11, 16, 17, 21, 22, 23, 25, 27, 28, 30, 31, 35, 35, 42, 44]",33.0,0.0,5.0,0,18.0
51,Fer_FCD01-02-03_20122021_13_13.jpg,92458478,2.0,2.11,2,2,[2],2.0,18,38,"[1, 1, 1, 2, 2, 2, 2, 2, 2, 2, 2, 2, 2, 3, 3, 3, 3, 3]",3.0,0.0,5.0,0,0.0
52,Fer_FCD01-02-03_20122021_30_33.jpg,92458481,2.0,1.56,2,2,[2],2.0,16,25,"[1, 1, 1, 1, 1, 1, 1, 2, 2, 2, 2, 2, 2, 2, 2, 2]",2.0,0.0,5.0,0,0.0
53,Fer_FCD01-02-03_20122021_62_13.jpg,92458482,1.0,2.25,1,1,[1],1.0,8,18,"[1, 1, 1, 1, 1, 2, 3, 8]",1.0,0.0,5.0,0,13.0
54,Fer_FCD01-02-03_20122021_30_27.jpg,92458483,2.0,2.0,2,2,[2],2.0,1,2,[2],0.0,0.0,0.0,0,0.0
55,Fer_FCD01-02-03_20122021_43_36.jpg,92458484,6.0,6.0,6,6,[6],6.0,1,6,[6],1.0,0.0,5.0,0,1.0
56,Fer_FCD01-02-03_20122021_11_16.jpg,92458487,1.0,1.0,1,1,[1],1.0,1,1,[1],0.0,0.0,0.0,0,0.0
57,Fer_FCD01-02-03_20122021_11_17.jpg,92458498,2.0,2.76,2,2,[2],2.0,17,47,"[1, 1, 2, 2, 2, 2, 2, 2, 2, 2, 3, 3, 3, 3, 3, 3, 11]",4.0,0.0,5.0,0,1.0
58,Fer_FCD01-02-03_20122021_43_37.jpg,92458499,1.0,1.0,1,1,[1],1.0,5,5,"[1, 1, 1, 1, 1]",1.0,0.0,5.0,0,0.0
59,Fer_FCD01-02-03_20122021_62_12.jpg,92458500,3.0,3.57,3,3,[3],3.0,7,25,"[3, 3, 3, 3, 4, 4, 5]",4.0,0.0,5.0,0,1.0
60,Fer_FCD01-02-03_20122021_30_32.jpg,92458501,1.5,1.5,1,2,"[1, 2]",1.5,4,6,"[1, 1, 2, 2]",1.0,0.0,5.0,0,1.0
61,Fer_FCD01-02-03_20122021_13_12.jpg,92458503,3.5,3.7,3,4,"[3, 4]",3.5,20,74,"[1, 2, 2, 3, 3, 3, 3, 3, 3, 3, 4, 4, 4, 4, 4, 4, 4, 5, 5, 10]",6.0,0.0,5.0,0,8.0
62,Fer_FCD01-02-03_20122021_2_42.jpg,92458505,1.0,1.0,1,1,[1],1.0,2,2,"[1, 1]",0.0,0.0,0.0,0,0.0
63,Fer_FCD01-02-03_20122021_32_23.jpg,92458506,26.0,24.68,27,27,[27],27.0,19,469,"[18, 20, 21, 22, 22, 22, 23, 25, 25, 26, 26, 26, 27, 27, 27, 27, 28, 28, 29]",33.0,0.0,5.0,0,18.0
64,Fer_FCD01-02-03_20122021_32_37.jpg,92458508,2.0,2.0,2,2,[2],2.0,1,2,[2],0.0,0.0,0.0,0,0.0
65,Fer_FCD01-02-03_20122021_56_16.jpg,92458509,3.0,3.0,3,3,[3],3.0,18,54,"[3, 3, 3, 3, 3, 3, 3, 3, 3, 3, 3, 3, 3, 3, 3, 3, 3, 3]",1.0,0.0,5.0,0,11.0
66,Fer_FCD01-02-03_20122021_8_23.jpg,92458511,8.0,7.5,9,9,[9],9.0,18,135,"[1, 5, 6, 6, 6, 7, 8, 8, 8, 8, 9, 9, 9, 9, 9, 9, 9, 9]",9.0,0.0,5.0,0,0.0
67,Fer_FCD01-02-03_20122021_51_23.jpg,92458512,1.0,1.0,1,1,[1],1.0,1,1,[1],0.0,0.0,0.0,0,0.0
68,Fer_FCD01-02-03_20122021_58_13.jpg,92458513,1.5,2.0,1,1,[1],1.0,6,12,"[1, 1, 1, 2, 3, 4]",1.0,0.0,5.0,0,7.0
69,Fer_FCD01-02-03_20122021_70_16.jpg,92458518,1.0,1.0,1,1,[1],1.0,1,1,[1],0.0,0.0,0.0,0,0.0
70,Fer_FCD01-02-03_20122021_78_9.jpg,92458519,4.0,4.0,4,4,[4],4.0,1,4,[4],0.0,0.0,0.0,0,0.0
71,Fer_FCD01-02-03_20122021_76_6.jpg,92458522,25.0,24.17,24,24,[24],24.0,18,435,"[5, 14, 18, 20, 20, 23, 24, 24, 24, 26, 26, 27, 28, 28, 30, 30, 34, 34]",29.0,0.0,5.0,0,44.0
72,Fer_FCD01-02-03_20122021_32_33.jpg,92458526,59.0,58.06,56,56,[56],56.0,18,1045,"[17, 23, 35, 45, 49, 51, 53, 56, 56, 62, 63, 65, 68, 69, 74, 79, 85, 95]",75.0,0.0,5.0,0,187.0
73,Fer_FCD01-02-03_20122021_60_13.jpg,92458527,1.0,1.0,1,1,[1],1.0,1,1,[1],0.0,0.0,0.0,0,0.0
74,Fer_FCD01-02-03_20122021_41_36.jpg,92458529,2.0,1.75,2,2,[2],2.0,20,35,"[1, 1, 1, 1, 1, 1, 1, 2, 2, 2, 2, 2, 2, 2, 2, 2, 2, 2, 3, 3]",2.0,0.0,5.0,0,2.0
75,Fer_FCD01-02-03_20122021_13_16.jpg,92458531,4.0,3.65,1,1,[1],1.0,17,62,"[1, 1, 1, 1, 1, 1, 2, 3, 4, 4, 5, 5, 6, 6, 6, 7, 8]",6.0,0.0,5.0,0,2.0
76,Fer_FCD01-02-03_20122021_30_22.jpg,92458534,4.0,3.62,4,4,[4],4.0,16,58,"[1, 1, 2, 2, 2, 2, 4, 4, 4, 4, 4, 5, 5, 5, 6, 7]",6.0,0.0,5.0,0,0.0
77,Fer_FCD01-02-03_20122021_11_13.jpg,92458535,3.0,3.0,3,3,[3],3.0,1,3,[3],0.0,0.0,0.0,0,0.0
78,Fer_FCD01-02-03_20122021_72_13.jpg,92458536,1.5,2.31,1,1,[1],1.0,16,37,"[1, 1, 1, 1, 1, 1, 1, 1, 2, 2, 2, 2, 3, 4, 6, 8]",3.0,0.0,5.0,0,6.0
79,Fer_FCD01-02-03_20122021_29_17.jpg,92458537,5.0,4.59,5,5,[5],5.0,17,78,"[3, 4, 4, 4, 4, 4, 5, 5, 5, 5, 5, 5, 5, 5, 5, 5, 5]",6.0,0.0,5.0,0,0.0
80,Fer_FCD01-02-03_20122021_53_23.jpg,92458543,1.0,1.44,1,1,[1],1.0,18,26,"[1, 1, 1, 1, 1, 1, 1, 1, 1, 1, 1, 1, 1, 1, 2, 2, 3, 5]",2.0,0.0,5.0,0,1.0
81,Fer_FCD01-02-03_20122021_54_16.jpg,92458545,1.5,1.5,1,2,"[1, 2]",1.5,2,3,"[1, 2]",0.0,0.0,0.0,0,0.0
82,Fer_FCD01-02-03_20122021_72_12.jpg,92458547,2.0,2.44,1,1,[1],1.0,9,22,"[1, 1, 1, 2, 2, 3, 3, 4, 5]",2.0,0.0,5.0,0,2.0
83,Fer_FCD01-02-03_20122021_30_23.jpg,92458550,6.0,6.8,6,6,[6],6.0,15,102,"[1, 2, 5, 5, 6, 6, 6, 6, 7, 7, 7, 8, 9, 10, 17]",8.0,0.0,5.0,0,9.0
84,Fer_FCD01-02-03_20122021_13_17.jpg,92458554,1.0,1.33,1,1,[1],1.0,3,4,"[1, 1, 2]",0.0,0.0,0.0,0,0.0
85,Fer_FCD01-02-03_20122021_41_37.jpg,92458555,3.0,3.31,2,3,"[2, 3]",2.5,13,43,"[1, 2, 2, 2, 2, 3, 3, 3, 3, 4, 4, 5, 9]",4.0,0.0,5.0,0,1.0
86,Fer_FCD01-02-03_20122021_32_32.jpg,92458557,11.0,9.19,5,5,[5],5.0,16,147,"[2, 2, 3, 5, 5, 5, 5, 10, 12, 12, 12, 13, 14, 14, 16, 17]",11.0,0.0,5.0,0,4.0
87,Fer_FCD01-02-03_20122021_51_26.jpg,92458558,1.0,1.15,1,1,[1],1.0,13,15,"[1, 1, 1, 1, 1, 1, 1, 1, 1, 1, 1, 2, 2]",1.0,0.0,5.0,0,10.0
88,Fer_FCD01-02-03_20122021_6_23.jpg,92458559,3.0,3.0,3,3,[3],3.0,19,57,"[1, 2, 2, 2, 2, 3, 3, 3, 3, 3, 3, 3, 3, 4, 4, 4, 4, 4, 4]",5.0,0.0,5.0,0,0.0
89,Fer_FCD01-02-03_20122021_76_7.jpg,92458560,5.0,5.0,5,5,[5],5.0,15,75,"[1, 1, 3, 4, 4, 5, 5, 5, 5, 6, 6, 7, 7, 8, 8]",6.0,0.0,5.0,0,7.0
90,Fer_FCD01-02-03_20122021_58_16.jpg,92458562,1.0,1.0,1,1,[1],1.0,9,9,"[1, 1, 1, 1, 1, 1, 1, 1, 1]",1.0,0.0,5.0,0,3.0
91,Fer_FCD01-02-03_20122021_56_13.jpg,92458564,1.0,1.0,1,1,[1],1.0,7,7,"[1, 1, 1, 1, 1, 1, 1]",1.0,0.0,5.0,0,1.0
92,Fer_FCD01-02-03_20122021_8_26.jpg,92458565,1.0,3.56,1,1,[1],1.0,16,57,"[1, 1, 1, 1, 1, 1, 1, 1, 1, 1, 2, 3, 3, 3, 4, 32]",2.0,0.0,5.0,0,0.0
93,Fer_FCD01-02-03_20122021_78_8.jpg,92458566,1.0,1.0,1,1,[1],1.0,1,1,[1],0.0,0.0,0.0,0,0.0
94,Fer_FCD01-02-03_20122021_36_42.jpg,92458567,1.0,1.0,1,1,[1],1.0,4,4,"[1, 1, 1, 1]",0.0,0.0,0.0,0,0.0
95,Fer_FCD01-02-03_20122021_36_40.jpg,92458570,20.0,19.16,21,21,[21],21.0,19,364,"[9, 11, 17, 17, 17, 18, 18, 19, 19, 20, 21, 21, 21, 21, 21, 22, 24, 24, 24]",27.0,0.0,5.0,0,31.0
96,Fer_FCD01-02-03_20122021_25_28.jpg,92458571,1.0,1.5,1,1,[1],1.0,18,27,"[1, 1, 1, 1, 1, 1, 1, 1, 1, 1, 2, 2, 2, 2, 2, 2, 2, 3]",2.0,0.0,5.0,0,0.0
97,Fer_FCD01-02-03_20122021_22_21.jpg,92458572,1.0,1.0,1,1,[1],1.0,1,1,[1],0.0,0.0,0.0,0,0.0
98,Fer_FCD01-02-03_20122021_8_24.jpg,92458574,50.0,52.0,41,63,"[41, 63]",52.0,18,936,"[17, 23, 40, 41, 41, 44, 46, 47, 48, 52, 53, 59, 63, 63, 65, 75, 79, 80]",70.0,0.0,5.0,0,43.0
99,Fer_FCD01-02-03_20122021_6_21.jpg,92458575,1.0,1.0,1,1,[1],1.0,1,1,[1],0.0,0.0,0.0,0,0.0
100,Fer_FCD01-02-03_20122021_51_24.jpg,92458576,1.0,1.0,1,1,[1],1.0,1,1,[1],0.0,0.0,0.0,0,0.0
101,Fer_FCD01-02-03_20122021_58_14.jpg,92458577,1.0,1.0,1,1,[1],1.0,8,8,"[1, 1, 1, 1, 1, 1, 1, 1]",1.0,0.0,5.0,0,3.0
102,Fer_FCD01-02-03_20122021_8_18.jpg,92458580,10.0,10.0,10,10,[10],10.0,1,10,[10],1.0,0.0,5.0,0,5.0
103,Fer_FCD01-02-03_20122021_6_35.jpg,92458581,1.5,1.5,1,2,"[1, 2]",1.5,2,3,"[1, 2]",0.0,0.0,0.0,0,0.0
104,Fer_FCD01-02-03_20122021_32_24.jpg,92458582,42.0,40.61,23,51,"[23, 40, 44, 51]",39.5,18,731,"[23, 23, 28, 34, 38, 39, 40, 40, 41, 43, 44, 44, 45, 46, 48, 51, 51, 53]",50.0,0.0,5.0,0,28.0
105,Fer_FCD01-02-03_20122021_32_30.jpg,92458583,1.0,1.0,1,1,[1],1.0,4,4,"[1, 1, 1, 1]",0.0,0.0,0.0,0,0.0
106,Fer_FCD01-02-03_20122021_35_39.jpg,92458584,54.0,51.26,48,58,"[48, 49, 55, 58]",52.5,19,974,"[17, 32, 41, 48, 48, 49, 49, 52, 53, 54, 55, 55, 56, 57, 58, 58, 59, 63, 70]",62.0,0.0,5.0,0,79.0
107,Fer_FCD01-02-03_20122021_32_18.jpg,92458585,7.0,6.67,6,7,"[6, 7]",6.5,18,120,"[5, 5, 6, 6, 6, 6, 6, 6, 7, 7, 7, 7, 7, 7, 8, 8, 8, 8]",7.0,0.0,5.0,0,7.0
108,Fer_FCD01-02-03_20122021_14_20.jpg,92458586,1.0,1.73,1,1,[1],1.0,11,19,"[1, 1, 1, 1, 1, 1, 1, 1, 2, 4, 5]",2.0,0.0,5.0,0,0.0
109,Fer_FCD01-02-03_20122021_2_45.jpg,92458588,1.0,1.0,1,1,[1],1.0,1,1,[1],0.0,0.0,0.0,0,0.0
110,Fer_FCD01-02-03_20122021_74_7.jpg,92458590,4.0,4.0,4,4,[4],4.0,1,4,[4],0.0,0.0,0.0,0,0.0
111,Fer_FCD01-02-03_20122021_30_21.jpg,92458591,1.0,1.33,1,1,[1],1.0,12,16,"[1, 1, 1, 1, 1, 1, 1, 1, 2, 2, 2, 2]",2.0,0.0,5.0,0,0.0
112,Fer_FCD01-02-03_20122021_30_35.jpg,92458592,1.0,1.0,1,1,[1],1.0,1,1,[1],0.0,0.0,0.0,0,0.0
113,Fer_FCD01-02-03_20122021_62_15.jpg,92458593,3.0,2.64,3,3,[3],3.0,14,37,"[1, 1, 2, 3, 3, 3, 3, 3, 3, 3, 3, 3, 3, 3]",3.0,0.0,5.0,0,0.0
114,Fer_FCD01-02-03_20122021_72_10.jpg,92458600,1.0,1.0,1,1,[1],1.0,1,1,[1],0.0,0.0,0.0,0,0.0
115,Fer_FCD01-02-03_20122021_29_28.jpg,92458601,1.0,1.0,1,1,[1],1.0,17,17,"[1, 1, 1, 1, 1, 1, 1, 1, 1, 1, 1, 1, 1, 1, 1, 1, 1]",1.0,0.0,5.0,0,11.0
116,Fer_FCD01-02-03_20122021_20_18.jpg,92458602,6.0,5.5,6,6,[6],6.0,12,66,"[2, 5, 5, 5, 5, 6, 6, 6, 6, 6, 7, 7]",6.0,0.0,5.0,0,6.0
117,Fer_FCD01-02-03_20122021_54_28.jpg,92458605,2.0,2.0,2,2,[2],2.0,1,2,[2],0.0,0.0,0.0,0,0.0
118,Fer_FCD01-02-03_20122021_4_24.jpg,92458606,1.0,1.22,1,1,[1],1.0,18,22,"[1, 1, 1, 1, 1, 1, 1, 1, 1, 1, 1, 1, 1, 1, 1, 1, 3, 3]",2.0,0.0,5.0,0,5.0
119,Fer_FCD01-02-03_20122021_53_21.jpg,92458607,1.0,1.0,1,1,[1],1.0,9,9,"[1, 1, 1, 1, 1, 1, 1, 1, 1]",1.0,0.0,5.0,0,2.0
120,Fer_FCD01-02-03_20122021_53_20.jpg,92458610,1.5,1.5,1,2,"[1, 2]",1.5,2,3,"[1, 2]",0.0,0.0,0.0,0,0.0
121,Fer_FCD01-02-03_20122021_4_25.jpg,92458611,1.0,1.0,1,1,[1],1.0,12,12,"[1, 1, 1, 1, 1, 1, 1, 1, 1, 1, 1, 1]",1.0,0.0,5.0,0,5.0
122,Fer_FCD01-02-03_20122021_12_40.jpg,92458612,1.0,1.0,1,1,[1],1.0,2,2,"[1, 1]",0.0,0.0,0.0,0,0.0
123,Fer_FCD01-02-03_20122021_54_15.jpg,92458613,2.0,2.0,2,2,[2],2.0,1,2,[2],0.0,0.0,0.0,0,0.0
124,Fer_FCD01-02-03_20122021_20_19.jpg,92458615,4.5,4.25,1,7,"[1, 4, 5, 7]",4.25,4,17,"[1, 4, 5, 7]",1.0,0.0,5.0,0,12.0
125,Fer_FCD01-02-03_20122021_44_38.jpg,92458620,2.0,2.0,2,2,[2],2.0,1,2,[2],0.0,0.0,0.0,0,0.0
126,Fer_FCD01-02-03_20122021_16_18.jpg,92458622,5.0,5.28,3,6,"[3, 5, 6]",4.666666666666667,18,95,"[3, 3, 3, 3, 4, 4, 5, 5, 5, 5, 6, 6, 6, 6, 7, 7, 8, 9]",6.0,0.0,5.0,0,3.0
127,Fer_FCD01-02-03_20122021_39_38.jpg,92458624,1.5,1.5,1,2,"[1, 2]",1.5,2,3,"[1, 2]",0.0,0.0,0.0,0,0.0
128,Fer_FCD01-02-03_20122021_62_14.jpg,92458625,1.0,1.0,1,1,[1],1.0,1,1,[1],0.0,0.0,0.0,0,0.0
129,Fer_FCD01-02-03_20122021_30_34.jpg,92458626,1.0,1.33,1,1,[1],1.0,6,8,"[1, 1, 1, 1, 1, 3]",1.0,0.0,5.0,0,3.0
130,Fer_FCD01-02-03_20122021_30_20.jpg,92458627,19.5,19.38,16,24,"[16, 24]",20.0,16,310,"[12, 13, 14, 15, 16, 16, 18, 19, 20, 21, 22, 23, 24, 24, 26, 27]",22.0,0.0,5.0,0,19.0
131,Fer_FCD01-02-03_20122021_74_6.jpg,92458628,1.0,1.19,1,1,[1],1.0,16,19,"[1, 1, 1, 1, 1, 1, 1, 1, 1, 1, 1, 1, 1, 1, 2, 3]",2.0,0.0,5.0,0,5.0
132,Fer_FCD01-02-03_20122021_46_29.jpg,92458629,2.5,3.0,2,5,"[2, 5]",3.5,6,18,"[1, 2, 2, 3, 5, 5]",1.0,0.0,5.0,0,13.0
133,Fer_FCD01-02-03_20122021_14_21.jpg,92458632,1.0,1.4,1,1,[1],1.0,5,7,"[1, 1, 1, 1, 3]",1.0,0.0,5.0,0,2.0
134,Fer_FCD01-02-03_20122021_13_28.jpg,92458633,11.0,11.0,11,11,[11],11.0,1,11,[11],1.0,0.0,5.0,0,6.0
135,Fer_FCD01-02-03_20122021_32_31.jpg,92458635,2.0,3.4,1,1,[1],1.0,20,68,"[1, 1, 1, 1, 1, 1, 2, 2, 2, 2, 2, 3, 4, 4, 5, 6, 7, 7, 8, 8]",6.0,0.0,5.0,0,0.0
136,Fer_FCD01-02-03_20122021_35_38.jpg,92458636,10.0,10.26,11,11,[11],11.0,19,195,"[5, 6, 6, 7, 8, 8, 9, 9, 10, 10, 11, 11, 11, 11, 12, 14, 14, 16, 17]",15.0,0.0,5.0,0,21.0
137,Fer_FCD01-02-03_20122021_58_15.jpg,92458638,20.0,20.0,20,20,[20],20.0,1,20,[20],1.0,0.0,5.0,0,12.0
138,Fer_FCD01-02-03_20122021_6_34.jpg,92458639,1.0,1.11,1,1,[1],1.0,9,10,"[1, 1, 1, 1, 1, 1, 1, 1, 2]",1.0,0.0,5.0,0,5.0
139,Fer_FCD01-02-03_20122021_51_31.jpg,92458641,2.0,2.0,2,2,[2],2.0,1,2,[2],0.0,0.0,0.0,0,0.0
140,Fer_FCD01-02-03_20122021_51_25.jpg,92458642,1.0,1.0,1,1,[1],1.0,1,1,[1],0.0,0.0,0.0,0,0.0
141,Fer_FCD01-02-03_20122021_8_25.jpg,92458644,35.0,33.11,45,45,[45],45.0,19,629,"[2, 6, 7, 21, 27, 29, 29, 30, 34, 35, 37, 40, 41, 45, 45, 45, 48, 49, 59]",44.0,0.0,5.0,0,61.0
142,Fer_FCD01-02-03_20122021_22_20.jpg,92458646,1.0,1.0,1,1,[1],1.0,1,1,[1],0.0,0.0,0.0,0,0.0
143,Fer_FCD01-02-03_20122021_70_14.jpg,92458647,4.0,4.0,4,4,[4],4.0,1,4,[4],0.0,0.0,0.0,0,0.0
144,Fer_FCD01-02-03_20122021_36_32.jpg,92458650,3.0,3.0,3,3,[3],3.0,1,3,[3],0.0,0.0,0.0,0,0.0
145,Fer_FCD01-02-03_20122021_17_17.jpg,92458652,48.5,42.12,39,57,"[39, 49, 53, 57]",49.5,16,674,"[4, 12, 28, 38, 39, 39, 42, 48, 49, 49, 51, 53, 53, 55, 57, 57]",47.0,0.0,5.0,0,54.0
146,Fer_FCD01-02-03_20122021_45_37.jpg,92458653,1.0,1.14,1,1,[1],1.0,14,16,"[1, 1, 1, 1, 1, 1, 1, 1, 1, 1, 1, 1, 1, 3]",1.0,0.0,5.0,0,4.0
147,Fer_FCD01-02-03_20122021_10_22.jpg,92458655,5.0,5.72,5,5,[5],5.0,18,103,"[1, 1, 3, 4, 4, 4, 5, 5, 5, 5, 6, 6, 7, 7, 7, 10, 11, 12]",7.0,0.0,5.0,0,8.0
148,Fer_FCD01-02-03_20122021_8_42.jpg,92458656,1.0,1.0,1,1,[1],1.0,1,1,[1],0.0,0.0,0.0,0,0.0
149,Fer_FCD01-02-03_20122021_28_26.jpg,92458657,13.0,11.56,13,13,[13],13.0,16,185,"[3, 5, 6, 7, 9, 9, 10, 13, 13, 13, 14, 14, 15, 17, 17, 20]",13.0,0.0,5.0,0,29.0
150,Fer_FCD01-02-03_20122021_28_32.jpg,92458658,1.0,1.0,1,1,[1],1.0,2,2,"[1, 1]",0.0,0.0,0.0,0,0.0
151,Fer_FCD01-02-03_20122021_55_26.jpg,92458662,2.0,2.0,2,2,[2],2.0,1,2,[2],0.0,0.0,0.0,0,0.0
152,Fer_FCD01-02-03_20122021_73_7.jpg,92458663,1.0,1.94,1,1,[1],1.0,16,31,"[1, 1, 1, 1, 1, 1, 1, 1, 1, 1, 1, 1, 2, 3, 6, 8]",2.0,0.0,5.0,0,8.0
153,Fer_FCD01-02-03_20122021_88_1.jpg,92458665,1.0,1.0,1,1,[1],1.0,15,15,"[1, 1, 1, 1, 1, 1, 1, 1, 1, 1, 1, 1, 1, 1, 1]",1.0,0.0,5.0,0,10.0
154,Fer_FCD01-02-03_20122021_9_16.jpg,92458667,2.0,2.0,2,2,[2],2.0,4,8,"[2, 2, 2, 2]",1.0,0.0,5.0,0,3.0
155,Fer_FCD01-02-03_20122021_68_12.jpg,92458668,1.0,1.0,1,1,[1],1.0,15,15,"[1, 1, 1, 1, 1, 1, 1, 1, 1, 1, 1, 1, 1, 1, 1]",1.0,0.0,5.0,0,10.0
156,Fer_FCD01-02-03_20122021_66_17.jpg,92458670,1.0,1.06,1,1,[1],1.0,18,19,"[1, 1, 1, 1, 1, 1, 1, 1, 1, 1, 1, 1, 1, 1, 1, 1, 1, 2]",1.0,0.0,5.0,0,5.0
157,Fer_FCD01-02-03_20122021_34_37.jpg,92458671,1.0,1.0,1,1,[1],1.0,9,9,"[1, 1, 1, 1, 1, 1, 1, 1, 1]",1.0,0.0,5.0,0,4.0
158,Fer_FCD01-02-03_20122021_15_12.jpg,92458672,1.0,1.0,1,1,[1],1.0,2,2,"[1, 1]",0.0,0.0,0.0,0,0.0
159,Fer_FCD01-02-03_20122021_47_32.jpg,92458673,6.0,5.6,5,5,[5],5.0,15,84,"[1, 3, 5, 5, 5, 5, 5, 6, 6, 6, 6, 7, 8, 8, 8]",7.0,0.0,5.0,0,6.0
160,Fer_FCD01-02-03_20122021_47_26.jpg,92458674,1.0,1.0,1,1,[1],1.0,8,8,"[1, 1, 1, 1, 1, 1, 1, 1]",1.0,0.0,5.0,0,3.0
161,Fer_FCD01-02-03_20122021_12_27.jpg,92458675,2.0,1.79,2,2,[2],2.0,14,25,"[1, 1, 1, 2, 2, 2, 2, 2, 2, 2, 2, 2, 2, 2]",2.0,0.0,5.0,0,0.0
162,Fer_FCD01-02-03_20122021_49_23.jpg,92458676,1.0,1.1,1,1,[1],1.0,10,11,"[1, 1, 1, 1, 1, 1, 1, 1, 1, 2]",1.0,0.0,5.0,0,6.0
163,Fer_FCD01-02-03_20122021_49_36.jpg,92458678,8.0,8.0,8,8,[8],8.0,1,8,[8],1.0,0.0,5.0,0,3.0
164,Fer_FCD01-02-03_20122021_12_26.jpg,92458680,2.0,2.16,2,2,[2],2.0,19,41,"[2, 2, 2, 2, 2, 2, 2, 2, 2, 2, 2, 2, 2, 2, 2, 2, 3, 3, 3]",2.0,0.0,5.0,0,3.0
165,Fer_FCD01-02-03_20122021_47_27.jpg,92458681,11.0,10.29,11,11,[11],11.0,17,175,"[6, 7, 8, 8, 9, 10, 11, 11, 11, 11, 11, 11, 11, 12, 12, 13, 13]",15.0,0.0,5.0,0,7.0
166,Fer_FCD01-02-03_20122021_47_33.jpg,92458682,28.5,27.78,28,30,"[28, 30]",29.0,18,500,"[15, 18, 20, 24, 26, 26, 28, 28, 28, 29, 30, 30, 30, 31, 31, 33, 36, 37]",33.0,0.0,5.0,0,53.0
167,Fer_FCD01-02-03_20122021_15_13.jpg,92458683,1.0,1.0,1,1,[1],1.0,19,19,"[1, 1, 1, 1, 1, 1, 1, 1, 1, 1, 1, 1, 1, 1, 1, 1, 1, 1, 1]",1.0,0.0,5.0,0,12.0
168,Fer_FCD01-02-03_20122021_34_36.jpg,92458684,2.0,1.81,2,2,[2],2.0,16,29,"[1, 1, 1, 2, 2, 2, 2, 2, 2, 2, 2, 2, 2, 2, 2, 2]",2.0,0.0,5.0,0,0.0
169,Fer_FCD01-02-03_20122021_66_16.jpg,92458685,1.0,1.0,1,1,[1],1.0,2,2,"[1, 1]",0.0,0.0,0.0,0,0.0
170,Fer_FCD01-02-03_20122021_34_22.jpg,92458686,2.0,1.94,2,2,[2],2.0,16,31,"[1, 2, 2, 2, 2, 2, 2, 2, 2, 2, 2, 2, 2, 2, 2, 2]",2.0,0.0,5.0,0,0.0
171,Fer_FCD01-02-03_20122021_88_0.jpg,92458690,1.0,1.0,1,1,[1],1.0,1,1,[1],0.0,0.0,0.0,0,0.0
172,Fer_FCD01-02-03_20122021_80_9.jpg,92458691,1.0,1.0,1,1,[1],1.0,1,1,[1],0.0,0.0,0.0,0,0.0
173,Fer_FCD01-02-03_20122021_21_17.jpg,92458695,4.0,4.44,4,4,[4],4.0,18,80,"[4, 4, 4, 4, 4, 4, 4, 4, 4, 4, 4, 5, 5, 5, 5, 5, 5, 6]",5.0,0.0,5.0,0,7.0
174,Fer_FCD01-02-03_20122021_28_27.jpg,92458696,9.0,8.82,9,9,[9],9.0,17,150,"[5, 6, 6, 6, 6, 7, 8, 8, 9, 9, 9, 9, 9, 11, 11, 14, 17]",11.0,0.0,5.0,0,40.0
175,Fer_FCD01-02-03_20122021_10_37.jpg,92458697,17.0,17.0,17,17,[17],17.0,1,17,[17],1.0,0.0,5.0,0,12.0
176,Fer_FCD01-02-03_20122021_10_23.jpg,92458699,56.0,52.31,1,107,"[1, 8, 12, 36, 38, 40, 41, 53, 59, 63, 65, 69, 75, 80, 90, 107]",52.3125,16,837,"[1, 8, 12, 36, 38, 40, 41, 53, 59, 63, 65, 69, 75, 80, 90, 107]",59.0,0.0,5.0,0,69.0
177,Fer_FCD01-02-03_20122021_6_46.jpg,92458700,3.0,3.33,3,3,[3],3.0,18,60,"[3, 3, 3, 3, 3, 3, 3, 3, 3, 3, 3, 3, 3, 3, 3, 3, 4, 8]",3.0,0.0,5.0,0,9.0
178,Fer_FCD01-02-03_20122021_45_36.jpg,92458701,2.0,1.75,2,2,[2],2.0,12,21,"[1, 1, 1, 2, 2, 2, 2, 2, 2, 2, 2, 2]",2.0,0.0,5.0,0,0.0
179,Fer_FCD01-02-03_20122021_17_16.jpg,92458702,4.0,3.59,3,5,"[3, 4, 5]",4.0,17,61,"[1, 2, 2, 2, 3, 3, 3, 3, 4, 4, 4, 4, 5, 5, 5, 5, 6]",4.0,0.0,5.0,0,6.0
180,Fer_FCD01-02-03_20122021_36_33.jpg,92458704,1.0,1.0,1,1,[1],1.0,2,2,"[1, 1]",0.0,0.0,0.0,0,0.0
181,Fer_FCD01-02-03_20122021_64_11.jpg,92458706,3.0,2.94,3,3,[3],3.0,18,53,"[1, 1, 2, 2, 2, 3, 3, 3, 3, 3, 3, 3, 3, 3, 3, 4, 5, 6]",3.0,0.0,5.0,0,6.0
182,Fer_FCD01-02-03_20122021_36_31.jpg,92458707,69.0,69.0,69,69,[69],69.0,1,69,[69],1.0,0.0,5.0,0,24.0
183,Fer_FCD01-02-03_20122021_45_34.jpg,92458712,4.0,4.11,3,3,[3],3.0,19,78,"[2, 2, 2, 2, 3, 3, 3, 3, 3, 4, 4, 5, 5, 5, 6, 6, 6, 7, 7]",6.0,0.0,5.0,0,1.0
184,Fer_FCD01-02-03_20122021_6_44.jpg,92458713,25.0,24.12,25,28,"[25, 28]",26.5,17,410,"[1, 23, 23, 24, 24, 24, 25, 25, 25, 25, 26, 26, 27, 28, 28, 28, 28]",35.0,0.0,5.0,0,22.0
185,Fer_FCD01-02-03_20122021_8_41.jpg,92458714,2.0,2.0,2,2,[2],2.0,1,2,[2],0.0,0.0,0.0,0,0.0
186,Fer_FCD01-02-03_20122021_10_21.jpg,92458715,3.0,2.91,4,4,[4],4.0,11,32,"[1, 2, 2, 2, 3, 3, 3, 4, 4, 4, 4]",3.0,0.0,5.0,0,5.0
187,Fer_FCD01-02-03_20122021_28_25.jpg,92458718,25.0,24.82,22,22,[22],22.0,17,422,"[10, 11, 14, 19, 22, 22, 22, 22, 25, 25, 28, 30, 31, 32, 32, 37, 40]",36.0,0.0,5.0,0,60.0
188,Fer_FCD01-02-03_20122021_26_20.jpg,92458719,3.0,4.25,3,3,[3],3.0,4,17,"[2, 3, 3, 9]",1.0,0.0,5.0,0,11.0
189,Fer_FCD01-02-03_20122021_28_19.jpg,92458721,6.0,6.12,6,6,[6],6.0,8,49,"[5, 5, 6, 6, 6, 6, 7, 8]",5.0,0.0,5.0,0,0.0
190,Fer_FCD01-02-03_20122021_55_19.jpg,92458723,2.0,2.0,2,2,[2],2.0,1,2,[2],0.0,0.0,0.0,0,0.0
191,Fer_FCD01-02-03_20122021_88_2.jpg,92458725,1.0,1.0,1,1,[1],1.0,13,13,"[1, 1, 1, 1, 1, 1, 1, 1, 1, 1, 1, 1, 1]",1.0,0.0,5.0,0,8.0
192,Fer_FCD01-02-03_20122021_50_29.jpg,92458729,1.0,1.11,1,1,[1],1.0,9,10,"[1, 1, 1, 1, 1, 1, 1, 1, 2]",1.0,0.0,5.0,0,5.0
193,Fer_FCD01-02-03_20122021_57_20.jpg,92458730,1.0,1.42,1,1,[1],1.0,12,17,"[1, 1, 1, 1, 1, 1, 1, 1, 2, 2, 2, 3]",1.0,0.0,5.0,0,12.0
194,Fer_FCD01-02-03_20122021_66_14.jpg,92458732,1.0,1.0,1,1,[1],1.0,10,10,"[1, 1, 1, 1, 1, 1, 1, 1, 1, 1]",1.0,0.0,5.0,0,5.0
195,Fer_FCD01-02-03_20122021_34_34.jpg,92458733,1.0,1.3,1,1,[1],1.0,20,26,"[1, 1, 1, 1, 1, 1, 1, 1, 1, 1, 1, 1, 1, 1, 1, 2, 2, 2, 2, 3]",2.0,0.0,5.0,0,0.0
196,Fer_FCD01-02-03_20122021_47_25.jpg,92458734,1.0,1.0,1,1,[1],1.0,1,1,[1],0.0,0.0,0.0,0,0.0
197,Fer_FCD01-02-03_20122021_40_38.jpg,92458736,1.0,1.71,1,1,[1],1.0,7,12,"[1, 1, 1, 1, 2, 3, 3]",1.0,0.0,5.0,0,7.0
198,Fer_FCD01-02-03_20122021_12_18.jpg,92458737,9.0,8.62,9,9,[9],9.0,16,138,"[4, 7, 7, 8, 8, 8, 9, 9, 9, 9, 9, 9, 10, 10, 10, 12]",10.0,0.0,5.0,0,17.0
199,Fer_FCD01-02-03_20122021_12_30.jpg,92458738,1.0,1.18,1,1,[1],1.0,17,20,"[1, 1, 1, 1, 1, 1, 1, 1, 1, 1, 1, 1, 1, 1, 1, 2, 3]",1.0,0.0,5.0,0,4.0
200,Fer_FCD01-02-03_20122021_12_24.jpg,92458740,2.0,2.0,2,2,[2],2.0,6,12,"[1, 1, 2, 2, 2, 4]",1.0,0.0,5.0,0,7.0
201,Fer_FCD01-02-03_20122021_12_25.jpg,92458741,1.0,1.0,1,1,[1],1.0,6,6,"[1, 1, 1, 1, 1, 1]",1.0,0.0,5.0,0,0.0
202,Fer_FCD01-02-03_20122021_49_35.jpg,92458743,1.0,1.0,1,1,[1],1.0,1,1,[1],0.0,0.0,0.0,0,0.0
203,Fer_FCD01-02-03_20122021_12_19.jpg,92458745,5.5,7.2,3,3,[3],3.0,10,72,"[3, 3, 3, 3, 4, 7, 7, 10, 15, 17]",6.0,0.0,5.0,0,7.0
204,Fer_FCD01-02-03_20122021_34_35.jpg,92458748,1.0,1.2,1,1,[1],1.0,15,18,"[1, 1, 1, 1, 1, 1, 1, 1, 1, 1, 1, 1, 1, 1, 4]",1.0,0.0,5.0,0,12.0
205,Fer_FCD01-02-03_20122021_66_15.jpg,92458749,3.0,2.71,3,3,[3],3.0,17,46,"[1, 2, 2, 2, 3, 3, 3, 3, 3, 3, 3, 3, 3, 3, 3, 3, 3]",3.0,0.0,5.0,0,3.0
206,Fer_FCD01-02-03_20122021_68_10.jpg,92458750,1.0,4.33,1,1,[1],1.0,3,13,"[1, 1, 11]",1.0,0.0,5.0,0,1.0
207,Fer_FCD01-02-03_20122021_9_28.jpg,92458752,1.0,1.17,1,1,[1],1.0,6,7,"[1, 1, 1, 1, 1, 2]",1.0,0.0,5.0,0,2.0
208,Fer_FCD01-02-03_20122021_50_28.jpg,92458753,4.0,4.0,4,4,[4],4.0,1,4,[4],0.0,0.0,0.0,0,0.0
209,Fer_FCD01-02-03_20122021_76_10.jpg,92458758,1.0,1.0,1,1,[1],1.0,1,1,[1],0.0,0.0,0.0,0,0.0
210,Fer_FCD01-02-03_20122021_88_3.jpg,92458759,1.0,1.53,1,1,[1],1.0,15,23,"[1, 1, 1, 1, 1, 1, 1, 1, 1, 1, 1, 1, 2, 2, 7]",1.0,0.0,5.0,0,17.0
211,Fer_FCD01-02-03_20122021_24_18.jpg,92458760,2.0,3.79,2,2,[2],2.0,19,72,"[2, 2, 2, 2, 2, 2, 2, 2, 2, 2, 3, 4, 5, 5, 6, 7, 7, 7, 8]",6.0,0.0,5.0,0,1.0
212,Fer_FCD01-02-03_20122021_55_18.jpg,92458761,1.0,1.0,1,1,[1],1.0,2,2,"[1, 1]",0.0,0.0,0.0,0,0.0
213,Fer_FCD01-02-03_20122021_55_24.jpg,92458762,1.0,1.29,1,1,[1],1.0,7,9,"[1, 1, 1, 1, 1, 1, 3]",1.0,0.0,5.0,0,3.0
214,Fer_FCD01-02-03_20122021_28_18.jpg,92458763,1.0,1.69,1,1,[1],1.0,16,27,"[1, 1, 1, 1, 1, 1, 1, 1, 1, 1, 1, 1, 1, 2, 4, 8]",3.0,0.0,5.0,0,6.0
215,Fer_FCD01-02-03_20122021_26_21.jpg,92458765,1.0,1.0,1,1,[1],1.0,16,16,"[1, 1, 1, 1, 1, 1, 1, 1, 1, 1, 1, 1, 1, 1, 1, 1]",1.0,0.0,5.0,0,10.0
216,Fer_FCD01-02-03_20122021_6_45.jpg,92458771,1.0,1.29,1,1,[1],1.0,17,22,"[1, 1, 1, 1, 1, 1, 1, 1, 1, 1, 1, 1, 1, 2, 2, 2, 3]",1.0,0.0,5.0,0,17.0
217,Fer_FCD01-02-03_20122021_45_35.jpg,92458772,2.0,1.6,2,2,[2],2.0,5,8,"[1, 1, 2, 2, 2]",1.0,0.0,5.0,0,3.0
218,Fer_FCD01-02-03_20122021_17_15.jpg,92458773,4.0,4.22,3,3,[3],3.0,18,76,"[1, 3, 3, 3, 3, 3, 3, 3, 4, 4, 4, 4, 5, 5, 6, 6, 7, 9]",7.0,0.0,5.0,0,14.0
219,Fer_FCD01-02-03_20122021_64_10.jpg,92458775,7.0,7.0,7,7,[7],7.0,1,7,[7],1.0,0.0,5.0,0,2.0
220,Fer_FCD01-02-03_20122021_64_14.jpg,92458778,2.0,1.94,2,2,[2],2.0,16,31,"[1, 1, 2, 2, 2, 2, 2, 2, 2, 2, 2, 2, 2, 2, 2, 3]",2.0,0.0,5.0,0,0.0
221,Fer_FCD01-02-03_20122021_36_34.jpg,92458779,12.0,12.0,12,12,[12],12.0,1,12,[12],1.0,0.0,5.0,0,7.0
222,Fer_FCD01-02-03_20122021_31_29.jpg,92458780,4.0,3.82,4,4,[4],4.0,17,65,"[2, 3, 3, 3, 4, 4, 4, 4, 4, 4, 4, 4, 4, 4, 4, 5, 5]",4.0,0.0,5.0,0,0.0
223,Fer_FCD01-02-03_20122021_38_31.jpg,92458781,1.0,1.0,1,1,[1],1.0,4,4,"[1, 1, 1, 1]",0.0,0.0,0.0,0,0.0
224,Fer_FCD01-02-03_20122021_8_44.jpg,92458783,9.0,9.0,9,9,[9],9.0,1,9,[9],1.0,0.0,5.0,0,4.0
225,Fer_FCD01-02-03_20122021_10_24.jpg,92458784,21.0,21.15,21,21,[21],21.0,20,423,"[12, 13, 13, 15, 19, 20, 21, 21, 21, 21, 21, 22, 23, 24, 25, 26, 26, 26, 27, 27]",29.0,0.0,5.0,0,45.0
226,Fer_FCD01-02-03_20122021_10_18.jpg,92458786,1.0,1.0,1,1,[1],1.0,1,1,[1],0.0,0.0,0.0,0,0.0
227,Fer_FCD01-02-03_20122021_74_11.jpg,92458788,2.0,2.25,2,2,[2],2.0,4,9,"[1, 2, 2, 4]",1.0,0.0,5.0,0,4.0
228,Fer_FCD01-02-03_20122021_26_19.jpg,92458789,3.0,2.88,2,2,[2],2.0,17,49,"[2, 2, 2, 2, 2, 2, 2, 2, 3, 3, 3, 3, 3, 3, 4, 5, 6]",3.0,0.0,5.0,0,3.0
229,Fer_FCD01-02-03_20122021_28_34.jpg,92458790,1.0,1.14,1,1,[1],1.0,7,8,"[1, 1, 1, 1, 1, 1, 2]",1.0,0.0,5.0,0,3.0
230,Fer_FCD01-02-03_20122021_28_20.jpg,92458791,10.0,20.73,1,22,"[1, 22]",11.5,11,228,"[1, 1, 2, 3, 6, 10, 11, 22, 22, 42, 108]",16.0,0.0,5.0,0,35.0
231,Fer_FCD01-02-03_20122021_55_20.jpg,92458793,3.0,2.46,3,3,[3],3.0,13,32,"[1, 1, 1, 1, 3, 3, 3, 3, 3, 3, 3, 3, 4]",3.0,0.0,5.0,0,0.0
232,Fer_FCD01-02-03_20122021_24_20.jpg,92458794,1.0,1.0,1,1,[1],1.0,9,9,"[1, 1, 1, 1, 1, 1, 1, 1, 1]",1.0,0.0,5.0,0,4.0
233,Fer_FCD01-02-03_20122021_23_15.jpg,92458795,2.0,2.67,1,5,"[1, 2, 5]",2.6666666666666665,3,8,"[1, 2, 5]",1.0,0.0,5.0,0,3.0
234,Fer_FCD01-02-03_20122021_57_19.jpg,92458798,1.0,1.0,1,1,[1],1.0,1,1,[1],0.0,0.0,0.0,0,0.0
235,Fer_FCD01-02-03_20122021_75_7.jpg,92458800,7.0,8.46,1,1,[1],1.0,13,110,"[1, 1, 1, 1, 2, 6, 7, 7, 8, 12, 17, 21, 26]",10.0,0.0,5.0,0,18.0
236,Fer_FCD01-02-03_20122021_66_11.jpg,92458801,6.0,6.0,6,6,[6],6.0,1,6,[6],1.0,0.0,5.0,0,1.0
237,Fer_FCD01-02-03_20122021_12_21.jpg,92458807,3.0,2.67,3,3,[3],3.0,3,8,"[2, 3, 3]",1.0,0.0,5.0,0,3.0
238,Fer_FCD01-02-03_20122021_49_25.jpg,92458808,1.0,1.21,1,1,[1],1.0,14,17,"[1, 1, 1, 1, 1, 1, 1, 1, 1, 1, 1, 2, 2, 2]",1.0,0.0,5.0,0,4.0
239,Fer_FCD01-02-03_20122021_77_5.jpg,92458810,1.0,1.0,1,1,[1],1.0,18,18,"[1, 1, 1, 1, 1, 1, 1, 1, 1, 1, 1, 1, 1, 1, 1, 1, 1, 1]",1.0,0.0,5.0,0,4.0
240,Fer_FCD01-02-03_20122021_15_14.jpg,92458812,77.0,76.45,78,86,"[78, 85, 86]",83.0,20,1529,"[62, 65, 67, 68, 69, 70, 72, 73, 74, 76, 78, 78, 79, 83, 84, 85, 85, 86, 86, 89]",101.0,0.0,5.0,0,140.0
241,Fer_FCD01-02-03_20122021_47_34.jpg,92458813,2.0,1.94,2,2,[2],2.0,16,31,"[1, 2, 2, 2, 2, 2, 2, 2, 2, 2, 2, 2, 2, 2, 2, 2]",2.0,0.0,5.0,0,2.0
242,Fer_FCD01-02-03_20122021_4_44.jpg,92458815,63.0,60.26,66,66,[66],66.0,19,1145,"[36, 38, 40, 43, 54, 57, 60, 61, 62, 63, 66, 66, 66, 67, 68, 69, 72, 75, 82]",67.0,0.0,5.0,0,129.0
243,Fer_FCD01-02-03_20122021_4_45.jpg,92458816,10.0,9.5,12,12,[12],12.0,16,152,"[2, 6, 6, 8, 9, 9, 9, 10, 10, 11, 11, 12, 12, 12, 12, 13]",11.0,0.0,5.0,0,7.0
244,Fer_FCD01-02-03_20122021_47_35.jpg,92458817,1.0,1.0,1,1,[1],1.0,1,1,[1],0.0,0.0,0.0,0,0.0
245,Fer_FCD01-02-03_20122021_15_15.jpg,92458818,22.0,22.65,30,30,[30],30.0,17,385,"[8, 9, 10, 10, 15, 15, 20, 21, 22, 26, 30, 30, 30, 32, 32, 35, 40]",28.0,0.0,5.0,0,27.0
246,Fer_FCD01-02-03_20122021_40_28.jpg,92458819,2.0,2.4,2,2,[2],2.0,5,12,"[1, 2, 2, 3, 4]",1.0,0.0,5.0,0,7.0
247,Fer_FCD01-02-03_20122021_12_20.jpg,92458820,11.5,11.0,1,5,"[1, 5]",3.0,16,176,"[1, 1, 2, 3, 5, 5, 10, 11, 12, 13, 15, 16, 17, 19, 22, 24]",15.0,0.0,5.0,0,4.0
248,Fer_FCD01-02-03_20122021_15_29.jpg,92458821,4.0,4.0,4,4,[4],4.0,1,4,[4],0.0,0.0,0.0,0,0.0
249,Fer_FCD01-02-03_20122021_12_34.jpg,92458825,10.0,10.0,10,10,[10],10.0,1,10,[10],1.0,0.0,5.0,0,5.0
250,Fer_FCD01-02-03_20122021_33_39.jpg,92458828,1.0,1.0,1,1,[1],1.0,2,2,"[1, 1]",0.0,0.0,0.0,0,0.0
251,Fer_FCD01-02-03_20122021_75_6.jpg,92458829,5.0,5.0,5,5,[5],5.0,1,5,[5],1.0,0.0,5.0,0,0.0
252,Fer_FCD01-02-03_20122021_57_18.jpg,92458830,1.0,1.0,1,1,[1],1.0,12,12,"[1, 1, 1, 1, 1, 1, 1, 1, 1, 1, 1, 1]",1.0,0.0,5.0,0,6.0
253,Fer_FCD01-02-03_20122021_7_14.jpg,92458832,1.0,1.0,1,1,[1],1.0,1,1,[1],0.0,0.0,0.0,0,0.0
254,Fer_FCD01-02-03_20122021_52_28.jpg,92458836,1.0,1.0,1,1,[1],1.0,3,3,"[1, 1, 1]",0.0,0.0,0.0,0,0.0
255,Fer_FCD01-02-03_20122021_41_40.jpg,92458838,1.0,1.0,1,1,[1],1.0,1,1,[1],0.0,0.0,0.0,0,0.0
256,Fer_FCD01-02-03_20122021_26_18.jpg,92458840,3.0,3.0,3,3,[3],3.0,1,3,[3],0.0,0.0,0.0,0,0.0
257,Fer_FCD01-02-03_20122021_74_10.jpg,92458841,1.0,2.71,1,1,[1],1.0,17,46,"[1, 1, 1, 1, 1, 1, 1, 1, 1, 2, 2, 3, 3, 3, 4, 7, 13]",4.0,0.0,5.0,0,5.0
258,Fer_FCD01-02-03_20122021_10_19.jpg,92458843,1.0,1.0,1,1,[1],1.0,16,16,"[1, 1, 1, 1, 1, 1, 1, 1, 1, 1, 1, 1, 1, 1, 1, 1]",1.0,0.0,5.0,0,11.0
259,Fer_FCD01-02-03_20122021_10_25.jpg,92458845,1.0,1.0,1,1,[1],1.0,11,11,"[1, 1, 1, 1, 1, 1, 1, 1, 1, 1, 1]",1.0,0.0,5.0,0,6.0
260,Fer_FCD01-02-03_20122021_19_15.jpg,92458847,1.0,1.0,1,1,[1],1.0,1,1,[1],0.0,0.0,0.0,0,0.0
261,Fer_FCD01-02-03_20122021_36_35.jpg,92458850,2.0,1.56,2,2,[2],2.0,9,14,"[1, 1, 1, 1, 2, 2, 2, 2, 2]",2.0,0.0,5.0,0,0.0
262,Fer_FCD01-02-03_20122021_64_17.jpg,92458852,2.0,2.0,2,2,[2],2.0,1,2,[2],0.0,0.0,0.0,0,0.0
263,Fer_FCD01-02-03_20122021_36_37.jpg,92458853,1.0,1.4,1,1,[1],1.0,10,14,"[1, 1, 1, 1, 1, 1, 2, 2, 2, 2]",1.0,0.0,5.0,0,9.0
264,Fer_FCD01-02-03_20122021_10_27.jpg,92458854,39.0,38.5,42,47,"[42, 47]",44.5,20,770,"[17, 19, 20, 21, 24, 29, 31, 33, 35, 36, 42, 42, 43, 45, 47, 47, 48, 51, 61, 79]",51.0,0.0,5.0,0,93.0
265,Fer_FCD01-02-03_20122021_19_17.jpg,92458855,7.0,6.94,7,7,[7],7.0,17,118,"[4, 5, 5, 6, 6, 6, 7, 7, 7, 7, 7, 8, 8, 8, 8, 9, 10]",6.0,0.0,5.0,0,8.0
266,Fer_FCD01-02-03_20122021_17_12.jpg,92458857,2.0,2.17,2,2,[2],2.0,12,26,"[2, 2, 2, 2, 2, 2, 2, 2, 2, 2, 3, 3]",2.0,0.0,5.0,0,2.0
267,Fer_FCD01-02-03_20122021_45_26.jpg,92458858,1.0,1.08,1,1,[1],1.0,13,14,"[1, 1, 1, 1, 1, 1, 1, 1, 1, 1, 1, 1, 2]",1.0,0.0,5.0,0,9.0
268,Fer_FCD01-02-03_20122021_26_26.jpg,92458860,1.0,1.0,1,1,[1],1.0,1,1,[1],0.0,0.0,0.0,0,0.0
269,Fer_FCD01-02-03_20122021_28_23.jpg,92458861,3.0,3.0,1,5,"[1, 5]",3.0,2,6,"[1, 5]",1.0,0.0,5.0,0,1.0
270,Fer_FCD01-02-03_20122021_55_23.jpg,92458862,4.5,5.2,4,4,[4],4.0,10,52,"[3, 3, 4, 4, 4, 5, 5, 7, 7, 10]",4.0,0.0,5.0,0,4.0
271,Fer_FCD01-02-03_20122021_66_12.jpg,92458868,4.0,4.0,4,4,[4],4.0,1,4,[4],0.0,0.0,0.0,0,0.0
272,Fer_FCD01-02-03_20122021_68_17.jpg,92458869,6.0,6.0,2,10,"[2, 10]",6.0,2,12,"[2, 10]",1.0,0.0,5.0,0,7.0
273,Fer_FCD01-02-03_20122021_79_9.jpg,92458870,1.0,1.0,1,1,[1],1.0,7,7,"[1, 1, 1, 1, 1, 1, 1]",1.0,0.0,5.0,0,2.0
274,Fer_FCD01-02-03_20122021_49_26.jpg,92458871,1.0,1.53,1,1,[1],1.0,17,26,"[1, 1, 1, 1, 1, 1, 1, 1, 1, 2, 2, 2, 2, 2, 2, 2, 3]",2.0,0.0,5.0,0,1.0
275,Fer_FCD01-02-03_20122021_12_22.jpg,92458872,2.0,2.0,2,2,[2],2.0,8,16,"[1, 1, 2, 2, 2, 2, 2, 4]",2.0,0.0,5.0,0,1.0
276,Fer_FCD01-02-03_20122021_49_32.jpg,92458874,30.0,28.89,31,31,[31],31.0,19,549,"[22, 24, 24, 26, 26, 27, 28, 28, 29, 30, 30, 30, 31, 31, 31, 31, 32, 33, 36]",30.0,0.0,5.0,0,27.0
277,Fer_FCD01-02-03_20122021_15_17.jpg,92458875,16.0,14.37,11,21,"[11, 13, 16, 17, 18, 19, 21]",16.428571428571427,19,273,"[2, 7, 8, 11, 11, 12, 13, 13, 14, 16, 16, 17, 17, 18, 18, 19, 19, 21, 21]",19.0,0.0,5.0,0,18.0
278,Fer_FCD01-02-03_20122021_4_47.jpg,92458876,2.0,2.0,2,2,[2],2.0,1,2,[2],0.0,0.0,0.0,0,0.0
279,Fer_FCD01-02-03_20122021_77_6.jpg,92458877,21.0,19.68,21,21,[21],21.0,19,374,"[6, 11, 13, 15, 17, 18, 18, 20, 21, 21, 21, 21, 22, 22, 23, 23, 24, 29, 29]",23.0,0.0,5.0,0,14.0
280,Fer_FCD01-02-03_20122021_15_16.jpg,92458880,11.0,11.47,8,8,[8],8.0,15,172,"[3, 5, 8, 8, 8, 9, 10, 11, 12, 13, 14, 15, 16, 18, 22]",11.0,0.0,5.0,0,12.0
281,Fer_FCD01-02-03_20122021_77_7.jpg,92458881,5.0,5.8,5,5,[5],5.0,15,87,"[3, 4, 4, 4, 5, 5, 5, 5, 5, 5, 6, 6, 7, 7, 16]",6.0,0.0,5.0,0,1.0
282,Fer_FCD01-02-03_20122021_49_33.jpg,92458883,14.0,13.67,14,14,[14],14.0,18,246,"[9, 11, 12, 12, 12, 13, 13, 13, 14, 14, 14, 14, 14, 14, 14, 15, 15, 23]",14.0,0.0,5.0,0,9.0
283,Fer_FCD01-02-03_20122021_68_16.jpg,92458887,1.0,1.0,1,1,[1],1.0,2,2,"[1, 1]",0.0,0.0,0.0,0,0.0
284,Fer_FCD01-02-03_20122021_23_17.jpg,92458891,21.5,20.0,22,22,[22],22.0,18,360,"[2, 14, 15, 17, 18, 20, 20, 21, 21, 22, 22, 22, 22, 23, 23, 25, 26, 27]",25.0,0.0,5.0,0,28.0
285,Fer_FCD01-02-03_20122021_55_22.jpg,92458894,11.0,11.65,9,10,"[9, 10]",9.5,20,233,"[6, 7, 7, 9, 9, 9, 10, 10, 10, 11, 11, 12, 12, 13, 14, 14, 16, 17, 17, 19]",18.0,0.0,5.0,0,16.0
286,Fer_FCD01-02-03_20122021_26_27.jpg,92458896,1.0,1.0,1,1,[1],1.0,1,1,[1],0.0,0.0,0.0,0,0.0
287,Fer_FCD01-02-03_20122021_6_43.jpg,92458898,1.0,1.0,1,1,[1],1.0,1,1,[1],0.0,0.0,0.0,0,0.0
288,Fer_FCD01-02-03_20122021_45_33.jpg,92458899,5.0,5.12,3,3,[3],3.0,17,87,"[2, 3, 3, 3, 3, 4, 4, 4, 5, 5, 5, 6, 6, 6, 7, 9, 12]",7.0,0.0,5.0,0,12.0
289,Fer_FCD01-02-03_20122021_19_16.jpg,92458902,3.0,3.17,3,3,[3],3.0,18,57,"[2, 3, 3, 3, 3, 3, 3, 3, 3, 3, 3, 3, 3, 3, 4, 4, 4, 4]",5.0,0.0,5.0,0,4.0
290,Fer_FCD01-02-03_20122021_10_26.jpg,92458903,6.0,5.72,5,6,"[5, 6]",5.5,18,103,"[4, 4, 5, 5, 5, 5, 5, 5, 6, 6, 6, 6, 6, 6, 7, 7, 7, 8]",7.0,0.0,5.0,0,0.0
291,Fer_FCD01-02-03_20122021_63_12.jpg,92458907,4.0,4.67,4,7,"[4, 7]",5.5,9,42,"[1, 2, 3, 4, 4, 5, 7, 7, 9]",5.0,0.0,5.0,0,1.0
292,Fer_FCD01-02-03_20122021_31_32.jpg,92458908,13.0,14.58,1,22,"[1, 9, 12, 13, 18, 20, 22]",13.571428571428571,19,277,"[1, 1, 7, 9, 9, 11, 12, 12, 13, 13, 15, 17, 18, 18, 20, 20, 22, 22, 37]",20.0,0.0,5.0,0,30.0
293,Fer_FCD01-02-03_20122021_10_17.jpg,92458911,4.0,4.0,4,4,[4],4.0,17,68,"[4, 4, 4, 4, 4, 4, 4, 4, 4, 4, 4, 4, 4, 4, 4, 4, 4]",5.0,0.0,5.0,0,1.0
294,Fer_FCD01-02-03_20122021_21_23.jpg,92458913,5.0,5.0,5,5,[5],5.0,1,5,[5],1.0,0.0,5.0,0,0.0
295,Fer_FCD01-02-03_20122021_35_42.jpg,92458914,13.0,12.56,13,13,[13],13.0,18,226,"[8, 11, 12, 12, 12, 13, 13, 13, 13, 13, 13, 13, 13, 13, 13, 13, 14, 14]",14.0,0.0,5.0,0,15.0
296,Fer_FCD01-02-03_20122021_52_26.jpg,92458916,1.0,1.94,1,1,[1],1.0,18,35,"[1, 1, 1, 1, 1, 1, 1, 1, 1, 1, 1, 1, 1, 1, 1, 1, 1, 18]",1.0,0.0,5.0,0,28.0
297,Fer_FCD01-02-03_20122021_39_42.jpg,92458919,1.0,1.0,1,1,[1],1.0,1,1,[1],0.0,0.0,0.0,0,0.0
298,Fer_FCD01-02-03_20122021_9_23.jpg,92458920,9.0,9.54,8,8,[8],8.0,13,124,"[2, 7, 8, 8, 8, 8, 9, 10, 11, 11, 11, 14, 17]",11.0,0.0,5.0,0,8.0
299,Fer_FCD01-02-03_20122021_57_16.jpg,92458922,1.0,1.5,1,1,[1],1.0,12,18,"[1, 1, 1, 1, 1, 1, 1, 1, 1, 1, 1, 7]",1.0,0.0,5.0,0,13.0
300,Fer_FCD01-02-03_20122021_59_13.jpg,92458923,1.0,1.0,1,1,[1],1.0,1,1,[1],0.0,0.0,0.0,0,0.0
301,Fer_FCD01-02-03_20122021_50_23.jpg,92458924,1.0,1.0,1,1,[1],1.0,3,3,"[1, 1, 1]",0.0,0.0,0.0,0,0.0
302,Fer_FCD01-02-03_20122021_75_8.jpg,92458925,1.0,1.29,1,1,[1],1.0,17,22,"[1, 1, 1, 1, 1, 1, 1, 1, 1, 1, 1, 1, 1, 1, 1, 1, 6]",1.0,0.0,5.0,0,5.0
303,Fer_FCD01-02-03_20122021_61_17.jpg,92458927,5.0,5.0,5,5,[5],5.0,1,5,[5],1.0,0.0,5.0,0,0.0
304,Fer_FCD01-02-03_20122021_33_23.jpg,92458929,13.5,12.94,13,14,"[13, 14]",13.5,18,233,"[7, 7, 9, 9, 11, 12, 13, 13, 13, 14, 14, 14, 15, 15, 16, 16, 17, 18]",15.0,0.0,5.0,0,20.0
305,Fer_FCD01-02-03_20122021_79_5.jpg,92458930,18.0,16.65,18,18,[18],18.0,17,283,"[6, 10, 11, 12, 13, 13, 14, 17, 18, 18, 18, 19, 21, 22, 22, 24, 25]",19.0,0.0,5.0,0,10.0
306,Fer_FCD01-02-03_20122021_84_5.jpg,92458931,8.0,8.0,8,8,[8],8.0,1,8,[8],1.0,0.0,5.0,0,3.0
307,Fer_FCD01-02-03_20122021_3_43.jpg,92458933,5.0,4.94,5,5,[5],5.0,17,84,"[4, 4, 4, 4, 4, 5, 5, 5, 5, 5, 5, 5, 5, 5, 6, 6, 7]",7.0,0.0,5.0,0,5.0
308,Fer_FCD01-02-03_20122021_12_13.jpg,92458934,1.0,1.0,1,1,[1],1.0,1,1,[1],0.0,0.0,0.0,0,0.0
309,Fer_FCD01-02-03_20122021_79_4.jpg,92458936,2.5,2.5,2,3,"[2, 3]",2.5,2,5,"[2, 3]",1.0,0.0,5.0,0,0.0
310,Fer_FCD01-02-03_20122021_33_22.jpg,92458937,10.0,9.53,10,10,[10],10.0,17,162,"[4, 6, 6, 7, 8, 10, 10, 10, 10, 10, 11, 11, 11, 12, 12, 12, 12]",11.0,0.0,5.0,0,2.0
311,Fer_FCD01-02-03_20122021_59_12.jpg,92458942,6.0,7.29,11,11,[11],11.0,17,124,"[1, 3, 3, 4, 4, 4, 5, 6, 6, 9, 10, 10, 11, 11, 11, 11, 15]",10.0,0.0,5.0,0,16.0
312,Fer_FCD01-02-03_20122021_86_6.jpg,92458943,1.0,1.33,1,1,[1],1.0,9,12,"[1, 1, 1, 1, 1, 1, 1, 2, 3]",1.0,0.0,5.0,0,6.0
313,Fer_FCD01-02-03_20122021_57_17.jpg,92458945,1.0,1.0,1,1,[1],1.0,17,17,"[1, 1, 1, 1, 1, 1, 1, 1, 1, 1, 1, 1, 1, 1, 1, 1, 1]",1.0,0.0,5.0,0,11.0
314,Fer_FCD01-02-03_20122021_9_22.jpg,92458946,3.0,3.06,3,3,[3],3.0,18,55,"[1, 2, 2, 2, 3, 3, 3, 3, 3, 3, 3, 3, 4, 4, 4, 4, 4, 4]",3.0,0.0,5.0,0,0.0
315,Fer_FCD01-02-03_20122021_21_22.jpg,92458953,1.0,1.0,1,1,[1],1.0,2,2,"[1, 1]",0.0,0.0,0.0,0,0.0
316,Fer_FCD01-02-03_20122021_42_36.jpg,92458954,1.0,1.0,1,1,[1],1.0,2,2,"[1, 1]",0.0,0.0,0.0,0,0.0
317,Fer_FCD01-02-03_20122021_1_46.jpg,92458955,1.0,1.0,1,1,[1],1.0,1,1,[1],0.0,0.0,0.0,0,0.0
318,Fer_FCD01-02-03_20122021_10_16.jpg,92458956,2.0,1.72,2,2,[2],2.0,18,31,"[1, 1, 1, 1, 1, 2, 2, 2, 2, 2, 2, 2, 2, 2, 2, 2, 2, 2]",3.0,0.0,5.0,0,1.0
319,Fer_FCD01-02-03_20122021_31_27.jpg,92458958,1.0,1.0,1,1,[1],1.0,3,3,"[1, 1, 1]",0.0,0.0,0.0,0,0.0
320,Fer_FCD01-02-03_20122021_31_33.jpg,92458959,2.0,1.72,1,1,[1],1.0,18,31,"[1, 1, 1, 1, 1, 1, 1, 1, 2, 2, 2, 2, 2, 2, 2, 3, 3, 3]",2.0,0.0,5.0,0,2.0
321,Fer_FCD01-02-03_20122021_63_13.jpg,92458960,1.0,1.08,1,1,[1],1.0,12,13,"[1, 1, 1, 1, 1, 1, 1, 1, 1, 1, 1, 2]",1.0,0.0,5.0,0,8.0
322,Fer_FCD01-02-03_20122021_31_25.jpg,92458961,2.0,2.17,2,2,[2],2.0,18,39,"[2, 2, 2, 2, 2, 2, 2, 2, 2, 2, 2, 2, 2, 2, 2, 3, 3, 3]",2.0,0.0,5.0,0,2.0
323,Fer_FCD01-02-03_20122021_31_31.jpg,92458962,10.0,9.73,5,11,"[5, 11]",8.0,15,146,"[3, 5, 5, 5, 6, 9, 9, 10, 11, 11, 11, 12, 15, 16, 18]",14.0,0.0,5.0,0,16.0
324,Fer_FCD01-02-03_20122021_36_38.jpg,92458963,6.0,7.26,6,6,[6],6.0,19,138,"[3, 4, 4, 5, 5, 6, 6, 6, 6, 6, 8, 8, 8, 10, 10, 10, 11, 11, 11]",13.0,0.0,5.0,0,13.0
325,Fer_FCD01-02-03_20122021_31_19.jpg,92458965,8.0,7.78,8,8,[8],8.0,18,140,"[1, 7, 7, 7, 8, 8, 8, 8, 8, 8, 8, 8, 8, 9, 9, 9, 9, 10]",10.0,0.0,5.0,0,5.0
326,Fer_FCD01-02-03_20122021_38_29.jpg,92458966,1.0,1.07,1,1,[1],1.0,15,16,"[1, 1, 1, 1, 1, 1, 1, 1, 1, 1, 1, 1, 1, 1, 2]",1.0,0.0,5.0,0,11.0
327,Fer_FCD01-02-03_20122021_17_21.jpg,92458967,2.0,2.0,2,2,[2],2.0,1,2,[2],0.0,0.0,0.0,0,0.0
328,Fer_FCD01-02-03_20122021_19_18.jpg,92458969,2.0,2.0,2,2,[2],2.0,5,10,"[1, 2, 2, 2, 3]",1.0,0.0,5.0,0,5.0
329,Fer_FCD01-02-03_20122021_1_44.jpg,92458971,1.0,1.67,1,1,[1],1.0,6,10,"[1, 1, 1, 1, 1, 5]",1.0,0.0,5.0,0,5.0
330,Fer_FCD01-02-03_20122021_35_41.jpg,92458973,3.5,3.83,3,3,[3],3.0,18,69,"[3, 3, 3, 3, 3, 3, 3, 3, 3, 4, 4, 4, 4, 4, 5, 5, 6, 6]",6.0,0.0,5.0,0,6.0
331,Fer_FCD01-02-03_20122021_26_29.jpg,92458974,1.0,1.12,1,1,[1],1.0,16,18,"[1, 1, 1, 1, 1, 1, 1, 1, 1, 1, 1, 1, 1, 1, 1, 3]",1.0,0.0,5.0,0,4.0
332,Fer_FCD01-02-03_20122021_52_25.jpg,92458976,2.0,2.0,2,2,[2],2.0,1,2,[2],0.0,0.0,0.0,0,0.0
333,Fer_FCD01-02-03_20122021_71_11.jpg,92458979,2.0,2.0,2,2,[2],2.0,1,2,[2],0.0,0.0,0.0,0,0.0
334,Fer_FCD01-02-03_20122021_23_19.jpg,92458981,19.0,18.42,20,20,[20],20.0,19,350,"[8, 16, 17, 17, 17, 17, 18, 18, 18, 19, 19, 20, 20, 20, 20, 20, 22, 22, 22]",22.0,0.0,5.0,0,28.0
335,Fer_FCD01-02-03_20122021_7_19.jpg,92458984,1.0,1.0,1,1,[1],1.0,1,1,[1],0.0,0.0,0.0,0,0.0
336,Fer_FCD01-02-03_20122021_7_25.jpg,92458987,23.0,23.32,8,34,"[8, 23, 26, 34]",22.75,19,443,"[8, 8, 12, 13, 14, 17, 21, 22, 23, 23, 26, 26, 29, 30, 32, 34, 34, 35, 36]",33.0,0.0,5.0,0,50.0
337,Fer_FCD01-02-03_20122021_33_20.jpg,92458989,3.0,2.94,2,2,[2],2.0,16,47,"[2, 2, 2, 2, 2, 2, 2, 3, 3, 3, 3, 4, 4, 4, 4, 5]",2.0,0.0,5.0,0,1.0
338,Fer_FCD01-02-03_20122021_61_14.jpg,92458990,2.0,2.0,2,2,[2],2.0,1,2,[2],0.0,0.0,0.0,0,0.0
339,Fer_FCD01-02-03_20122021_33_34.jpg,92458991,15.5,14.5,17,17,[17],17.0,18,261,"[3, 5, 8, 8, 9, 12, 13, 15, 15, 16, 17, 17, 17, 17, 20, 20, 21, 28]",22.0,0.0,5.0,0,30.0
340,Fer_FCD01-02-03_20122021_79_6.jpg,92458992,39.0,36.84,43,43,[43],43.0,19,700,"[4, 16, 21, 22, 28, 29, 36, 37, 38, 39, 40, 42, 43, 43, 45, 47, 48, 60, 62]",51.0,0.0,5.0,0,28.0
341,Fer_FCD01-02-03_20122021_12_11.jpg,92458997,2.0,2.0,2,2,[2],2.0,1,2,[2],0.0,0.0,0.0,0,0.0
342,Fer_FCD01-02-03_20122021_15_18.jpg,92458999,8.0,7.65,6,6,[6],6.0,17,130,"[1, 1, 2, 3, 3, 6, 6, 6, 8, 8, 9, 10, 11, 12, 12, 14, 18]",11.0,0.0,5.0,0,3.0
343,Fer_FCD01-02-03_20122021_15_19.jpg,92459002,1.0,1.24,1,1,[1],1.0,17,21,"[1, 1, 1, 1, 1, 1, 1, 1, 1, 1, 1, 1, 1, 1, 1, 2, 4]",1.0,0.0,5.0,0,16.0
344,Fer_FCD01-02-03_20122021_49_28.jpg,92459005,1.0,1.0,1,1,[1],1.0,15,15,"[1, 1, 1, 1, 1, 1, 1, 1, 1, 1, 1, 1, 1, 1, 1]",1.0,0.0,5.0,0,10.0
345,Fer_FCD01-02-03_20122021_79_7.jpg,92459006,8.0,8.0,4,9,"[4, 7, 9]",6.666666666666667,10,80,"[4, 4, 5, 7, 7, 9, 9, 10, 11, 14]",7.0,0.0,5.0,0,12.0
346,Fer_FCD01-02-03_20122021_33_35.jpg,92459007,2.0,2.0,2,2,[2],2.0,13,26,"[1, 1, 1, 2, 2, 2, 2, 2, 2, 2, 2, 3, 4]",2.0,0.0,5.0,0,0.0
347,Fer_FCD01-02-03_20122021_33_21.jpg,92459009,8.0,7.16,8,8,[8],8.0,19,136,"[4, 5, 6, 6, 7, 7, 7, 7, 7, 8, 8, 8, 8, 8, 8, 8, 8, 8, 8]",9.0,0.0,5.0,0,13.0
348,Fer_FCD01-02-03_20122021_50_35.jpg,92459010,7.0,7.0,7,7,[7],7.0,1,7,[7],1.0,0.0,5.0,0,2.0
349,Fer_FCD01-02-03_20122021_7_24.jpg,92459013,16.5,16.5,20,20,[20],20.0,18,297,"[8, 10, 10, 11, 12, 13, 15, 16, 16, 17, 17, 20, 20, 20, 21, 21, 25, 25]",25.0,0.0,5.0,0,15.0
350,Fer_FCD01-02-03_20122021_57_14.jpg,92459015,1.0,1.0,1,1,[1],1.0,9,9,"[1, 1, 1, 1, 1, 1, 1, 1, 1]",1.0,0.0,5.0,0,4.0
351,Fer_FCD01-02-03_20122021_11_41.jpg,92459016,1.0,1.0,1,1,[1],1.0,1,1,[1],0.0,0.0,0.0,0,0.0
352,Fer_FCD01-02-03_20122021_7_18.jpg,92459019,1.0,1.0,1,1,[1],1.0,2,2,"[1, 1]",0.0,0.0,0.0,0,0.0
353,Fer_FCD01-02-03_20122021_23_18.jpg,92459020,92.0,92.17,92,92,[92],92.0,18,1659,"[62, 65, 73, 81, 85, 91, 91, 92, 92, 92, 93, 99, 99, 104, 105, 108, 113, 114]",101.0,0.0,5.0,0,195.0
354,Fer_FCD01-02-03_20122021_52_24.jpg,92459025,1.0,1.2,1,1,[1],1.0,20,24,"[1, 1, 1, 1, 1, 1, 1, 1, 1, 1, 1, 1, 1, 1, 1, 1, 1, 2, 2, 3]",1.0,0.0,5.0,0,19.0
355,Fer_FCD01-02-03_20122021_26_28.jpg,92459027,12.0,11.44,12,12,[12],12.0,18,206,"[1, 12, 12, 12, 12, 12, 12, 12, 12, 12, 12, 12, 12, 12, 12, 12, 12, 13]",12.0,0.0,5.0,0,10.0
356,Fer_FCD01-02-03_20122021_35_40.jpg,92459029,58.0,56.84,58,58,[58],58.0,19,1080,"[47, 49, 52, 54, 56, 56, 57, 57, 57, 58, 58, 58, 58, 59, 60, 60, 61, 61, 62]",68.0,0.0,5.0,0,79.0
357,Fer_FCD01-02-03_20122021_19_19.jpg,92459033,1.5,1.5,1,2,"[1, 2]",1.5,2,3,"[1, 2]",0.0,0.0,0.0,0,0.0
358,Fer_FCD01-02-03_20122021_17_20.jpg,92459034,1.0,1.0,1,1,[1],1.0,1,1,[1],0.0,0.0,0.0,0,0.0
359,Fer_FCD01-02-03_20122021_31_18.jpg,92459036,13.0,12.71,13,13,[13],13.0,17,216,"[7, 7, 11, 12, 12, 13, 13, 13, 13, 13, 13, 13, 14, 14, 15, 16, 17]",13.0,0.0,5.0,0,16.0
360,Fer_FCD01-02-03_20122021_31_30.jpg,92459037,1.0,1.22,1,1,[1],1.0,9,11,"[1, 1, 1, 1, 1, 1, 1, 1, 3]",1.0,0.0,5.0,0,6.0
361,Fer_FCD01-02-03_20122021_36_39.jpg,92459039,84.0,72.11,93,93,[93],93.0,19,1370,"[2, 11, 41, 52, 69, 73, 74, 79, 80, 84, 84, 85, 88, 89, 89, 91, 93, 93, 93]",89.0,0.0,5.0,0,101.0
362,Fer_FCD01-02-03_20122021_31_24.jpg,92459040,17.5,17.65,10,21,"[10, 14, 15, 17, 19, 20, 21]",16.571428571428573,20,353,"[10, 10, 11, 14, 14, 15, 15, 16, 17, 17, 18, 19, 19, 20, 20, 21, 21, 23, 25, 28]",22.0,0.0,5.0,0,17.0
363,Fer_FCD01-02-03_20122021_31_20.jpg,92459041,11.0,11.61,10,13,"[10, 11, 13]",11.333333333333334,18,209,"[6, 7, 8, 9, 10, 10, 10, 11, 11, 11, 12, 12, 13, 13, 13, 16, 17, 20]",15.0,0.0,5.0,0,10.0
364,Fer_FCD01-02-03_20122021_63_14.jpg,92459042,2.0,1.9,2,2,[2],2.0,10,19,"[1, 2, 2, 2, 2, 2, 2, 2, 2, 2]",2.0,0.0,5.0,0,0.0
365,Fer_FCD01-02-03_20122021_31_34.jpg,92459043,1.0,1.0,1,1,[1],1.0,1,1,[1],0.0,0.0,0.0,0,0.0
366,Fer_FCD01-02-03_20122021_12_9.jpg,92459047,1.0,1.06,1,1,[1],1.0,17,18,"[1, 1, 1, 1, 1, 1, 1, 1, 1, 1, 1, 1, 1, 1, 1, 1, 2]",1.0,0.0,5.0,0,11.0
367,Fer_FCD01-02-03_20122021_17_18.jpg,92459048,9.0,9.38,9,9,[9],9.0,16,150,"[3, 6, 7, 7, 8, 9, 9, 9, 9, 9, 10, 11, 12, 13, 13, 15]",10.0,0.0,5.0,0,0.0
368,Fer_FCD01-02-03_20122021_21_19.jpg,92459053,5.0,6.8,1,17,"[1, 2, 4, 17]",6.0,15,102,"[1, 1, 2, 2, 3, 4, 4, 5, 7, 8, 9, 10, 12, 17, 17]",8.0,0.0,5.0,0,11.0
369,Fer_FCD01-02-03_20122021_73_11.jpg,92459054,1.0,2.33,1,1,[1],1.0,3,7,"[1, 1, 5]",1.0,0.0,5.0,0,2.0
370,Fer_FCD01-02-03_20122021_5_25.jpg,92459056,1.0,1.0,1,1,[1],1.0,19,19,"[1, 1, 1, 1, 1, 1, 1, 1, 1, 1, 1, 1, 1, 1, 1, 1, 1, 1, 1]",1.0,0.0,5.0,0,14.0
371,Fer_FCD01-02-03_20122021_73_8.jpg,92459057,4.0,4.0,5,5,[5],5.0,9,36,"[2, 2, 3, 4, 4, 5, 5, 5, 6]",4.0,0.0,5.0,0,1.0
372,Fer_FCD01-02-03_20122021_55_15.jpg,92459059,4.0,4.0,4,4,[4],4.0,1,4,[4],0.0,0.0,0.0,0,0.0
373,Fer_FCD01-02-03_20122021_5_19.jpg,92459061,1.0,1.0,1,1,[1],1.0,1,1,[1],0.0,0.0,0.0,0,0.0
374,Fer_FCD01-02-03_20122021_71_14.jpg,92459064,2.0,1.88,2,2,[2],2.0,8,15,"[1, 2, 2, 2, 2, 2, 2, 2]",2.0,0.0,5.0,0,0.0
375,Fer_FCD01-02-03_20122021_23_20.jpg,92459065,2.5,2.5,1,4,"[1, 4]",2.5,2,5,"[1, 4]",1.0,0.0,5.0,0,0.0
376,Fer_FCD01-02-03_20122021_50_25.jpg,92459066,1.0,2.12,1,1,[1],1.0,8,17,"[1, 1, 1, 1, 1, 1, 2, 9]",2.0,0.0,5.0,0,7.0
377,Fer_FCD01-02-03_20122021_59_15.jpg,92459068,3.0,3.0,3,3,[3],3.0,1,3,[3],0.0,0.0,0.0,0,0.0
378,Fer_FCD01-02-03_20122021_9_19.jpg,92459069,1.0,1.0,1,1,[1],1.0,1,1,[1],0.0,0.0,0.0,0,0.0
379,Fer_FCD01-02-03_20122021_50_31.jpg,92459070,1.0,1.11,1,1,[1],1.0,18,20,"[1, 1, 1, 1, 1, 1, 1, 1, 1, 1, 1, 1, 1, 1, 1, 1, 2, 2]",1.0,0.0,5.0,0,4.0
380,Fer_FCD01-02-03_20122021_86_1.jpg,92459071,1.0,1.0,1,1,[1],1.0,17,17,"[1, 1, 1, 1, 1, 1, 1, 1, 1, 1, 1, 1, 1, 1, 1, 1, 1]",1.0,0.0,5.0,0,12.0
381,Fer_FCD01-02-03_20122021_11_45.jpg,92459072,1.0,1.0,1,1,[1],1.0,1,1,[1],0.0,0.0,0.0,0,0.0
382,Fer_FCD01-02-03_20122021_9_25.jpg,92459074,60.0,59.57,57,73,"[57, 73]",65.0,21,1251,"[11, 13, 21, 35, 37, 46, 49, 56, 57, 57, 60, 62, 64, 65, 70, 73, 73, 78, 81, 82, 161]",78.0,0.0,5.0,0,155.0
383,Fer_FCD01-02-03_20122021_79_3.jpg,92459075,1.0,1.0,1,1,[1],1.0,1,1,[1],0.0,0.0,0.0,0,0.0
384,Fer_FCD01-02-03_20122021_3_44.jpg,92459081,4.0,4.0,3,5,"[3, 5]",4.0,14,56,"[1, 2, 3, 3, 3, 3, 4, 4, 5, 5, 5, 5, 6, 7]",3.0,0.0,5.0,0,2.0
385,Fer_FCD01-02-03_20122021_47_29.jpg,92459082,5.0,4.8,6,6,[6],6.0,15,72,"[2, 3, 4, 4, 4, 4, 5, 5, 5, 6, 6, 6, 6, 6, 6]",6.0,0.0,5.0,0,3.0
386,Fer_FCD01-02-03_20122021_15_21.jpg,92459083,2.0,1.94,2,2,[2],2.0,17,33,"[1, 1, 2, 2, 2, 2, 2, 2, 2, 2, 2, 2, 2, 2, 2, 2, 3]",2.0,0.0,5.0,0,0.0
387,Fer_FCD01-02-03_20122021_12_28.jpg,92459086,1.0,1.0,1,1,[1],1.0,1,1,[1],0.0,0.0,0.0,0,0.0
388,Fer_FCD01-02-03_20122021_15_20.jpg,92459087,3.0,3.27,4,4,[4],4.0,15,49,"[1, 2, 2, 2, 3, 3, 3, 3, 4, 4, 4, 4, 4, 4, 6]",4.0,0.0,5.0,0,0.0
389,Fer_FCD01-02-03_20122021_12_29.jpg,92459088,1.0,1.0,1,1,[1],1.0,1,1,[1],0.0,0.0,0.0,0,0.0
390,Fer_FCD01-02-03_20122021_84_2.jpg,92459089,2.0,2.0,2,2,[2],2.0,1,2,[2],0.0,0.0,0.0,0,0.0
391,Fer_FCD01-02-03_20122021_47_28.jpg,92459090,1.0,1.0,1,1,[1],1.0,3,3,"[1, 1, 1]",0.0,0.0,0.0,0,0.0
392,Fer_FCD01-02-03_20122021_3_45.jpg,92459091,1.0,1.38,1,1,[1],1.0,8,11,"[1, 1, 1, 1, 1, 1, 2, 3]",1.0,0.0,5.0,0,6.0
393,Fer_FCD01-02-03_20122021_33_30.jpg,92459093,1.0,1.0,1,1,[1],1.0,1,1,[1],0.0,0.0,0.0,0,0.0
394,Fer_FCD01-02-03_20122021_34_39.jpg,92459094,8.0,8.43,8,8,[8],8.0,21,177,"[5, 6, 7, 7, 8, 8, 8, 8, 8, 8, 8, 9, 9, 9, 9, 9, 10, 10, 10, 10, 11]",10.0,0.0,5.0,0,4.0
395,Fer_FCD01-02-03_20122021_33_24.jpg,92459095,8.0,8.54,8,8,[8],8.0,13,111,"[6, 7, 7, 7, 7, 8, 8, 8, 8, 8, 9, 12, 16]",9.0,0.0,5.0,0,7.0
396,Fer_FCD01-02-03_20122021_9_24.jpg,92459096,51.0,52.21,42,53,"[42, 47, 53]",47.333333333333336,19,992,"[8, 25, 32, 36, 42, 42, 47, 47, 50, 51, 53, 53, 60, 63, 64, 67, 69, 76, 107]",68.0,0.0,5.0,0,72.0
397,Fer_FCD01-02-03_20122021_59_14.jpg,92459098,1.0,1.0,1,1,[1],1.0,11,11,"[1, 1, 1, 1, 1, 1, 1, 1, 1, 1, 1]",1.0,0.0,5.0,0,4.0
398,Fer_FCD01-02-03_20122021_9_18.jpg,92459100,2.0,2.0,2,2,[2],2.0,15,30,"[1, 1, 1, 1, 1, 2, 2, 2, 2, 2, 2, 3, 3, 3, 4]",3.0,0.0,5.0,0,1.0
399,Fer_FCD01-02-03_20122021_23_21.jpg,92459103,1.0,1.0,1,1,[1],1.0,3,3,"[1, 1, 1]",0.0,0.0,0.0,0,0.0
400,Fer_FCD01-02-03_20122021_80_6.jpg,92459106,2.0,2.71,2,2,[2],2.0,7,19,"[2, 2, 2, 2, 3, 4, 4]",2.0,0.0,5.0,0,5.0
401,Fer_FCD01-02-03_20122021_5_24.jpg,92459111,4.0,4.44,4,4,[4],4.0,18,80,"[3, 3, 3, 4, 4, 4, 4, 4, 4, 4, 4, 4, 4, 5, 6, 6, 7, 7]",7.0,0.0,5.0,0,12.0
402,Fer_FCD01-02-03_20122021_73_10.jpg,92459112,1.0,1.24,1,1,[1],1.0,17,21,"[1, 1, 1, 1, 1, 1, 1, 1, 1, 1, 1, 1, 1, 1, 1, 2, 4]",1.0,0.0,5.0,0,5.0
403,Fer_FCD01-02-03_20122021_21_18.jpg,92459113,3.0,3.21,3,4,"[3, 4]",3.5,14,45,"[1, 2, 2, 2, 3, 3, 3, 3, 4, 4, 4, 4, 5, 5]",4.0,0.0,5.0,0,0.0
404,Fer_FCD01-02-03_20122021_28_28.jpg,92459114,4.5,4.45,6,6,[6],6.0,20,89,"[1, 1, 1, 2, 3, 3, 4, 4, 4, 4, 5, 5, 6, 6, 6, 6, 6, 6, 7, 9]",6.0,0.0,5.0,0,5.0
405,Fer_FCD01-02-03_20122021_17_19.jpg,92459119,2.0,2.0,2,2,[2],2.0,1,2,[2],0.0,0.0,0.0,0,0.0
406,Fer_FCD01-02-03_20122021_45_39.jpg,92459121,1.0,1.0,1,1,[1],1.0,2,2,"[1, 1]",0.0,0.0,0.0,0,0.0
407,Fer_FCD01-02-03_20122021_31_35.jpg,92459122,22.0,22.79,28,28,[28],28.0,19,433,"[9, 12, 13, 13, 16, 18, 19, 19, 21, 22, 22, 24, 27, 28, 28, 28, 35, 36, 43]",28.0,0.0,5.0,0,36.0
408,Fer_FCD01-02-03_20122021_63_15.jpg,92459123,1.0,1.0,1,1,[1],1.0,10,10,"[1, 1, 1, 1, 1, 1, 1, 1, 1, 1]",1.0,0.0,5.0,0,5.0
409,Fer_FCD01-02-03_20122021_31_21.jpg,92459124,5.0,5.05,4,5,"[4, 5]",4.5,19,96,"[1, 2, 3, 3, 3, 4, 4, 4, 4, 5, 5, 5, 5, 6, 7, 7, 8, 10, 10]",8.0,0.0,5.0,0,6.0
410,Fer_FCD01-02-03_20122021_38_39.jpg,92459125,7.5,6.89,8,8,[8],8.0,18,124,"[5, 5, 5, 6, 6, 6, 6, 6, 7, 8, 8, 8, 8, 8, 8, 8, 8, 8]",8.0,0.0,5.0,0,5.0
411,Fer_FCD01-02-03_20122021_31_23.jpg,92459128,6.0,4.82,1,1,[1],1.0,11,53,"[1, 1, 1, 2, 3, 6, 7, 7, 8, 8, 9]",6.0,0.0,5.0,0,2.0
412,Fer_FCD01-02-03_20122021_71_9.jpg,92459129,1.0,1.6,1,1,[1],1.0,5,8,"[1, 1, 1, 2, 3]",1.0,0.0,5.0,0,3.0
413,Fer_FCD01-02-03_20122021_10_12.jpg,92459130,1.0,1.0,1,1,[1],1.0,1,1,[1],0.0,0.0,0.0,0,0.0
414,Fer_FCD01-02-03_20122021_1_42.jpg,92459131,3.0,4.33,3,3,[3],3.0,3,13,"[3, 3, 7]",1.0,0.0,5.0,0,8.0
415,Fer_FCD01-02-03_20122021_52_23.jpg,92459134,2.0,1.95,2,2,[2],2.0,19,37,"[1, 1, 1, 2, 2, 2, 2, 2, 2, 2, 2, 2, 2, 2, 2, 2, 2, 3, 3]",2.0,0.0,5.0,0,0.0
416,Fer_FCD01-02-03_20122021_80_4.jpg,92459135,15.0,19.12,8,8,[8],8.0,17,325,"[8, 8, 8, 9, 9, 10, 11, 12, 15, 19, 20, 21, 25, 32, 39, 39, 40]",27.0,0.0,5.0,0,20.0
417,Fer_FCD01-02-03_20122021_55_16.jpg,92459136,2.0,2.0,1,3,"[1, 3]",2.0,2,4,"[1, 3]",0.0,0.0,0.0,0,0.0
418,Fer_FCD01-02-03_20122021_50_32.jpg,92459138,3.0,2.67,3,3,[3],3.0,9,24,"[1, 1, 3, 3, 3, 3, 3, 3, 4]",3.0,0.0,5.0,0,0.0
419,Fer_FCD01-02-03_20122021_59_16.jpg,92459139,2.0,1.9,2,2,[2],2.0,20,38,"[1, 1, 1, 2, 2, 2, 2, 2, 2, 2, 2, 2, 2, 2, 2, 2, 2, 2, 2, 3]",2.0,0.0,5.0,0,0.0
420,Fer_FCD01-02-03_20122021_50_26.jpg,92459140,1.0,1.0,1,1,[1],1.0,17,17,"[1, 1, 1, 1, 1, 1, 1, 1, 1, 1, 1, 1, 1, 1, 1, 1, 1]",1.0,0.0,5.0,0,10.0
421,Fer_FCD01-02-03_20122021_7_23.jpg,92459141,6.0,5.53,6,6,[6],6.0,19,105,"[3, 4, 4, 5, 5, 6, 6, 6, 6, 6, 6, 6, 6, 6, 6, 6, 6, 6, 6]",7.0,0.0,5.0,0,3.0
422,Fer_FCD01-02-03_20122021_9_26.jpg,92459142,6.5,6.88,6,6,[6],6.0,8,55,"[4, 5, 6, 6, 7, 8, 9, 10]",4.0,0.0,5.0,0,8.0
423,Fer_FCD01-02-03_20122021_57_13.jpg,92459144,2.0,3.33,1,7,"[1, 2, 7]",3.3333333333333335,3,10,"[1, 2, 7]",1.0,0.0,5.0,0,5.0
424,Fer_FCD01-02-03_20122021_61_12.jpg,92459147,2.0,2.0,2,2,[2],2.0,1,2,[2],0.0,0.0,0.0,0,0.0
425,Fer_FCD01-02-03_20122021_33_32.jpg,92459148,7.0,7.61,7,7,[7],7.0,18,137,"[4, 4, 4, 5, 6, 6, 7, 7, 7, 7, 7, 8, 9, 9, 9, 10, 10, 18]",12.0,0.0,5.0,0,17.0
426,Fer_FCD01-02-03_20122021_12_17.jpg,92459149,1.5,1.5,1,2,"[1, 2]",1.5,2,3,"[1, 2]",0.0,0.0,0.0,0,0.0
427,Fer_FCD01-02-03_20122021_40_37.jpg,92459151,2.0,2.11,2,2,[2],2.0,18,38,"[2, 2, 2, 2, 2, 2, 2, 2, 2, 2, 2, 2, 2, 2, 2, 2, 2, 4]",2.0,0.0,5.0,0,0.0
428,Fer_FCD01-02-03_20122021_84_1.jpg,92459152,1.0,1.0,1,1,[1],1.0,2,2,"[1, 1]",0.0,0.0,0.0,0,0.0
429,Fer_FCD01-02-03_20122021_12_16.jpg,92459155,1.0,1.44,1,1,[1],1.0,9,13,"[1, 1, 1, 1, 1, 2, 2, 2, 2]",1.0,0.0,5.0,0,8.0
430,Fer_FCD01-02-03_20122021_33_33.jpg,92459156,6.0,5.88,6,7,"[6, 7]",6.5,16,94,"[2, 2, 2, 4, 5, 6, 6, 6, 6, 7, 7, 7, 7, 8, 9, 10]",7.0,0.0,5.0,0,4.0
431,Fer_FCD01-02-03_20122021_61_13.jpg,92459157,4.0,3.67,5,5,[5],5.0,9,33,"[2, 2, 3, 3, 4, 4, 5, 5, 5]",4.0,0.0,5.0,0,3.0
432,Fer_FCD01-02-03_20122021_9_27.jpg,92459160,4.5,5.61,3,3,[3],3.0,18,101,"[3, 3, 3, 3, 3, 3, 4, 4, 4, 5, 7, 7, 8, 8, 9, 9, 9, 9]",9.0,0.0,5.0,0,2.0
433,Fer_FCD01-02-03_20122021_7_22.jpg,92459161,5.0,5.0,5,5,[5],5.0,1,5,[5],1.0,0.0,5.0,0,0.0
434,Fer_FCD01-02-03_20122021_50_33.jpg,92459163,5.0,5.0,5,5,[5],5.0,1,5,[5],1.0,0.0,5.0,0,0.0
435,Fer_FCD01-02-03_20122021_71_16.jpg,92459165,1.0,1.0,1,1,[1],1.0,2,2,"[1, 1]",0.0,0.0,0.0,0,0.0
436,Fer_FCD01-02-03_20122021_68_9.jpg,92459168,1.0,1.0,1,1,[1],1.0,2,2,"[1, 1]",0.0,0.0,0.0,0,0.0
437,Fer_FCD01-02-03_20122021_80_5.jpg,92459170,33.0,38.88,32,32,[32],32.0,17,661,"[4, 10, 19, 24, 30, 32, 32, 32, 33, 35, 43, 46, 53, 58, 59, 69, 82]",53.0,0.0,5.0,0,60.0
438,Fer_FCD01-02-03_20122021_28_17.jpg,92459172,1.0,1.0,1,1,[1],1.0,1,1,[1],0.0,0.0,0.0,0,0.0
439,Fer_FCD01-02-03_20122021_82_7.jpg,92459173,3.0,3.0,3,3,[3],3.0,1,3,[3],0.0,0.0,0.0,0,0.0
440,Fer_FCD01-02-03_20122021_1_43.jpg,92459175,7.0,11.71,7,7,[7],7.0,17,199,"[3, 4, 4, 5, 5, 6, 7, 7, 7, 9, 10, 14, 17, 18, 18, 25, 40]",20.0,0.0,5.0,0,19.0
441,Fer_FCD01-02-03_20122021_31_22.jpg,92459179,6.0,5.27,6,6,[6],6.0,15,79,"[1, 3, 3, 4, 4, 4, 5, 6, 6, 6, 6, 7, 7, 7, 10]",6.0,0.0,5.0,0,0.0
442,Fer_FCD01-02-03_20122021_31_36.jpg,92459180,1.0,1.0,1,1,[1],1.0,5,5,"[1, 1, 1, 1, 1]",1.0,0.0,5.0,0,0.0
443,Fer_FCD01-02-03_20122021_63_16.jpg,92459181,1.0,1.0,1,1,[1],1.0,1,1,[1],0.0,0.0,0.0,0,0.0
444,Fer_FCD01-02-03_20122021_78_6.jpg,92459185,46.0,48.33,41,48,"[41, 48]",44.5,18,870,"[10, 20, 24, 35, 37, 38, 41, 41, 45, 47, 48, 48, 51, 59, 61, 70, 94, 101]",63.0,0.0,5.0,0,67.0
445,Fer_FCD01-02-03_20122021_85_6.jpg,92459186,1.0,1.0,1,1,[1],1.0,1,1,[1],0.0,0.0,0.0,0,0.0
446,Fer_FCD01-02-03_20122021_8_14.jpg,92459189,1.0,1.0,1,1,[1],1.0,1,1,[1],0.0,0.0,0.0,0,0.0
447,Fer_FCD01-02-03_20122021_76_9.jpg,92459190,1.0,1.0,1,1,[1],1.0,5,5,"[1, 1, 1, 1, 1]",1.0,0.0,5.0,0,0.0
448,Fer_FCD01-02-03_20122021_56_21.jpg,92459192,1.0,1.2,1,1,[1],1.0,5,6,"[1, 1, 1, 1, 2]",1.0,0.0,5.0,0,1.0
449,Fer_FCD01-02-03_20122021_69_10.jpg,92459196,3.0,3.5,3,3,[3],3.0,12,42,"[3, 3, 3, 3, 3, 3, 3, 3, 4, 4, 5, 5]",4.0,0.0,5.0,0,3.0
450,Fer_FCD01-02-03_20122021_13_31.jpg,92459197,1.0,1.0,1,1,[1],1.0,1,1,[1],0.0,0.0,0.0,0,0.0
451,Fer_FCD01-02-03_20122021_87_4.jpg,92459198,1.0,1.0,1,1,[1],1.0,6,6,"[1, 1, 1, 1, 1, 1]",1.0,0.0,5.0,0,1.0
452,Fer_FCD01-02-03_20122021_13_19.jpg,92459200,17.0,17.82,2,42,"[2, 3, 4, 8, 9, 11, 14, 16, 17, 20, 21, 22, 23, 25, 31, 35, 42]",17.823529411764707,17,303,"[2, 3, 4, 8, 9, 11, 14, 16, 17, 20, 21, 22, 23, 25, 31, 35, 42]",23.0,0.0,5.0,0,58.0
453,Fer_FCD01-02-03_20122021_41_39.jpg,92459201,1.0,1.29,1,1,[1],1.0,17,22,"[1, 1, 1, 1, 1, 1, 1, 1, 1, 1, 1, 1, 1, 1, 1, 1, 6]",1.0,0.0,5.0,0,17.0
454,Fer_FCD01-02-03_20122021_11_20.jpg,92459206,1.5,1.5,1,2,"[1, 2]",1.5,2,3,"[1, 2]",0.0,0.0,0.0,0,0.0
455,Fer_FCD01-02-03_20122021_44_35.jpg,92459208,21.0,20.17,21,21,[21],21.0,18,363,"[14, 15, 16, 18, 19, 20, 20, 20, 21, 21, 21, 21, 21, 21, 22, 23, 24, 26]",19.0,0.0,5.0,0,19.0
456,Fer_FCD01-02-03_20122021_16_15.jpg,92459209,44.0,42.21,40,45,"[40, 45]",42.5,19,802,"[3, 21, 32, 39, 40, 40, 41, 42, 43, 44, 45, 45, 48, 49, 51, 52, 53, 54, 60]",60.0,0.0,5.0,0,40.0
457,Fer_FCD01-02-03_20122021_27_21.jpg,92459210,1.0,1.0,1,1,[1],1.0,1,1,[1],0.0,0.0,0.0,0,0.0
458,Fer_FCD01-02-03_20122021_29_18.jpg,92459211,9.0,8.42,9,9,[9],9.0,19,160,"[6, 7, 7, 7, 7, 8, 8, 8, 9, 9, 9, 9, 9, 9, 9, 9, 9, 10, 11]",10.0,0.0,5.0,0,10.0
459,Fer_FCD01-02-03_20122021_20_14.jpg,92459213,6.0,6.0,6,6,[6],6.0,1,6,[6],1.0,0.0,5.0,0,1.0
460,Fer_FCD01-02-03_20122021_29_30.jpg,92459214,1.0,1.12,1,1,[1],1.0,8,9,"[1, 1, 1, 1, 1, 1, 1, 2]",1.0,0.0,5.0,0,3.0
461,Fer_FCD01-02-03_20122021_29_24.jpg,92459215,18.0,17.31,18,18,[18],18.0,16,277,"[3, 3, 17, 18, 18, 18, 18, 18, 18, 19, 19, 19, 19, 20, 22, 28]",21.0,0.0,5.0,0,21.0
462,Fer_FCD01-02-03_20122021_54_18.jpg,92459216,1.0,1.0,1,1,[1],1.0,1,1,[1],0.0,0.0,0.0,0,0.0
463,Fer_FCD01-02-03_20122021_54_24.jpg,92459218,2.0,1.55,2,2,[2],2.0,11,17,"[1, 1, 1, 1, 1, 2, 2, 2, 2, 2, 2]",2.0,0.0,5.0,0,0.0
464,Fer_FCD01-02-03_20122021_9_6.jpg,92459219,1.0,1.1,1,1,[1],1.0,10,11,"[1, 1, 1, 1, 1, 1, 1, 1, 1, 2]",1.0,0.0,5.0,0,6.0
465,Fer_FCD01-02-03_20122021_29_25.jpg,92459222,4.0,4.33,4,4,[4],4.0,18,78,"[1, 2, 3, 3, 3, 3, 4, 4, 4, 4, 4, 4, 5, 5, 5, 5, 6, 13]",4.0,0.0,5.0,0,4.0
466,Fer_FCD01-02-03_20122021_29_19.jpg,92459225,5.0,5.06,4,5,"[4, 5]",4.5,16,81,"[3, 4, 4, 4, 4, 4, 5, 5, 5, 5, 5, 6, 6, 7, 7, 7]",6.0,0.0,5.0,0,1.0
467,Fer_FCD01-02-03_20122021_27_20.jpg,92459226,5.0,9.0,5,5,[5],5.0,6,54,"[3, 4, 5, 5, 14, 23]",5.0,0.0,5.0,0,14.0
468,Fer_FCD01-02-03_20122021_16_14.jpg,92459227,33.0,31.26,33,35,"[33, 35]",34.0,19,594,"[20, 21, 22, 27, 27, 31, 31, 32, 32, 33, 33, 33, 34, 35, 35, 35, 36, 38, 39]",43.0,0.0,5.0,0,42.0
469,Fer_FCD01-02-03_20122021_44_34.jpg,92459228,5.0,5.25,4,4,[4],4.0,16,84,"[2, 2, 3, 4, 4, 4, 4, 5, 5, 6, 6, 7, 7, 7, 9, 9]",5.0,0.0,5.0,0,1.0
470,Fer_FCD01-02-03_20122021_11_21.jpg,92459230,1.5,2.12,1,1,[1],1.0,8,17,"[1, 1, 1, 1, 2, 2, 3, 6]",2.0,0.0,5.0,0,2.0
471,Fer_FCD01-02-03_20122021_65_11.jpg,92459234,5.0,5.38,1,1,[1],1.0,13,70,"[1, 1, 1, 1, 2, 4, 5, 6, 7, 8, 11, 11, 12]",7.0,0.0,5.0,0,7.0
472,Fer_FCD01-02-03_20122021_14_11.jpg,92459238,1.0,1.0,1,1,[1],1.0,1,1,[1],0.0,0.0,0.0,0,0.0
473,Fer_FCD01-02-03_20122021_41_38.jpg,92459239,1.5,1.5,1,2,"[1, 2]",1.5,4,6,"[1, 1, 2, 2]",1.0,0.0,5.0,0,1.0
474,Fer_FCD01-02-03_20122021_13_18.jpg,92459240,15.0,22.58,15,15,[15],15.0,19,429,"[3, 4, 5, 6, 7, 8, 9, 13, 13, 15, 15, 15, 15, 16, 17, 20, 20, 24, 204]",25.0,0.0,5.0,0,116.0
475,Fer_FCD01-02-03_20122021_13_24.jpg,92459241,1.0,1.0,1,1,[1],1.0,12,12,"[1, 1, 1, 1, 1, 1, 1, 1, 1, 1, 1, 1]",1.0,0.0,5.0,0,7.0
476,Fer_FCD01-02-03_20122021_48_34.jpg,92459244,11.0,10.3,11,11,[11],11.0,20,206,"[7, 7, 9, 10, 10, 10, 10, 11, 11, 11, 11, 11, 11, 11, 11, 11, 11, 11, 11, 11]",16.0,0.0,5.0,0,22.0
477,Fer_FCD01-02-03_20122021_51_29.jpg,92459247,1.5,1.5,1,2,"[1, 2]",1.5,2,3,"[1, 2]",0.0,0.0,0.0,0,0.0
478,Fer_FCD01-02-03_20122021_56_20.jpg,92459248,2.0,1.89,2,2,[2],2.0,18,34,"[1, 1, 1, 1, 1, 1, 2, 2, 2, 2, 2, 2, 2, 2, 2, 2, 2, 6]",1.0,0.0,5.0,0,13.0
479,Fer_FCD01-02-03_20122021_58_19.jpg,92459249,1.0,1.15,1,1,[1],1.0,13,15,"[1, 1, 1, 1, 1, 1, 1, 1, 1, 1, 1, 1, 3]",1.0,0.0,5.0,0,8.0
480,Fer_FCD01-02-03_20122021_76_8.jpg,92459250,1.0,1.0,1,1,[1],1.0,3,3,"[1, 1, 1]",0.0,0.0,0.0,0,0.0
481,Fer_FCD01-02-03_20122021_8_15.jpg,92459251,1.5,1.5,1,2,"[1, 2]",1.5,2,3,"[1, 2]",0.0,0.0,0.0,0,0.0
482,Fer_FCD01-02-03_20122021_85_7.jpg,92459252,1.0,1.0,1,1,[1],1.0,1,1,[1],0.0,0.0,0.0,0,0.0
483,Fer_FCD01-02-03_20122021_78_7.jpg,92459253,1.0,1.4,1,1,[1],1.0,5,7,"[1, 1, 1, 1, 3]",1.0,0.0,5.0,0,2.0
484,Fer_FCD01-02-03_20122021_25_19.jpg,92459254,1.0,3.93,1,1,[1],1.0,15,59,"[1, 1, 1, 1, 1, 1, 1, 1, 1, 1, 1, 1, 1, 1, 45]",3.0,0.0,5.0,0,7.0
485,Fer_FCD01-02-03_20122021_78_5.jpg,92459257,12.0,11.83,11,11,[11],11.0,18,213,"[7, 10, 11, 11, 11, 11, 11, 11, 12, 12, 12, 12, 13, 13, 13, 14, 14, 15]",19.0,0.0,5.0,0,20.0
486,Fer_FCD01-02-03_20122021_56_22.jpg,92459259,2.0,2.0,1,2,"[1, 2]",1.5,17,34,"[1, 1, 1, 1, 1, 1, 2, 2, 2, 2, 2, 2, 3, 3, 3, 3, 4]",4.0,0.0,5.0,0,2.0
487,Fer_FCD01-02-03_20122021_69_13.jpg,92459263,1.0,1.0,1,1,[1],1.0,1,1,[1],0.0,0.0,0.0,0,0.0
488,Fer_FCD01-02-03_20122021_13_32.jpg,92459265,1.0,1.0,1,1,[1],1.0,1,1,[1],0.0,0.0,0.0,0,0.0
489,Fer_FCD01-02-03_20122021_46_33.jpg,92459266,4.0,3.8,4,5,"[4, 5]",4.5,15,57,"[2, 2, 2, 3, 3, 3, 4, 4, 4, 4, 5, 5, 5, 5, 6]",4.0,0.0,5.0,0,9.0
490,Fer_FCD01-02-03_20122021_14_13.jpg,92459267,4.0,3.85,4,4,[4],4.0,20,77,"[3, 3, 3, 3, 3, 4, 4, 4, 4, 4, 4, 4, 4, 4, 4, 4, 4, 4, 5, 5]",5.0,0.0,5.0,0,2.0
491,Fer_FCD01-02-03_20122021_74_8.jpg,92459268,1.0,1.25,1,1,[1],1.0,4,5,"[1, 1, 1, 2]",1.0,0.0,5.0,0,0.0
492,Fer_FCD01-02-03_20122021_39_36.jpg,92459270,1.0,1.0,1,1,[1],1.0,7,7,"[1, 1, 1, 1, 1, 1, 1]",1.0,0.0,5.0,0,2.0
493,Fer_FCD01-02-03_20122021_11_23.jpg,92459271,8.0,10.44,7,8,"[7, 8]",7.5,16,167,"[3, 6, 6, 7, 7, 7, 8, 8, 8, 9, 9, 10, 10, 11, 19, 39]",12.0,0.0,5.0,0,12.0
494,Fer_FCD01-02-03_20122021_18_13.jpg,92459274,1.0,1.0,1,1,[1],1.0,8,8,"[1, 1, 1, 1, 1, 1, 1, 1]",1.0,0.0,5.0,0,3.0
495,Fer_FCD01-02-03_20122021_44_36.jpg,92459276,8.0,7.32,8,8,[8],8.0,19,139,"[3, 6, 6, 7, 7, 7, 7, 8, 8, 8, 8, 8, 8, 8, 8, 8, 8, 8, 8]",8.0,0.0,5.0,0,3.0
496,Fer_FCD01-02-03_20122021_16_16.jpg,92459277,32.0,29.11,32,38,"[32, 33, 38]",34.333333333333336,18,524,"[3, 9, 11, 16, 18, 20, 23, 27, 32, 32, 33, 33, 36, 38, 38, 42, 55, 58]",37.0,0.0,5.0,0,84.0
497,Fer_FCD01-02-03_20122021_29_27.jpg,92459279,1.0,1.0,1,1,[1],1.0,14,14,"[1, 1, 1, 1, 1, 1, 1, 1, 1, 1, 1, 1, 1, 1]",1.0,0.0,5.0,0,8.0
498,Fer_FCD01-02-03_20122021_29_33.jpg,92459280,2.0,2.0,2,2,[2],2.0,1,2,[2],0.0,0.0,0.0,0,0.0
499,Fer_FCD01-02-03_20122021_20_17.jpg,92459281,2.0,2.95,2,2,[2],2.0,19,56,"[2, 2, 2, 2, 2, 2, 2, 2, 2, 2, 2, 2, 2, 3, 4, 5, 5, 5, 8]",5.0,0.0,5.0,0,2.0
500,Fer_FCD01-02-03_20122021_83_2.jpg,92459287,4.0,4.2,4,4,[4],4.0,5,21,"[4, 4, 4, 4, 5]",4.0,0.0,5.0,0,1.0
501,Fer_FCD01-02-03_20122021_29_32.jpg,92459288,1.0,1.0,1,1,[1],1.0,1,1,[1],0.0,0.0,0.0,0,0.0
502,Fer_FCD01-02-03_20122021_20_16.jpg,92459289,1.0,1.0,1,1,[1],1.0,1,1,[1],0.0,0.0,0.0,0,0.0
503,Fer_FCD01-02-03_20122021_29_26.jpg,92459290,2.0,2.3,2,2,[2],2.0,10,23,"[1, 1, 2, 2, 2, 2, 3, 3, 3, 4]",3.0,0.0,5.0,0,2.0
504,Fer_FCD01-02-03_20122021_16_17.jpg,92459293,47.5,44.0,71,71,[71],71.0,18,792,"[1, 13, 14, 18, 32, 41, 43, 44, 47, 48, 49, 51, 54, 57, 59, 71, 71, 79]",62.0,0.0,5.0,0,89.0
505,Fer_FCD01-02-03_20122021_44_37.jpg,92459294,9.0,7.95,9,9,[9],9.0,19,151,"[3, 5, 6, 7, 7, 8, 8, 8, 8, 9, 9, 9, 9, 9, 9, 9, 9, 9, 10]",9.0,0.0,5.0,0,13.0
506,Fer_FCD01-02-03_20122021_9_42.jpg,92459298,8.0,8.0,8,8,[8],8.0,1,8,[8],1.0,0.0,5.0,0,3.0
507,Fer_FCD01-02-03_20122021_11_22.jpg,92459299,3.0,4.0,1,1,[1],1.0,9,36,"[1, 1, 1, 2, 3, 4, 5, 5, 14]",4.0,0.0,5.0,0,6.0
508,Fer_FCD01-02-03_20122021_65_12.jpg,92459301,1.0,1.0,1,1,[1],1.0,19,19,"[1, 1, 1, 1, 1, 1, 1, 1, 1, 1, 1, 1, 1, 1, 1, 1, 1, 1, 1]",1.0,0.0,5.0,0,10.0
509,Fer_FCD01-02-03_20122021_46_26.jpg,92459302,1.0,1.0,1,1,[1],1.0,5,5,"[1, 1, 1, 1, 1]",1.0,0.0,5.0,0,0.0
510,Fer_FCD01-02-03_20122021_14_12.jpg,92459304,2.0,2.73,2,2,[2],2.0,15,41,"[1, 1, 2, 2, 2, 2, 2, 2, 2, 2, 2, 2, 2, 2, 15]",2.0,0.0,5.0,0,10.0
511,Fer_FCD01-02-03_20122021_67_17.jpg,92459308,2.0,2.0,2,2,[2],2.0,1,2,[2],0.0,0.0,0.0,0,0.0
512,Fer_FCD01-02-03_20122021_8_16.jpg,92459310,2.5,2.5,2,3,"[2, 3]",2.5,2,5,"[2, 3]",1.0,0.0,5.0,0,0.0
513,Fer_FCD01-02-03_20122021_22_17.jpg,92459314,23.0,21.21,23,23,[23],23.0,19,403,"[3, 9, 13, 14, 15, 16, 19, 20, 23, 23, 23, 23, 25, 25, 26, 28, 29, 34, 35]",30.0,0.0,5.0,0,19.0
514,Fer_FCD01-02-03_20122021_25_22.jpg,92459315,1.0,1.0,1,1,[1],1.0,1,1,[1],0.0,0.0,0.0,0,0.0
515,Fer_FCD01-02-03_20122021_5_46.jpg,92459321,1.0,1.0,1,1,[1],1.0,1,1,[1],0.0,0.0,0.0,0,0.0
516,Fer_FCD01-02-03_20122021_14_16.jpg,92459323,4.0,4.78,3,6,"[3, 6]",4.5,9,43,"[1, 2, 3, 3, 4, 6, 6, 7, 11]",5.0,0.0,5.0,0,3.0
517,Fer_FCD01-02-03_20122021_48_27.jpg,92459324,1.0,1.0,1,1,[1],1.0,5,5,"[1, 1, 1, 1, 1]",1.0,0.0,5.0,0,0.0
518,Fer_FCD01-02-03_20122021_13_23.jpg,92459325,2.0,2.0,2,2,[2],2.0,2,4,"[2, 2]",0.0,0.0,0.0,0,0.0
519,Fer_FCD01-02-03_20122021_87_2.jpg,92459327,1.5,1.5,1,2,"[1, 2]",1.5,2,3,"[1, 2]",0.0,0.0,0.0,0,0.0
520,Fer_FCD01-02-03_20122021_48_33.jpg,92459328,41.0,39.89,34,47,"[34, 47]",40.5,19,758,"[27, 31, 32, 34, 34, 34, 35, 40, 40, 41, 41, 42, 43, 44, 47, 47, 47, 49, 50]",53.0,0.0,5.0,0,73.0
521,Fer_FCD01-02-03_20122021_30_17.jpg,92459329,4.0,4.0,4,4,[4],4.0,1,4,[4],0.0,0.0,0.0,0,0.0
522,Fer_FCD01-02-03_20122021_37_36.jpg,92459330,13.0,13.0,13,13,[13],13.0,1,13,[13],1.0,0.0,5.0,0,8.0
523,Fer_FCD01-02-03_20122021_44_33.jpg,92459333,1.0,1.94,1,1,[1],1.0,16,31,"[1, 1, 1, 1, 1, 1, 1, 1, 1, 1, 1, 1, 1, 2, 3, 13]",2.0,0.0,5.0,0,6.0
524,Fer_FCD01-02-03_20122021_16_13.jpg,92459334,9.0,9.0,9,9,[9],9.0,1,9,[9],1.0,0.0,5.0,0,4.0
525,Fer_FCD01-02-03_20122021_81_4.jpg,92459336,1.0,1.2,1,1,[1],1.0,5,6,"[1, 1, 1, 1, 2]",1.0,0.0,5.0,0,1.0
526,Fer_FCD01-02-03_20122021_11_26.jpg,92459337,11.0,10.84,11,11,[11],11.0,19,206,"[9, 10, 10, 10, 10, 10, 10, 11, 11, 11, 11, 11, 11, 11, 12, 12, 12, 12, 12]",14.0,0.0,5.0,0,4.0
527,Fer_FCD01-02-03_20122021_18_16.jpg,92459339,2.0,1.75,2,2,[2],2.0,8,14,"[1, 1, 2, 2, 2, 2, 2, 2]",2.0,0.0,5.0,0,0.0
528,Fer_FCD01-02-03_20122021_29_22.jpg,92459341,1.0,1.67,1,1,[1],1.0,3,5,"[1, 1, 3]",1.0,0.0,5.0,0,0.0
529,Fer_FCD01-02-03_20122021_29_36.jpg,92459342,1.0,1.11,1,1,[1],1.0,9,10,"[1, 1, 1, 1, 1, 1, 1, 1, 2]",1.0,0.0,5.0,0,5.0
530,Fer_FCD01-02-03_20122021_27_27.jpg,92459345,1.5,1.56,1,1,[1],1.0,18,28,"[1, 1, 1, 1, 1, 1, 1, 1, 1, 2, 2, 2, 2, 2, 2, 2, 2, 3]",3.0,0.0,5.0,0,1.0
531,Fer_FCD01-02-03_20122021_54_22.jpg,92459347,8.0,7.84,8,8,[8],8.0,19,149,"[2, 3, 4, 4, 4, 6, 7, 8, 8, 8, 8, 8, 9, 9, 10, 10, 12, 12, 17]",10.0,0.0,5.0,0,14.0
532,Fer_FCD01-02-03_20122021_70_9.jpg,92459348,7.0,7.5,9,9,[9],9.0,16,120,"[4, 5, 5, 5, 5, 6, 7, 7, 7, 9, 9, 9, 9, 9, 11, 13]",9.0,0.0,5.0,0,2.0
533,Fer_FCD01-02-03_20122021_54_23.jpg,92459353,5.0,4.94,6,6,[6],6.0,18,89,"[1, 4, 4, 4, 4, 5, 5, 5, 5, 5, 5, 6, 6, 6, 6, 6, 6, 6]",6.0,0.0,5.0,0,0.0
534,Fer_FCD01-02-03_20122021_70_8.jpg,92459354,1.0,1.67,1,1,[1],1.0,9,15,"[1, 1, 1, 1, 1, 1, 1, 2, 6]",1.0,0.0,5.0,0,10.0
535,Fer_FCD01-02-03_20122021_27_26.jpg,92459355,3.0,3.14,3,3,[3],3.0,14,44,"[2, 3, 3, 3, 3, 3, 3, 3, 3, 3, 3, 3, 3, 6]",3.0,0.0,5.0,0,4.0
536,Fer_FCD01-02-03_20122021_29_23.jpg,92459357,7.0,7.9,5,7,"[5, 7]",6.0,10,79,"[1, 3, 5, 5, 7, 7, 9, 12, 13, 17]",10.0,0.0,5.0,0,9.0
537,Fer_FCD01-02-03_20122021_18_17.jpg,92459358,13.0,12.78,6,20,"[6, 11, 13, 18, 20]",13.6,18,230,"[3, 4, 6, 6, 8, 10, 11, 11, 13, 13, 14, 15, 17, 18, 18, 20, 20, 23]",17.0,0.0,5.0,0,13.0
538,Fer_FCD01-02-03_20122021_11_33.jpg,92459359,2.0,2.05,2,2,[2],2.0,19,39,"[2, 2, 2, 2, 2, 2, 2, 2, 2, 2, 2, 2, 2, 2, 2, 2, 2, 2, 3]",2.0,0.0,5.0,0,0.0
539,Fer_FCD01-02-03_20122021_11_27.jpg,92459360,3.0,3.42,3,3,[3],3.0,19,65,"[3, 3, 3, 3, 3, 3, 3, 3, 3, 3, 3, 3, 4, 4, 4, 4, 4, 4, 5]",5.0,0.0,5.0,0,2.0
540,Fer_FCD01-02-03_20122021_81_5.jpg,92459361,1.0,1.0,1,1,[1],1.0,3,3,"[1, 1, 1]",0.0,0.0,0.0,0,0.0
541,Fer_FCD01-02-03_20122021_11_9.jpg,92459362,1.0,1.0,1,1,[1],1.0,16,16,"[1, 1, 1, 1, 1, 1, 1, 1, 1, 1, 1, 1, 1, 1, 1, 1]",1.0,0.0,5.0,0,10.0
542,Fer_FCD01-02-03_20122021_16_12.jpg,92459363,1.0,1.67,1,1,[1],1.0,3,5,"[1, 1, 3]",1.0,0.0,5.0,0,0.0
543,Fer_FCD01-02-03_20122021_44_32.jpg,92459364,9.0,9.0,9,9,[9],9.0,1,9,[9],1.0,0.0,5.0,0,4.0
544,Fer_FCD01-02-03_20122021_48_32.jpg,92459370,18.0,17.0,24,24,[24],24.0,15,255,"[8, 9, 9, 11, 12, 13, 16, 18, 19, 19, 22, 24, 24, 24, 27]",24.0,0.0,5.0,0,33.0
545,Fer_FCD01-02-03_20122021_48_26.jpg,92459371,2.0,2.7,2,2,[2],2.0,10,27,"[1, 1, 1, 2, 2, 2, 2, 4, 4, 8]",1.0,0.0,5.0,0,22.0
546,Fer_FCD01-02-03_20122021_13_22.jpg,92459372,2.5,2.5,1,4,"[1, 4]",2.5,4,10,"[1, 1, 4, 4]",1.0,0.0,5.0,0,5.0
547,Fer_FCD01-02-03_20122021_14_17.jpg,92459373,2.0,2.53,1,2,"[1, 2]",1.5,15,38,"[1, 1, 1, 1, 1, 1, 2, 2, 2, 2, 2, 2, 3, 7, 10]",3.0,0.0,5.0,0,10.0
548,Fer_FCD01-02-03_20122021_67_12.jpg,92459376,1.0,1.41,1,1,[1],1.0,17,24,"[1, 1, 1, 1, 1, 1, 1, 1, 1, 1, 1, 1, 2, 2, 2, 3, 3]",2.0,0.0,5.0,0,1.0
549,Fer_FCD01-02-03_20122021_69_9.jpg,92459377,2.0,1.75,2,2,[2],2.0,4,7,"[1, 2, 2, 2]",1.0,0.0,5.0,0,2.0
550,Fer_FCD01-02-03_20122021_56_26.jpg,92459380,1.5,1.5,1,2,"[1, 2]",1.5,2,3,"[1, 2]",0.0,0.0,0.0,0,0.0
551,Fer_FCD01-02-03_20122021_25_23.jpg,92459381,1.0,1.0,1,1,[1],1.0,1,1,[1],0.0,0.0,0.0,0,0.0
552,Fer_FCD01-02-03_20122021_22_16.jpg,92459382,1.5,1.5,1,2,"[1, 2]",1.5,2,3,"[1, 2]",0.0,0.0,0.0,0,0.0
553,Fer_FCD01-02-03_20122021_58_21.jpg,92459387,1.0,1.0,1,1,[1],1.0,1,1,[1],0.0,0.0,0.0,0,0.0
554,Fer_FCD01-02-03_20122021_56_18.jpg,92459388,1.0,1.07,1,1,[1],1.0,14,15,"[1, 1, 1, 1, 1, 1, 1, 1, 1, 1, 1, 1, 1, 2]",2.0,0.0,5.0,0,1.0
555,Fer_FCD01-02-03_20122021_67_10.jpg,92459390,1.0,1.0,1,1,[1],1.0,7,7,"[1, 1, 1, 1, 1, 1, 1]",1.0,0.0,5.0,0,2.0
556,Fer_FCD01-02-03_20122021_5_45.jpg,92459395,9.0,8.88,10,10,[10],10.0,17,151,"[4, 5, 8, 8, 9, 9, 9, 9, 9, 10, 10, 10, 10, 10, 10, 10, 11]",10.0,0.0,5.0,0,0.0
557,Fer_FCD01-02-03_20122021_14_15.jpg,92459397,31.0,28.73,31,31,[31],31.0,15,431,"[1, 10, 18, 18, 23, 28, 29, 31, 31, 31, 31, 41, 42, 47, 50]",33.0,0.0,5.0,0,41.0
558,Fer_FCD01-02-03_20122021_48_30.jpg,92459398,13.0,13.0,13,13,[13],13.0,1,13,[13],1.0,0.0,5.0,0,8.0
559,Fer_FCD01-02-03_20122021_13_20.jpg,92459401,6.0,6.29,2,6,"[2, 6]",4.0,7,44,"[2, 2, 3, 6, 6, 9, 16]",3.0,0.0,5.0,0,7.0
560,Fer_FCD01-02-03_20122021_65_15.jpg,92459404,6.0,5.5,6,6,[6],6.0,20,110,"[2, 4, 4, 5, 5, 5, 5, 6, 6, 6, 6, 6, 6, 6, 6, 6, 6, 6, 6, 8]",6.0,0.0,5.0,0,3.0
561,Fer_FCD01-02-03_20122021_30_28.jpg,92459405,1.5,1.9,1,1,[1],1.0,10,19,"[1, 1, 1, 1, 1, 2, 2, 2, 3, 5]",2.0,0.0,5.0,0,0.0
562,Fer_FCD01-02-03_20122021_72_8.jpg,92459406,3.0,2.76,3,3,[3],3.0,17,47,"[2, 2, 2, 2, 2, 2, 3, 3, 3, 3, 3, 3, 3, 3, 3, 4, 4]",3.0,0.0,5.0,0,2.0
563,Fer_FCD01-02-03_20122021_11_19.jpg,92459407,1.0,1.0,1,1,[1],1.0,11,11,"[1, 1, 1, 1, 1, 1, 1, 1, 1, 1, 1]",1.0,0.0,5.0,0,5.0
564,Fer_FCD01-02-03_20122021_43_39.jpg,92459408,1.0,1.0,1,1,[1],1.0,1,1,[1],0.0,0.0,0.0,0,0.0
565,Fer_FCD01-02-03_20122021_81_7.jpg,92459412,1.0,1.0,1,1,[1],1.0,6,6,"[1, 1, 1, 1, 1, 1]",1.0,0.0,5.0,0,1.0
566,Fer_FCD01-02-03_20122021_11_25.jpg,92459413,2.0,2.16,2,2,[2],2.0,19,41,"[1, 1, 2, 2, 2, 2, 2, 2, 2, 2, 2, 2, 2, 2, 3, 3, 3, 3, 3]",4.0,0.0,5.0,0,1.0
567,Fer_FCD01-02-03_20122021_29_35.jpg,92459414,1.0,1.0,1,1,[1],1.0,1,1,[1],0.0,0.0,0.0,0,0.0
568,Fer_FCD01-02-03_20122021_27_18.jpg,92459415,1.0,1.0,1,1,[1],1.0,18,18,"[1, 1, 1, 1, 1, 1, 1, 1, 1, 1, 1, 1, 1, 1, 1, 1, 1, 1]",1.0,0.0,5.0,0,12.0
569,Fer_FCD01-02-03_20122021_29_21.jpg,92459416,1.0,1.24,1,1,[1],1.0,21,26,"[1, 1, 1, 1, 1, 1, 1, 1, 1, 1, 1, 1, 1, 1, 1, 1, 1, 1, 1, 2, 5]",1.0,0.0,5.0,0,21.0
570,Fer_FCD01-02-03_20122021_27_24.jpg,92459417,1.0,1.0,1,1,[1],1.0,1,1,[1],0.0,0.0,0.0,0,0.0
571,Fer_FCD01-02-03_20122021_27_30.jpg,92459418,1.0,1.0,1,1,[1],1.0,2,2,"[1, 1]",0.0,0.0,0.0,0,0.0
572,Fer_FCD01-02-03_20122021_75_10.jpg,92459419,5.5,5.5,3,8,"[3, 8]",5.5,2,11,"[3, 8]",1.0,0.0,5.0,0,6.0
573,Fer_FCD01-02-03_20122021_13_9.jpg,92459420,1.0,1.0,1,1,[1],1.0,2,2,"[1, 1]",0.0,0.0,0.0,0,0.0
574,Fer_FCD01-02-03_20122021_53_28.jpg,92459422,4.0,4.0,4,4,[4],4.0,1,4,[4],0.0,0.0,0.0,0,0.0
575,Fer_FCD01-02-03_20122021_3_24.jpg,92459423,1.0,1.0,1,1,[1],1.0,1,1,[1],0.0,0.0,0.0,0,0.0
576,Fer_FCD01-02-03_20122021_54_21.jpg,92459424,4.0,3.4,1,1,[1],1.0,15,51,"[1, 1, 1, 1, 1, 2, 2, 4, 4, 4, 4, 5, 6, 7, 8]",5.0,0.0,5.0,0,2.0
577,Fer_FCD01-02-03_20122021_53_29.jpg,92459429,1.0,1.0,1,1,[1],1.0,1,1,[1],0.0,0.0,0.0,0,0.0
578,Fer_FCD01-02-03_20122021_54_20.jpg,92459430,1.5,1.5,1,2,"[1, 2]",1.5,2,3,"[1, 2]",0.0,0.0,0.0,0,0.0
579,Fer_FCD01-02-03_20122021_75_11.jpg,92459433,4.5,4.88,4,5,"[4, 5]",4.5,8,39,"[1, 3, 4, 4, 5, 5, 7, 10]",3.0,0.0,5.0,0,11.0
580,Fer_FCD01-02-03_20122021_29_20.jpg,92459436,63.0,58.41,1,125,"[1, 15, 26, 34, 42, 53, 60, 61, 63, 65, 69, 71, 72, 74, 80, 82, 125]",58.411764705882355,17,993,"[1, 15, 26, 34, 42, 53, 60, 61, 63, 65, 69, 71, 72, 74, 80, 82, 125]",71.0,0.0,5.0,0,116.0
581,Fer_FCD01-02-03_20122021_27_19.jpg,92459437,5.5,5.21,7,7,[7],7.0,14,73,"[1, 2, 4, 4, 4, 5, 5, 6, 6, 7, 7, 7, 7, 8]",6.0,0.0,5.0,0,3.0
582,Fer_FCD01-02-03_20122021_11_24.jpg,92459439,5.0,5.4,5,6,"[5, 6]",5.5,15,81,"[1, 2, 3, 3, 4, 4, 5, 5, 5, 6, 6, 6, 8, 10, 13]",8.0,0.0,5.0,0,4.0
583,Fer_FCD01-02-03_20122021_11_30.jpg,92459441,1.0,1.06,1,1,[1],1.0,17,18,"[1, 1, 1, 1, 1, 1, 1, 1, 1, 1, 1, 1, 1, 1, 1, 1, 2]",1.0,0.0,5.0,0,13.0
584,Fer_FCD01-02-03_20122021_18_14.jpg,92459442,1.0,1.0,1,1,[1],1.0,1,1,[1],0.0,0.0,0.0,0,0.0
585,Fer_FCD01-02-03_20122021_9_44.jpg,92459443,2.0,2.0,2,2,[2],2.0,1,2,[2],0.0,0.0,0.0,0,0.0
586,Fer_FCD01-02-03_20122021_11_18.jpg,92459447,1.0,1.73,1,1,[1],1.0,11,19,"[1, 1, 1, 1, 1, 1, 1, 2, 2, 3, 5]",1.0,0.0,5.0,0,14.0
587,Fer_FCD01-02-03_20122021_72_9.jpg,92459448,2.0,2.17,2,2,[2],2.0,12,26,"[1, 1, 2, 2, 2, 2, 2, 2, 2, 2, 4, 4]",2.0,0.0,5.0,0,0.0
588,Fer_FCD01-02-03_20122021_30_29.jpg,92459449,2.0,2.24,2,2,[2],2.0,17,38,"[2, 2, 2, 2, 2, 2, 2, 2, 2, 2, 2, 2, 2, 2, 2, 4, 4]",2.0,0.0,5.0,0,1.0
589,Fer_FCD01-02-03_20122021_13_21.jpg,92459452,2.0,2.0,2,2,[2],2.0,1,2,[2],0.0,0.0,0.0,0,0.0
590,Fer_FCD01-02-03_20122021_14_14.jpg,92459457,14.0,14.18,12,12,[12],12.0,17,241,"[10, 11, 12, 12, 12, 12, 12, 13, 14, 14, 14, 15, 15, 17, 17, 17, 24]",15.0,0.0,5.0,0,10.0
591,Fer_FCD01-02-03_20122021_46_34.jpg,92459458,4.5,4.67,4,4,[4],4.0,18,84,"[1, 4, 4, 4, 4, 4, 4, 4, 4, 5, 5, 5, 5, 6, 6, 6, 6, 7]",8.0,0.0,5.0,0,4.0
592,Fer_FCD01-02-03_20122021_5_44.jpg,92459459,71.0,68.4,75,75,[75],75.0,20,1368,"[21, 28, 44, 63, 64, 66, 69, 70, 71, 71, 71, 73, 75, 75, 75, 75, 76, 76, 78, 127]",75.0,0.0,5.0,0,136.0
593,Fer_FCD01-02-03_20122021_69_14.jpg,92459464,1.0,1.08,1,1,[1],1.0,12,13,"[1, 1, 1, 1, 1, 1, 1, 1, 1, 1, 1, 2]",1.0,0.0,5.0,0,8.0
594,Fer_FCD01-02-03_20122021_56_19.jpg,92459465,12.0,12.0,12,12,[12],12.0,1,12,[12],1.0,0.0,5.0,0,5.0
595,Fer_FCD01-02-03_20122021_6_15.jpg,92459466,2.0,2.31,2,2,[2],2.0,13,30,"[2, 2, 2, 2, 2, 2, 2, 2, 2, 2, 2, 2, 6]",2.0,0.0,5.0,0,0.0
596,Fer_FCD01-02-03_20122021_85_2.jpg,92459467,5.0,4.5,5,5,[5],5.0,18,81,"[2, 3, 3, 3, 3, 4, 4, 5, 5, 5, 5, 5, 5, 5, 5, 6, 6, 7]",7.0,0.0,5.0,0,4.0
597,Fer_FCD01-02-03_20122021_6_29.jpg,92459470,1.0,1.0,1,1,[1],1.0,12,12,"[1, 1, 1, 1, 1, 1, 1, 1, 1, 1, 1, 1]",1.0,0.0,5.0,0,6.0
598,Fer_FCD01-02-03_20122021_31_41.jpg,92459471,1.0,1.0,1,1,[1],1.0,1,1,[1],0.0,0.0,0.0,0,0.0
599,Fer_FCD01-02-03_20122021_25_20.jpg,92459472,2.0,3.14,1,1,[1],1.0,14,44,"[1, 1, 1, 1, 1, 2, 2, 2, 2, 4, 5, 7, 7, 8]",4.0,0.0,5.0,0,0.0
600,Fer_FEA02-03_18122021_45_16.jpg,92459480,1.0,1.0,1,1,[1],1.0,10,10,"[1, 1, 1, 1, 1, 1, 1, 1, 1, 1]",1.0,0.0,5.0,0,5.0
601,Fer_FEA02-03_18122021_70_46.jpg,92459485,1.0,1.0,1,1,[1],1.0,2,2,"[1, 1]",0.0,0.0,0.0,0,0.0
602,Fer_FEA02-03_18122021_64_33.jpg,92459487,3.0,3.0,3,3,[3],3.0,1,3,[3],0.0,0.0,0.0,0,0.0
603,Fer_FEA02-03_18122021_37_9.jpg,92459489,2.0,2.0,2,2,[2],2.0,1,2,[2],0.0,0.0,0.0,0,0.0
604,Fer_FEA01_18122021_2_4.jpg,92459493,2.0,2.0,2,2,[2],2.0,1,2,[2],0.0,0.0,0.0,0,0.0
605,Fer_FEA02-03_18122021_21_23.jpg,92459496,4.0,4.0,4,4,[4],4.0,1,4,[4],0.0,0.0,0.0,0,0.0
606,Fer_FEA02-03_18122021_41_6.jpg,92459500,1.5,1.5,1,2,"[1, 2]",1.5,4,6,"[1, 1, 2, 2]",1.0,0.0,5.0,0,1.0
607,Fer_FEA01_18122021_27_29.jpg,92459501,1.0,1.0,1,1,[1],1.0,1,1,[1],0.0,0.0,0.0,0,0.0
608,Fer_FEA02-03_18122021_66_36.jpg,92459510,3.0,3.0,3,3,[3],3.0,1,3,[3],0.0,0.0,0.0,0,0.0
609,Fer_FEA02-03_18122021_33_23.jpg,92459513,2.0,2.0,2,2,[2],2.0,1,2,[2],0.0,0.0,0.0,0,0.0
610,Fer_FEA02-03_18122021_66_37.jpg,92459516,1.0,1.0,1,1,[1],1.0,1,1,[1],0.0,0.0,0.0,0,0.0
611,Fer_FEA02-03_18122021_72_42.jpg,92459517,41.0,41.0,41,41,[41],41.0,1,41,[41],1.0,0.0,5.0,0,36.0
612,Fer_FEA02-03_18122021_34_17.jpg,92459518,1.0,1.0,1,1,[1],1.0,1,1,[1],0.0,0.0,0.0,0,0.0
613,Fer_FEA02-03_18122021_47_12.jpg,92459521,29.5,27.55,22,36,"[22, 36]",29.0,20,551,"[8, 9, 10, 11, 14, 19, 22, 22, 24, 29, 30, 31, 33, 36, 36, 39, 41, 44, 45, 48]",37.0,0.0,5.0,0,80.0
614,Fer_FEA01_18122021_8_13.jpg,92459523,18.0,16.87,18,18,[18],18.0,15,253,"[8, 11, 12, 13, 14, 14, 18, 18, 18, 18, 19, 21, 22, 23, 24]",21.0,0.0,5.0,0,18.0
615,Fer_FEA02-03_18122021_50_22.jpg,92459527,2.0,2.0,2,2,[2],2.0,2,4,"[2, 2]",0.0,0.0,0.0,0,0.0
616,Fer_FEA02-03_18122021_41_7.jpg,92459528,2.0,2.0,2,2,[2],2.0,1,2,[2],0.0,0.0,0.0,0,0.0
617,Fer_FEA01_18122021_29_39.jpg,92459529,1.0,1.0,1,1,[1],1.0,1,1,[1],0.0,0.0,0.0,0,0.0
618,Fer_FEA01_18122021_4_13.jpg,92459530,1.0,1.0,1,1,[1],1.0,1,1,[1],0.0,0.0,0.0,0,0.0
619,Fer_FEA02-03_18122021_39_7.jpg,92459532,4.0,4.0,2,6,"[2, 6]",4.0,2,8,"[2, 6]",1.0,0.0,5.0,0,3.0
620,Fer_FEA01_18122021_45_40.jpg,92459533,9.0,9.0,9,9,[9],9.0,1,9,[9],1.0,0.0,5.0,0,4.0
621,Fer_FEA02-03_18122021_26_17.jpg,92459534,1.0,1.0,1,1,[1],1.0,1,1,[1],0.0,0.0,0.0,0,0.0
622,Fer_FEA01_18122021_22_24.jpg,92459536,1.0,1.0,1,1,[1],1.0,1,1,[1],0.0,0.0,0.0,0,0.0
623,Fer_FEA02-03_18122021_37_8.jpg,92459539,3.0,3.0,3,3,[3],3.0,1,3,[3],0.0,0.0,0.0,0,0.0
624,Fer_FEA02-03_18122021_17_23.jpg,92459545,3.0,3.0,3,3,[3],3.0,1,3,[3],0.0,0.0,0.0,0,0.0
625,Fer_FEA01_18122021_32_35.jpg,92459547,9.0,9.0,9,9,[9],9.0,1,9,[9],1.0,0.0,5.0,0,4.0
626,Fer_FEA02-03_18122021_42_22.jpg,92459548,1.0,1.0,1,1,[1],1.0,1,1,[1],0.0,0.0,0.0,0,0.0
627,Fer_FEA02-03_18122021_42_20.jpg,92459550,5.5,5.5,1,10,"[1, 10]",5.5,2,11,"[1, 10]",1.0,0.0,5.0,0,6.0
628,Fer_FEA02-03_18122021_17_21.jpg,92459552,1.0,1.0,1,1,[1],1.0,1,1,[1],0.0,0.0,0.0,0,0.0
629,Fer_FEA02-03_18122021_19_18.jpg,92459555,4.0,4.0,4,4,[4],4.0,1,4,[4],0.0,0.0,0.0,0,0.0
630,Fer_FEA02-03_18122021_70_45.jpg,92459556,2.0,2.0,2,2,[2],2.0,1,2,[2],0.0,0.0,0.0,0,0.0
631,Fer_FEA02-03_18122021_36_10.jpg,92459557,1.0,1.0,1,1,[1],1.0,1,1,[1],0.0,0.0,0.0,0,0.0
632,Fer_FEA02-03_18122021_38_15.jpg,92459561,3.0,3.0,3,3,[3],3.0,1,3,[3],0.0,0.0,0.0,0,0.0
633,Fer_FEA02-03_18122021_52_25.jpg,92459562,3.0,3.0,3,3,[3],3.0,1,3,[3],0.0,0.0,0.0,0,0.0
634,Fer_FEA02-03_18122021_52_31.jpg,92459564,1.0,1.0,1,1,[1],1.0,2,2,"[1, 1]",0.0,0.0,0.0,0,0.0
635,Fer_FEA02-03_18122021_74_35.jpg,92459569,2.0,2.33,2,2,[2],2.0,3,7,"[2, 2, 3]",1.0,0.0,5.0,0,2.0
636,Fer_FEA02-03_18122021_21_20.jpg,92459573,10.0,10.0,8,12,"[8, 12]",10.0,2,20,"[8, 12]",1.0,0.0,5.0,0,15.0
637,Fer_FEA02-03_18122021_41_5.jpg,92459574,2.5,2.5,2,3,"[2, 3]",2.5,2,5,"[2, 3]",1.0,0.0,5.0,0,0.0
638,Fer_FEA02-03_18122021_57_29.jpg,92459575,1.0,1.0,1,1,[1],1.0,1,1,[1],0.0,0.0,0.0,0,0.0
639,Fer_FEA01_18122021_34_42.jpg,92459576,1.0,1.0,1,1,[1],1.0,1,1,[1],0.0,0.0,0.0,0,0.0
640,Fer_FEA01_18122021_20_23.jpg,92459577,1.0,1.0,1,1,[1],1.0,1,1,[1],0.0,0.0,0.0,0,0.0
641,Fer_FEA02-03_18122021_40_25.jpg,92459581,1.0,1.0,1,1,[1],1.0,3,3,"[1, 1, 1]",0.0,0.0,0.0,0,0.0
642,Fer_FEA02-03_18122021_49_29.jpg,92459584,3.0,3.0,3,3,[3],3.0,1,3,[3],0.0,0.0,0.0,0,0.0
643,Fer_FEA02-03_18122021_40_19.jpg,92459587,1.0,1.0,1,1,[1],1.0,1,1,[1],0.0,0.0,0.0,0,0.0
644,Fer_FEA02-03_18122021_34_15.jpg,92459589,1.0,1.0,1,1,[1],1.0,1,1,[1],0.0,0.0,0.0,0,0.0
645,Fer_FEA02-03_18122021_72_40.jpg,92459590,5.0,5.0,5,5,[5],5.0,1,5,[5],1.0,0.0,5.0,0,0.0
646,Fer_FEA02-03_18122021_66_35.jpg,92459591,1.0,1.0,1,1,[1],1.0,1,1,[1],0.0,0.0,0.0,0,0.0
647,Fer_FEA02-03_18122021_33_21.jpg,92459594,1.0,1.0,1,1,[1],1.0,3,3,"[1, 1, 1]",0.0,0.0,0.0,0,0.0
648,Fer_FEA01_18122021_16_23.jpg,92459595,4.0,4.0,4,4,[4],4.0,1,4,[4],0.0,0.0,0.0,0,0.0
649,Fer_FEA01_18122021_11_16.jpg,92459596,4.5,4.5,2,7,"[2, 7]",4.5,2,9,"[2, 7]",1.0,0.0,5.0,0,4.0
650,Fer_FEA02-03_18122021_66_34.jpg,92459597,1.0,1.0,1,1,[1],1.0,2,2,"[1, 1]",0.0,0.0,0.0,0,0.0
651,Fer_FEA02-03_18122021_72_41.jpg,92459599,4.0,4.0,3,5,"[3, 5]",4.0,2,8,"[3, 5]",1.0,0.0,5.0,0,3.0
652,Fer_FEA02-03_18122021_6_17.jpg,92459600,1.0,1.06,1,1,[1],1.0,16,17,"[1, 1, 1, 1, 1, 1, 1, 1, 1, 1, 1, 1, 1, 1, 1, 2]",1.0,0.0,5.0,0,12.0
653,Fer_FEA02-03_18122021_47_11.jpg,92459601,11.0,11.15,11,11,[11],11.0,13,145,"[6, 6, 7, 9, 10, 10, 11, 11, 11, 13, 15, 17, 19]",12.0,0.0,5.0,0,6.0
654,Fer_FEA01_18122021_6_2.jpg,92459603,2.0,2.0,2,2,[2],2.0,1,2,[2],0.0,0.0,0.0,0,0.0
655,Fer_FEA02-03_18122021_71_38.jpg,92459610,1.0,1.0,1,1,[1],1.0,1,1,[1],0.0,0.0,0.0,0,0.0
656,Fer_FEA01_18122021_20_22.jpg,92459611,1.0,1.0,1,1,[1],1.0,1,1,[1],0.0,0.0,0.0,0,0.0
657,Fer_FEA02-03_18122021_41_4.jpg,92459615,2.0,2.0,2,2,[2],2.0,1,2,[2],0.0,0.0,0.0,0,0.0
658,Fer_FEA02-03_18122021_50_21.jpg,92459616,4.0,4.0,2,6,"[2, 6]",4.0,2,8,"[2, 6]",1.0,0.0,5.0,0,3.0
659,Fer_FEA01_18122021_4_10.jpg,92459619,1.0,1.0,1,1,[1],1.0,3,3,"[1, 1, 1]",0.0,0.0,0.0,0,0.0
660,Fer_FEA02-03_18122021_74_34.jpg,92459620,2.0,2.0,1,3,"[1, 3]",2.0,2,4,"[1, 3]",0.0,0.0,0.0,0,0.0
661,Fer_FEA02-03_18122021_39_4.jpg,92459625,1.0,4.33,1,1,[1],1.0,3,13,"[1, 1, 11]",1.0,0.0,5.0,0,8.0
662,Fer_FEA01_18122021_2_6.jpg,92459626,3.0,3.0,1,5,"[1, 5]",3.0,2,6,"[1, 5]",1.0,0.0,5.0,0,1.0
663,Fer_FEA02-03_18122021_52_30.jpg,92459628,1.0,1.0,1,1,[1],1.0,19,19,"[1, 1, 1, 1, 1, 1, 1, 1, 1, 1, 1, 1, 1, 1, 1, 1, 1, 1, 1]",1.0,0.0,5.0,0,12.0
664,Fer_FEA02-03_18122021_31_24.jpg,92459632,1.0,1.5,1,1,[1],1.0,6,9,"[1, 1, 1, 1, 1, 4]",1.0,0.0,5.0,0,4.0
665,Fer_FEA02-03_18122021_70_44.jpg,92459635,1.0,1.0,1,1,[1],1.0,2,2,"[1, 1]",0.0,0.0,0.0,0,0.0
666,Fer_FEA01_18122021_32_36.jpg,92459641,3.0,3.0,1,5,"[1, 5]",3.0,2,6,"[1, 5]",1.0,0.0,5.0,0,1.0
667,Fer_FEA02-03_18122021_19_19.jpg,92459642,1.0,1.0,1,1,[1],1.0,2,2,"[1, 1]",0.0,0.0,0.0,0,0.0
668,Fer_FEA02-03_18122021_17_20.jpg,92459645,1.5,1.5,1,2,"[1, 2]",1.5,2,3,"[1, 2]",0.0,0.0,0.0,0,0.0
669,Fer_FEA02-03_18122021_45_10.jpg,92459649,6.0,6.0,6,6,[6],6.0,1,6,[6],1.0,0.0,5.0,0,1.0
670,Fer_FEA02-03_18122021_42_19.jpg,92459651,1.0,1.0,1,1,[1],1.0,16,16,"[1, 1, 1, 1, 1, 1, 1, 1, 1, 1, 1, 1, 1, 1, 1, 1]",1.0,0.0,5.0,0,11.0
671,Fer_FEA02-03_18122021_42_25.jpg,92459654,1.0,1.0,1,1,[1],1.0,1,1,[1],0.0,0.0,0.0,0,0.0
672,Fer_FEA02-03_18122021_36_15.jpg,92459659,50.0,44.93,1,64,"[1, 23, 33, 35, 39, 41, 48, 50, 52, 55, 56, 57, 58, 62, 64]",44.93333333333333,15,674,"[1, 23, 33, 35, 39, 41, 48, 50, 52, 55, 56, 57, 58, 62, 64]",56.0,0.0,5.0,0,85.0
673,Fer_FEA02-03_18122021_64_35.jpg,92459660,9.0,9.0,9,9,[9],9.0,1,9,[9],1.0,0.0,5.0,0,4.0
674,Fer_FEA01_18122021_22_23.jpg,92459662,1.0,1.33,1,1,[1],1.0,3,4,"[1, 1, 2]",0.0,0.0,0.0,0,0.0
675,Fer_FEA01_18122021_2_2.jpg,92459663,1.0,1.0,1,1,[1],1.0,2,2,"[1, 1]",0.0,0.0,0.0,0,0.0
676,Fer_FEA02-03_18122021_55_29.jpg,92459664,2.5,2.5,2,3,"[2, 3]",2.5,2,5,"[2, 3]",1.0,0.0,5.0,0,0.0
677,Fer_FEA02-03_18122021_69_49.jpg,92459667,1.0,1.0,1,1,[1],1.0,3,3,"[1, 1, 1]",0.0,0.0,0.0,0,0.0
678,Fer_FEA02-03_18122021_21_19.jpg,92459672,1.0,2.0,1,1,[1],1.0,4,8,"[1, 1, 1, 5]",1.0,0.0,5.0,0,3.0
679,Fer_FEA01_18122021_20_26.jpg,92459675,1.0,1.0,1,1,[1],1.0,20,20,"[1, 1, 1, 1, 1, 1, 1, 1, 1, 1, 1, 1, 1, 1, 1, 1, 1, 1, 1, 1]",1.0,0.0,5.0,0,15.0
680,Fer_FEA02-03_18122021_50_25.jpg,92459676,3.0,3.0,2,4,"[2, 4]",3.0,2,6,"[2, 4]",1.0,0.0,5.0,0,0.0
681,Fer_FEA01_18122021_6_11.jpg,92459679,1.0,1.0,1,1,[1],1.0,10,10,"[1, 1, 1, 1, 1, 1, 1, 1, 1, 1]",1.0,0.0,5.0,0,5.0
682,Fer_FEA02-03_18122021_23_20.jpg,92459680,1.0,1.0,1,1,[1],1.0,1,1,[1],0.0,0.0,0.0,0,0.0
683,Fer_FEA02-03_18122021_24_15.jpg,92459681,3.0,2.94,3,3,[3],3.0,18,53,"[2, 3, 3, 3, 3, 3, 3, 3, 3, 3, 3, 3, 3, 3, 3, 3, 3, 3]",4.0,0.0,5.0,0,2.0
684,Fer_FEA02-03_18122021_62_40.jpg,92459682,1.0,1.0,1,1,[1],1.0,1,1,[1],0.0,0.0,0.0,0,0.0
685,Fer_FEA01_18122021_6_6.jpg,92459685,7.0,6.92,7,7,[7],7.0,13,90,"[3, 4, 4, 5, 6, 7, 7, 7, 8, 8, 9, 10, 12]",7.0,0.0,5.0,0,5.0
686,Fer_FEA01_18122021_30_37.jpg,92459686,1.0,1.0,1,1,[1],1.0,1,1,[1],0.0,0.0,0.0,0,0.0
687,Fer_FEA02-03_18122021_50_8.jpg,92459689,1.0,1.0,1,1,[1],1.0,1,1,[1],0.0,0.0,0.0,0,0.0
688,Fer_FEA01_18122021_8_9.jpg,92459690,1.0,1.0,1,1,[1],1.0,1,1,[1],0.0,0.0,0.0,0,0.0
689,Fer_FEA02-03_18122021_61_39.jpg,92459694,3.0,3.0,3,3,[3],3.0,1,3,[3],0.0,0.0,0.0,0,0.0
690,Fer_FEA02-03_18122021_33_19.jpg,92459695,1.0,1.0,1,1,[1],1.0,1,1,[1],0.0,0.0,0.0,0,0.0
691,Fer_FEA02-03_18122021_66_31.jpg,92459699,1.0,1.1,1,1,[1],1.0,10,11,"[1, 1, 1, 1, 1, 1, 1, 1, 1, 2]",1.0,0.0,5.0,0,6.0
692,Fer_FEA02-03_18122021_33_18.jpg,92459702,2.0,5.67,2,2,[2],2.0,3,17,"[2, 2, 13]",1.0,0.0,5.0,0,12.0
693,Fer_FEA02-03_18122021_62_41.jpg,92459713,1.0,1.0,1,1,[1],1.0,1,1,[1],0.0,0.0,0.0,0,0.0
694,Fer_FEA01_18122021_6_10.jpg,92459717,1.0,1.0,1,1,[1],1.0,19,19,"[1, 1, 1, 1, 1, 1, 1, 1, 1, 1, 1, 1, 1, 1, 1, 1, 1, 1, 1]",1.0,0.0,5.0,0,0.0
695,Fer_FEA02-03_18122021_50_18.jpg,92459722,3.0,3.0,3,3,[3],3.0,1,3,[3],0.0,0.0,0.0,0,0.0
696,Fer_FEA02-03_18122021_73_38.jpg,92459726,1.0,1.0,1,1,[1],1.0,1,1,[1],0.0,0.0,0.0,0,0.0
697,Fer_FEA02-03_18122021_49_8.jpg,92459727,1.0,1.0,1,1,[1],1.0,1,1,[1],0.0,0.0,0.0,0,0.0
698,Fer_FEA02-03_18122021_69_48.jpg,92459728,1.0,1.0,1,1,[1],1.0,3,3,"[1, 1, 1]",0.0,0.0,0.0,0,0.0
699,Fer_FEA02-03_18122021_47_7.jpg,92459731,1.0,1.0,1,1,[1],1.0,1,1,[1],0.0,0.0,0.0,0,0.0
700,Fer_FEA02-03_18122021_64_34.jpg,92459739,1.0,1.0,1,1,[1],1.0,2,2,"[1, 1]",0.0,0.0,0.0,0,0.0
701,Fer_FEA02-03_18122021_31_21.jpg,92459742,1.0,1.0,1,1,[1],1.0,1,1,[1],0.0,0.0,0.0,0,0.0
702,Fer_FEA02-03_18122021_19_20.jpg,92459745,1.0,1.0,1,1,[1],1.0,1,1,[1],0.0,0.0,0.0,0,0.0
703,Fer_FEA02-03_18122021_42_24.jpg,92459746,1.0,1.0,1,1,[1],1.0,1,1,[1],0.0,0.0,0.0,0,0.0
704,Fer_FEA02-03_18122021_4_17.jpg,92459748,1.0,1.0,1,1,[1],1.0,1,1,[1],0.0,0.0,0.0,0,0.0
705,Fer_FEA02-03_18122021_45_11.jpg,92459749,1.0,1.0,1,1,[1],1.0,1,1,[1],0.0,0.0,0.0,0,0.0
706,Fer_FEA02-03_18122021_42_18.jpg,92459750,4.0,4.0,3,5,"[3, 5]",4.0,2,8,"[3, 5]",1.0,0.0,5.0,0,3.0
707,Fer_FEA01_18122021_35_38.jpg,92459753,2.0,2.0,2,2,[2],2.0,1,2,[2],0.0,0.0,0.0,0,0.0
708,Fer_FEA02-03_18122021_4_15.jpg,92459754,3.0,3.0,3,3,[3],3.0,1,3,[3],0.0,0.0,0.0,0,0.0
709,Fer_FEA02-03_18122021_19_22.jpg,92459755,1.0,1.0,1,1,[1],1.0,1,1,[1],0.0,0.0,0.0,0,0.0
710,Fer_FEA02-03_18122021_45_7.jpg,92459756,2.0,2.0,2,2,[2],2.0,1,2,[2],0.0,0.0,0.0,0,0.0
711,Fer_FEA02-03_18122021_36_16.jpg,92459760,10.0,9.59,10,10,[10],10.0,17,163,"[6, 8, 8, 9, 9, 10, 10, 10, 10, 10, 10, 10, 10, 10, 10, 11, 12]",9.0,0.0,5.0,0,9.0
712,Fer_FEA01_18122021_4_17.jpg,92459767,1.0,1.0,1,1,[1],1.0,9,9,"[1, 1, 1, 1, 1, 1, 1, 1, 1]",1.0,0.0,5.0,0,4.0
713,Fer_FEA01_18122021_20_25.jpg,92459771,1.0,1.0,1,1,[1],1.0,1,1,[1],0.0,0.0,0.0,0,0.0
714,Fer_FEA01_18122021_4_7.jpg,92459773,3.0,3.0,3,3,[3],3.0,1,3,[3],0.0,0.0,0.0,0,0.0
715,Fer_FEA02-03_18122021_52_9.jpg,92459774,1.0,1.0,1,1,[1],1.0,1,1,[1],0.0,0.0,0.0,0,0.0
716,Fer_FEA01_18122021_6_12.jpg,92459776,4.0,4.17,4,4,[4],4.0,12,50,"[4, 4, 4, 4, 4, 4, 4, 4, 4, 4, 5, 5]",5.0,0.0,5.0,0,2.0
717,Fer_FEA02-03_18122021_24_16.jpg,92459777,1.0,1.0,1,1,[1],1.0,7,7,"[1, 1, 1, 1, 1, 1, 1]",1.0,0.0,5.0,0,2.0
718,Fer_FEA01_18122021_30_34.jpg,92459778,1.0,1.0,1,1,[1],1.0,1,1,[1],0.0,0.0,0.0,0,0.0
719,Fer_FEA01_18122021_6_5.jpg,92459779,3.5,4.0,3,3,[3],3.0,10,40,"[1, 2, 3, 3, 3, 4, 4, 5, 7, 8]",4.0,0.0,5.0,0,3.0
720,Fer_FEA02-03_18122021_15_23.jpg,92459793,2.0,2.0,2,2,[2],2.0,1,2,[2],0.0,0.0,0.0,0,0.0
721,Fer_FEA02-03_18122021_62_42.jpg,92459796,1.0,1.0,1,1,[1],1.0,1,1,[1],0.0,0.0,0.0,0,0.0
722,Fer_FEA01_18122021_4_6.jpg,92459801,1.5,1.88,1,1,[1],1.0,8,15,"[1, 1, 1, 1, 2, 2, 2, 5]",1.0,0.0,5.0,0,10.0
723,Fer_FEA01_18122021_4_16.jpg,92459805,2.0,1.95,2,2,[2],2.0,20,39,"[1, 1, 1, 1, 1, 1, 2, 2, 2, 2, 2, 2, 2, 2, 2, 2, 2, 3, 4, 4]",3.0,0.0,5.0,0,0.0
724,Fer_FEA02-03_18122021_36_17.jpg,92459810,1.0,1.0,1,1,[1],1.0,10,10,"[1, 1, 1, 1, 1, 1, 1, 1, 1, 1]",1.0,0.0,5.0,0,5.0
725,Fer_FEA02-03_18122021_3_21.jpg,92459815,1.0,1.0,1,1,[1],1.0,2,2,"[1, 1]",0.0,0.0,0.0,0,0.0
726,Fer_FEA02-03_18122021_19_23.jpg,92459818,11.5,13.44,9,11,"[9, 11]",10.0,16,215,"[6, 9, 9, 9, 10, 11, 11, 11, 12, 13, 15, 16, 18, 19, 22, 24]",15.0,0.0,5.0,0,23.0
727,Fer_FEA02-03_18122021_4_14.jpg,92459819,7.5,8.25,7,7,[7],7.0,8,66,"[2, 6, 7, 7, 8, 10, 12, 14]",5.0,0.0,5.0,0,15.0
728,Fer_FEA02-03_18122021_51_28.jpg,92459825,1.0,1.0,1,1,[1],1.0,1,1,[1],0.0,0.0,0.0,0,0.0
729,Fer_FEA02-03_18122021_58_30.jpg,92459827,1.0,1.0,1,1,[1],1.0,1,1,[1],0.0,0.0,0.0,0,0.0
730,Fer_FEA01_18122021_7_20.jpg,92459831,1.0,1.0,1,1,[1],1.0,1,1,[1],0.0,0.0,0.0,0,0.0
731,Fer_FEA01_18122021_9_25.jpg,92459832,4.0,4.0,4,4,[4],4.0,1,4,[4],0.0,0.0,0.0,0,0.0
732,Fer_FEA02-03_18122021_40_5.jpg,92459833,1.0,1.0,1,1,[1],1.0,1,1,[1],0.0,0.0,0.0,0,0.0
733,Fer_FEA02-03_18122021_46_18.jpg,92459836,4.0,4.0,4,4,[4],4.0,1,4,[4],0.0,0.0,0.0,0,0.0
734,Fer_FEA02-03_18122021_2_12.jpg,92459843,1.0,1.0,1,1,[1],1.0,1,1,[1],0.0,0.0,0.0,0,0.0
735,Fer_FEA02-03_18122021_38_5.jpg,92459848,1.0,1.0,1,1,[1],1.0,1,1,[1],0.0,0.0,0.0,0,0.0
736,Fer_FEA02-03_18122021_37_18.jpg,92459850,4.0,4.0,2,6,"[2, 6]",4.0,2,8,"[2, 6]",1.0,0.0,5.0,0,3.0
737,Fer_FEA02-03_18122021_54_30.jpg,92459854,6.0,6.0,6,6,[6],6.0,1,6,[6],1.0,0.0,5.0,0,1.0
738,Fer_FEA01_18122021_24_27.jpg,92459855,1.0,1.0,1,1,[1],1.0,1,1,[1],0.0,0.0,0.0,0,0.0
739,Fer_FEA01_18122021_1_5.jpg,92459857,2.0,2.2,2,2,[2],2.0,5,11,"[2, 2, 2, 2, 3]",1.0,0.0,5.0,0,5.0
740,Fer_FEA02-03_18122021_72_34.jpg,92459859,2.0,2.0,1,3,"[1, 3]",2.0,2,4,"[1, 3]",0.0,0.0,0.0,0,0.0
741,Fer_FEA02-03_18122021_68_44.jpg,92459865,1.0,1.0,1,1,[1],1.0,1,1,[1],0.0,0.0,0.0,0,0.0
742,Fer_FEA02-03_18122021_68_45.jpg,92459871,1.0,1.0,1,1,[1],1.0,1,1,[1],0.0,0.0,0.0,0,0.0
743,Fer_FEA02-03_18122021_20_15.jpg,92459873,24.0,22.71,24,24,[24],24.0,17,386,"[1, 4, 14, 15, 17, 18, 21, 24, 24, 24, 27, 28, 28, 30, 32, 35, 44]",30.0,0.0,5.0,0,60.0
744,Fer_FEA02-03_18122021_72_35.jpg,92459876,1.0,1.0,1,1,[1],1.0,1,1,[1],0.0,0.0,0.0,0,0.0
745,Fer_FEA01_18122021_24_26.jpg,92459881,2.0,1.8,2,2,[2],2.0,15,27,"[1, 1, 1, 2, 2, 2, 2, 2, 2, 2, 2, 2, 2, 2, 2]",2.0,0.0,5.0,0,1.0
746,Fer_FEA02-03_18122021_54_25.jpg,92459883,5.0,5.0,5,5,[5],5.0,1,5,[5],1.0,0.0,5.0,0,0.0
747,Fer_FEA02-03_18122021_62_30.jpg,92459885,1.0,1.0,1,1,[1],1.0,1,1,[1],0.0,0.0,0.0,0,0.0
748,Fer_FEA02-03_18122021_39_20.jpg,92459891,9.0,9.0,9,9,[9],9.0,1,9,[9],1.0,0.0,5.0,0,4.0
749,Fer_FEA02-03_18122021_38_4.jpg,92459892,1.0,1.0,1,1,[1],1.0,1,1,[1],0.0,0.0,0.0,0,0.0
750,Fer_FEA02-03_18122021_11_21.jpg,92459895,2.0,2.0,2,2,[2],2.0,1,2,[2],0.0,0.0,0.0,0,0.0
751,Fer_FEA02-03_18122021_43_15.jpg,92459897,1.0,1.0,1,1,[1],1.0,1,1,[1],0.0,0.0,0.0,0,0.0
752,Fer_FEA01_18122021_10_22.jpg,92459901,2.0,2.0,2,2,[2],2.0,1,2,[2],0.0,0.0,0.0,0,0.0
753,Fer_FEA02-03_18122021_74_40.jpg,92459903,3.0,3.0,3,3,[3],3.0,1,3,[3],0.0,0.0,0.0,0,0.0
754,Fer_FEA02-03_18122021_60_35.jpg,92459904,1.0,1.0,1,1,[1],1.0,1,1,[1],0.0,0.0,0.0,0,0.0
755,Fer_FEA02-03_18122021_13_24.jpg,92459906,1.0,1.0,1,1,[1],1.0,1,1,[1],0.0,0.0,0.0,0,0.0
756,Fer_FEA02-03_18122021_46_19.jpg,92459908,1.0,1.0,1,1,[1],1.0,2,2,"[1, 1]",0.0,0.0,0.0,0,0.0
757,Fer_FEA02-03_18122021_40_4.jpg,92459911,1.0,1.0,1,1,[1],1.0,1,1,[1],0.0,0.0,0.0,0,0.0
758,Fer_FEA02-03_18122021_51_29.jpg,92459919,5.0,5.0,5,5,[5],5.0,1,5,[5],1.0,0.0,5.0,0,0.0
759,Fer_FEA01_18122021_28_30.jpg,92459921,8.0,9.43,8,8,[8],8.0,7,66,"[1, 8, 8, 8, 11, 14, 16]",1.0,0.0,5.0,0,0.0
760,Fer_FEA02-03_18122021_58_33.jpg,92459922,6.0,6.0,6,6,[6],6.0,1,6,[6],1.0,0.0,5.0,0,1.0
761,Fer_FEA02-03_18122021_58_27.jpg,92459926,6.0,6.0,6,6,[6],6.0,1,6,[6],1.0,0.0,5.0,0,1.0
762,Fer_FEA02-03_18122021_70_32.jpg,92459928,1.0,1.0,1,1,[1],1.0,1,1,[1],0.0,0.0,0.0,0,0.0
763,Fer_FEA02-03_18122021_48_22.jpg,92459933,6.0,6.0,6,6,[6],6.0,1,6,[6],1.0,0.0,5.0,0,1.0
764,Fer_FEA01_18122021_31_39.jpg,92459934,1.0,1.0,1,1,[1],1.0,1,1,[1],0.0,0.0,0.0,0,0.0
765,Fer_FEA02-03_18122021_32_17.jpg,92459936,8.0,8.0,7,9,"[7, 9]",8.0,2,16,"[7, 9]",1.0,0.0,5.0,0,11.0
766,Fer_FEA02-03_18122021_36_9.jpg,92459939,3.0,3.0,1,5,"[1, 5]",3.0,2,6,"[1, 5]",1.0,0.0,5.0,0,1.0
767,Fer_FEA02-03_18122021_44_22.jpg,92459940,1.0,1.0,1,1,[1],1.0,4,4,"[1, 1, 1, 1]",0.0,0.0,0.0,0,0.0
768,Fer_FEA02-03_18122021_11_23.jpg,92459942,1.0,1.0,1,1,[1],1.0,1,1,[1],0.0,0.0,0.0,0,0.0
769,Fer_FEA02-03_18122021_2_11.jpg,92459944,1.0,1.0,1,1,[1],1.0,5,5,"[1, 1, 1, 1, 1]",1.0,0.0,5.0,0,0.0
770,Fer_FEA02-03_18122021_43_17.jpg,92459946,3.0,3.0,3,3,[3],3.0,1,3,[3],0.0,0.0,0.0,0,0.0
771,Fer_FEA01_18122021_24_24.jpg,92459958,2.5,2.62,2,3,"[2, 3]",2.5,8,21,"[1, 2, 2, 2, 3, 3, 3, 5]",3.0,0.0,5.0,0,2.0
772,Fer_FEA02-03_18122021_72_37.jpg,92459961,1.0,1.0,1,1,[1],1.0,1,1,[1],0.0,0.0,0.0,0,0.0
773,Fer_FEA02-03_18122021_66_42.jpg,92459962,1.0,1.43,1,1,[1],1.0,14,20,"[1, 1, 1, 1, 1, 1, 1, 1, 1, 1, 1, 1, 2, 6]",1.0,0.0,5.0,0,14.0
774,Fer_FEA02-03_18122021_20_17.jpg,92459964,3.0,4.12,3,3,[3],3.0,16,66,"[2, 2, 2, 2, 3, 3, 3, 3, 3, 4, 4, 5, 5, 7, 8, 10]",5.0,0.0,5.0,0,6.0
775,Fer_FEA02-03_18122021_68_46.jpg,92459968,1.0,1.0,1,1,[1],1.0,1,1,[1],0.0,0.0,0.0,0,0.0
776,Fer_FEA02-03_18122021_66_43.jpg,92459970,2.0,2.0,1,3,"[1, 3]",2.0,2,4,"[1, 3]",0.0,0.0,0.0,0,0.0
777,Fer_FEA02-03_18122021_20_16.jpg,92459972,14.5,15.33,15,15,[15],15.0,12,184,"[5, 11, 11, 12, 14, 14, 15, 15, 15, 21, 23, 28]",15.0,0.0,5.0,0,27.0
778,Fer_FEA02-03_18122021_72_36.jpg,92459973,1.0,1.0,1,1,[1],1.0,13,13,"[1, 1, 1, 1, 1, 1, 1, 1, 1, 1, 1, 1, 1]",1.0,0.0,5.0,0,8.0
779,Fer_FEA01_18122021_24_25.jpg,92459974,1.0,1.0,1,1,[1],1.0,4,4,"[1, 1, 1, 1]",0.0,0.0,0.0,0,0.0
780,Fer_FEA01_18122021_1_7.jpg,92459976,1.0,1.13,1,1,[1],1.0,15,17,"[1, 1, 1, 1, 1, 1, 1, 1, 1, 1, 1, 1, 1, 1, 3]",1.0,0.0,5.0,0,4.0
781,Fer_FEA01_18122021_24_31.jpg,92459977,2.0,2.0,2,2,[2],2.0,1,2,[2],0.0,0.0,0.0,0,0.0
782,Fer_FEA02-03_18122021_54_32.jpg,92459978,2.0,2.0,2,2,[2],2.0,1,2,[2],0.0,0.0,0.0,0,0.0
783,Fer_FEA02-03_18122021_54_26.jpg,92459980,1.0,1.0,1,1,[1],1.0,1,1,[1],0.0,0.0,0.0,0,0.0
784,Fer_FEA02-03_18122021_39_23.jpg,92459983,1.0,1.33,1,1,[1],1.0,3,4,"[1, 1, 2]",0.0,0.0,0.0,0,0.0
785,Fer_FEA01_18122021_12_18.jpg,92459985,1.0,1.0,1,1,[1],1.0,1,1,[1],0.0,0.0,0.0,0,0.0
786,Fer_FEA02-03_18122021_43_16.jpg,92459987,2.0,2.0,2,2,[2],2.0,1,2,[2],0.0,0.0,0.0,0,0.0
787,Fer_FEA02-03_18122021_35_23.jpg,92459994,19.0,19.0,19,19,[19],19.0,1,19,[19],1.0,0.0,5.0,0,5.0
788,Fer_FEA02-03_18122021_40_7.jpg,92460001,1.0,1.0,1,1,[1],1.0,1,1,[1],0.0,0.0,0.0,0,0.0
789,Fer_FEA02-03_18122021_70_33.jpg,92460003,1.0,1.0,1,1,[1],1.0,5,5,"[1, 1, 1, 1, 1]",1.0,0.0,5.0,0,0.0
790,Fer_FEA01_18122021_28_31.jpg,92460008,1.0,1.08,1,1,[1],1.0,13,14,"[1, 1, 1, 1, 1, 1, 1, 1, 1, 1, 1, 1, 2]",1.0,0.0,5.0,0,9.0
791,Fer_FEA02-03_18122021_48_27.jpg,92460024,4.0,4.4,3,3,[3],3.0,10,44,"[1, 2, 3, 3, 3, 5, 6, 6, 7, 8]",5.0,0.0,5.0,0,4.0
792,Fer_FEA02-03_18122021_7_18.jpg,92460029,1.0,1.0,1,1,[1],1.0,13,13,"[1, 1, 1, 1, 1, 1, 1, 1, 1, 1, 1, 1, 1]",1.0,0.0,5.0,0,8.0
793,Fer_FEA02-03_18122021_46_22.jpg,92460030,7.0,6.92,10,10,[10],10.0,13,90,"[1, 1, 3, 4, 5, 7, 7, 9, 10, 10, 10, 11, 12]",8.0,0.0,5.0,0,12.0
794,Fer_FEA01_18122021_33_39.jpg,92460034,10.0,9.65,9,9,[9],9.0,17,164,"[1, 5, 6, 7, 9, 9, 9, 9, 10, 10, 11, 12, 12, 13, 13, 14, 14]",13.0,0.0,5.0,0,8.0
795,Fer_FEA02-03_18122021_43_12.jpg,92460037,1.0,1.0,1,1,[1],1.0,2,2,"[1, 1]",0.0,0.0,0.0,0,0.0
796,Fer_FEA01_18122021_12_20.jpg,92460040,1.0,1.0,1,1,[1],1.0,6,6,"[1, 1, 1, 1, 1, 1]",1.0,0.0,5.0,0,1.0
797,Fer_FEA01_18122021_1_3.jpg,92460045,4.5,4.5,1,8,"[1, 8]",4.5,2,9,"[1, 8]",1.0,0.0,5.0,0,4.0
798,Fer_FEA01_18122021_23_28.jpg,92460046,1.0,1.0,1,1,[1],1.0,1,1,[1],0.0,0.0,0.0,0,0.0
799,Fer_FEA01_18122021_5_23.jpg,92460049,3.0,3.0,3,3,[3],3.0,1,3,[3],0.0,0.0,0.0,0,0.0
800,Fer_FEA02-03_18122021_66_47.jpg,92460053,1.0,1.0,1,1,[1],1.0,2,2,"[1, 1]",0.0,0.0,0.0,0,0.0
801,Fer_FEA01_18122021_43_44.jpg,92460057,1.0,1.0,1,1,[1],1.0,2,2,"[1, 1]",0.0,0.0,0.0,0,0.0
802,Fer_FEA01_18122021_5_22.jpg,92460059,1.0,1.0,1,1,[1],1.0,9,9,"[1, 1, 1, 1, 1, 1, 1, 1, 1]",1.0,0.0,5.0,0,4.0
803,Fer_FEA01_18122021_1_2.jpg,92460063,12.0,12.0,12,12,[12],12.0,1,12,[12],1.0,0.0,5.0,0,7.0
804,Fer_FEA02-03_18122021_5_20.jpg,92460068,1.0,1.0,1,1,[1],1.0,1,1,[1],0.0,0.0,0.0,0,0.0
805,Fer_FEA02-03_18122021_43_13.jpg,92460069,1.0,1.0,1,1,[1],1.0,1,1,[1],0.0,0.0,0.0,0,0.0
806,Fer_FEA01_18122021_33_38.jpg,92460072,13.5,12.83,17,20,"[17, 20]",18.5,18,231,"[2, 2, 3, 6, 9, 11, 12, 12, 13, 14, 15, 17, 17, 17, 20, 20, 20, 21]",18.0,0.0,5.0,0,13.0
807,Fer_FEA02-03_18122021_60_33.jpg,92460074,4.0,4.0,2,6,"[2, 6]",4.0,2,8,"[2, 6]",1.0,0.0,5.0,0,3.0
808,Fer_FEA02-03_18122021_46_23.jpg,92460077,1.0,1.0,1,1,[1],1.0,12,12,"[1, 1, 1, 1, 1, 1, 1, 1, 1, 1, 1, 1]",1.0,0.0,5.0,0,7.0
809,Fer_FEA01_18122021_5_6.jpg,92460078,29.0,28.21,29,29,[29],29.0,14,395,"[5, 9, 22, 26, 27, 28, 29, 29, 33, 34, 35, 36, 39, 43]",30.0,0.0,5.0,0,72.0
810,Fer_FEA02-03_18122021_48_26.jpg,92460081,9.0,8.67,6,6,[6],6.0,9,78,"[6, 6, 6, 8, 9, 9, 11, 11, 12]",7.0,0.0,5.0,0,24.0
811,Fer_FEA02-03_18122021_22_16.jpg,92460085,2.0,1.75,2,2,[2],2.0,12,21,"[1, 1, 1, 2, 2, 2, 2, 2, 2, 2, 2, 2]",2.0,0.0,5.0,0,0.0
812,Fer_FEA02-03_18122021_56_32.jpg,92460088,1.0,1.0,1,1,[1],1.0,1,1,[1],0.0,0.0,0.0,0,0.0
813,Fer_FEA02-03_18122021_56_26.jpg,92460089,1.0,1.0,1,1,[1],1.0,1,1,[1],0.0,0.0,0.0,0,0.0
814,Fer_FEA01_18122021_28_36.jpg,92460098,3.0,3.0,1,5,"[1, 5]",3.0,2,6,"[1, 5]",1.0,0.0,5.0,0,1.0
815,Fer_FEA01_18122021_9_9.jpg,92460101,4.0,4.0,4,4,[4],4.0,1,4,[4],0.0,0.0,0.0,0,0.0
816,Fer_FEA02-03_18122021_22_14.jpg,92460102,10.0,9.47,11,12,"[11, 12]",11.5,19,180,"[4, 5, 5, 7, 7, 8, 8, 9, 9, 10, 10, 11, 11, 11, 12, 12, 12, 14, 15]",13.0,0.0,5.0,0,12.0
817,Fer_FEA02-03_18122021_46_21.jpg,92460113,1.0,1.0,1,1,[1],1.0,1,1,[1],0.0,0.0,0.0,0,0.0
818,Fer_FEA02-03_18122021_43_11.jpg,92460120,1.0,1.0,1,1,[1],1.0,4,4,"[1, 1, 1, 1]",0.0,0.0,0.0,0,0.0
819,Fer_FEA02-03_18122021_5_22.jpg,92460124,1.0,1.67,1,1,[1],1.0,3,5,"[1, 1, 3]",1.0,0.0,5.0,0,0.0
820,Fer_FEA02-03_18122021_46_6.jpg,92460127,1.5,1.5,1,2,"[1, 2]",1.5,2,3,"[1, 2]",0.0,0.0,0.0,0,0.0
821,Fer_FEA02-03_18122021_39_18.jpg,92460128,1.0,1.0,1,1,[1],1.0,2,2,"[1, 1]",0.0,0.0,0.0,0,0.0
822,Fer_FEA01_18122021_12_23.jpg,92460130,1.0,1.0,1,1,[1],1.0,1,1,[1],0.0,0.0,0.0,0,0.0
823,Fer_FEA02-03_18122021_39_24.jpg,92460133,1.0,1.0,1,1,[1],1.0,1,1,[1],0.0,0.0,0.0,0,0.0
824,Fer_FEA02-03_18122021_71_48.jpg,92460136,1.0,1.0,1,1,[1],1.0,1,1,[1],0.0,0.0,0.0,0,0.0
825,Fer_FEA02-03_18122021_53_28.jpg,92460139,1.0,2.5,1,1,[1],1.0,4,10,"[1, 1, 1, 7]",1.0,0.0,5.0,0,5.0
826,Fer_FEA02-03_18122021_68_41.jpg,92460140,1.0,1.0,1,1,[1],1.0,1,1,[1],0.0,0.0,0.0,0,0.0
827,Fer_FEA02-03_18122021_27_18.jpg,92460141,4.0,4.0,1,7,"[1, 7]",4.0,2,8,"[1, 7]",1.0,0.0,5.0,0,3.0
828,Fer_FEA01_18122021_5_20.jpg,92460145,8.0,8.0,8,8,[8],8.0,1,8,[8],1.0,0.0,5.0,0,3.0
829,Fer_FEA02-03_18122021_29_21.jpg,92460147,2.0,2.0,2,2,[2],2.0,1,2,[2],0.0,0.0,0.0,0,0.0
830,Fer_FEA01_18122021_5_21.jpg,92460148,4.0,4.0,4,4,[4],4.0,1,4,[4],0.0,0.0,0.0,0,0.0
831,Fer_FEA02-03_18122021_27_19.jpg,92460151,1.0,1.0,1,1,[1],1.0,2,2,"[1, 1]",0.0,0.0,0.0,0,0.0
832,Fer_FEA02-03_18122021_66_45.jpg,92460152,1.0,1.0,1,1,[1],1.0,8,8,"[1, 1, 1, 1, 1, 1, 1, 1]",1.0,0.0,5.0,0,3.0
833,Fer_FEA02-03_18122021_53_29.jpg,92460155,11.0,11.0,11,11,[11],11.0,1,11,[11],1.0,0.0,5.0,0,5.0
834,Fer_FEA01_18122021_1_1.jpg,92460156,1.0,1.0,1,1,[1],1.0,1,1,[1],0.0,0.0,0.0,0,0.0
835,Fer_FEA01_18122021_15_17.jpg,92460158,4.0,4.0,4,4,[4],4.0,1,4,[4],0.0,0.0,0.0,0,0.0
836,Fer_FEA02-03_18122021_39_25.jpg,92460160,5.0,5.0,5,5,[5],5.0,1,5,[5],1.0,0.0,5.0,0,0.0
837,Fer_FEA02-03_18122021_48_8.jpg,92460161,3.0,3.0,3,3,[3],3.0,1,3,[3],0.0,0.0,0.0,0,0.0
838,Fer_FEA01_18122021_12_22.jpg,92460164,1.0,1.0,1,1,[1],1.0,1,1,[1],0.0,0.0,0.0,0,0.0
839,Fer_FEA02-03_18122021_39_19.jpg,92460165,3.0,3.0,1,5,"[1, 5]",3.0,2,6,"[1, 5]",1.0,0.0,5.0,0,1.0
840,Fer_FEA02-03_18122021_46_7.jpg,92460167,6.0,6.0,6,6,[6],6.0,1,6,[6],1.0,0.0,5.0,0,1.0
841,Fer_FEA02-03_18122021_5_23.jpg,92460169,1.0,1.0,1,1,[1],1.0,1,1,[1],0.0,0.0,0.0,0,0.0
842,Fer_FEA01_18122021_3_3.jpg,92460171,1.0,1.0,1,1,[1],1.0,1,1,[1],0.0,0.0,0.0,0,0.0
843,Fer_FEA02-03_18122021_2_16.jpg,92460174,2.0,2.0,2,2,[2],2.0,1,2,[2],0.0,0.0,0.0,0,0.0
844,Fer_FEA02-03_18122021_13_21.jpg,92460182,1.0,1.0,1,1,[1],1.0,1,1,[1],0.0,0.0,0.0,0,0.0
845,Fer_FEA02-03_18122021_48_25.jpg,92460184,1.0,1.0,1,1,[1],1.0,1,1,[1],0.0,0.0,0.0,0,0.0
846,Fer_FEA01_18122021_5_5.jpg,92460186,8.0,7.0,9,9,[9],9.0,14,98,"[2, 2, 2, 7, 7, 7, 8, 8, 9, 9, 9, 9, 9, 10]",9.0,0.0,5.0,0,8.0
847,Fer_FEA02-03_18122021_22_15.jpg,92460188,10.0,10.57,1,24,"[1, 6, 8, 10, 11, 14, 24]",10.571428571428571,7,74,"[1, 6, 8, 10, 11, 14, 24]",7.0,0.0,5.0,0,6.0
848,Fer_FEA01_18122021_41_42.jpg,92460190,1.0,1.0,1,1,[1],1.0,15,15,"[1, 1, 1, 1, 1, 1, 1, 1, 1, 1, 1, 1, 1, 1, 1]",1.0,0.0,5.0,0,10.0
849,Fer_FEA01_18122021_7_7.jpg,92460200,1.0,1.0,1,1,[1],1.0,1,1,[1],0.0,0.0,0.0,0,0.0
850,Fer_FEA02-03_18122021_56_28.jpg,92460203,1.0,1.0,1,1,[1],1.0,1,1,[1],0.0,0.0,0.0,0,0.0
851,Fer_FEA02-03_18122021_7_17.jpg,92460211,1.0,1.56,1,1,[1],1.0,9,14,"[1, 1, 1, 1, 1, 2, 2, 2, 3]",1.0,0.0,5.0,0,9.0
852,Fer_FEA02-03_18122021_48_14.jpg,92460215,1.0,1.0,1,1,[1],1.0,1,1,[1],0.0,0.0,0.0,0,0.0
853,Fer_FEA02-03_18122021_41_24.jpg,92460216,2.0,2.0,2,2,[2],2.0,1,2,[2],0.0,0.0,0.0,0,0.0
854,Fer_FEA02-03_18122021_73_41.jpg,92460220,1.0,1.0,1,1,[1],1.0,1,1,[1],0.0,0.0,0.0,0,0.0
855,Fer_FEA02-03_18122021_36_3.jpg,92460227,1.0,1.0,1,1,[1],1.0,1,1,[1],0.0,0.0,0.0,0,0.0
856,Fer_FEA02-03_18122021_43_21.jpg,92460228,2.0,2.0,2,2,[2],2.0,1,2,[2],0.0,0.0,0.0,0,0.0
857,Fer_FEA01_18122021_23_27.jpg,92460235,1.0,1.0,1,1,[1],1.0,14,14,"[1, 1, 1, 1, 1, 1, 1, 1, 1, 1, 1, 1, 1, 1]",1.0,0.0,5.0,0,9.0
858,Fer_FEA01_18122021_5_10.jpg,92460240,1.0,1.1,1,1,[1],1.0,10,11,"[1, 1, 1, 1, 1, 1, 1, 1, 1, 2]",1.0,0.0,5.0,0,6.0
859,Fer_FEA02-03_18122021_20_21.jpg,92460241,1.0,1.0,1,1,[1],1.0,3,3,"[1, 1, 1]",0.0,0.0,0.0,0,0.0
860,Fer_FEA02-03_18122021_75_34.jpg,92460244,1.0,1.0,1,1,[1],1.0,1,1,[1],0.0,0.0,0.0,0,0.0
861,Fer_FEA02-03_18122021_66_48.jpg,92460247,4.5,4.5,1,8,"[1, 8]",4.5,2,9,"[1, 8]",1.0,0.0,5.0,0,4.0
862,Fer_FEA01_18122021_5_11.jpg,92460255,1.0,1.0,1,1,[1],1.0,1,1,[1],0.0,0.0,0.0,0,0.0
863,Fer_FEA02-03_18122021_53_31.jpg,92460258,6.0,6.0,6,6,[6],6.0,1,6,[6],1.0,0.0,5.0,0,1.0
864,Fer_FEA02-03_18122021_44_9.jpg,92460260,1.0,1.0,1,1,[1],1.0,1,1,[1],0.0,0.0,0.0,0,0.0
865,Fer_FEA02-03_18122021_37_10.jpg,92460262,1.0,1.0,1,1,[1],1.0,1,1,[1],0.0,0.0,0.0,0,0.0
866,Fer_FEA02-03_18122021_71_45.jpg,92460263,1.5,1.5,1,2,"[1, 2]",1.5,2,3,"[1, 2]",0.0,0.0,0.0,0,0.0
867,Fer_FEA02-03_18122021_62_39.jpg,92460264,2.0,2.0,1,3,"[1, 3]",2.0,2,4,"[1, 3]",0.0,0.0,0.0,0,0.0
868,Fer_FEA02-03_18122021_16_21.jpg,92460271,4.0,4.0,4,4,[4],4.0,2,8,"[4, 4]",1.0,0.0,5.0,0,3.0
869,Fer_FEA02-03_18122021_60_28.jpg,92460272,1.0,1.33,1,1,[1],1.0,3,4,"[1, 1, 2]",0.0,0.0,0.0,0,0.0
870,Fer_FEA02-03_18122021_7_16.jpg,92460281,3.0,2.67,3,3,[3],3.0,3,8,"[2, 3, 3]",1.0,0.0,5.0,0,3.0
871,Fer_FEA02-03_18122021_41_19.jpg,92460282,2.0,2.0,2,2,[2],2.0,1,2,[2],0.0,0.0,0.0,0,0.0
872,Fer_FEA01_18122021_5_9.jpg,92460283,1.0,1.08,1,1,[1],1.0,12,13,"[1, 1, 1, 1, 1, 1, 1, 1, 1, 1, 1, 2]",1.0,0.0,5.0,0,8.0
873,Fer_FEA01_18122021_7_14.jpg,92460289,5.0,4.5,5,5,[5],5.0,10,45,"[1, 1, 4, 5, 5, 5, 5, 6, 6, 7]",5.0,0.0,5.0,0,3.0
874,Fer_FEA02-03_18122021_56_29.jpg,92460290,3.0,3.0,3,3,[3],3.0,1,3,[3],0.0,0.0,0.0,0,0.0
875,Fer_FEA01_18122021_9_13.jpg,92460298,1.0,1.0,1,1,[1],1.0,2,2,"[1, 1]",0.0,0.0,0.0,0,0.0
876,Fer_FEA01_18122021_36_39.jpg,92460299,1.0,1.0,1,1,[1],1.0,1,1,[1],0.0,0.0,0.0,0,0.0
877,Fer_FEA02-03_18122021_44_17.jpg,92460305,1.0,1.0,1,1,[1],1.0,1,1,[1],0.0,0.0,0.0,0,0.0
878,Fer_FEA01_18122021_33_35.jpg,92460306,1.0,1.0,1,1,[1],1.0,1,1,[1],0.0,0.0,0.0,0,0.0
879,Fer_FEA02-03_18122021_43_22.jpg,92460309,3.0,3.0,3,3,[3],3.0,1,3,[3],0.0,0.0,0.0,0,0.0
880,Fer_FEA02-03_18122021_46_9.jpg,92460310,2.5,2.5,2,3,"[2, 3]",2.5,2,5,"[2, 3]",1.0,0.0,5.0,0,0.0
881,Fer_FEA02-03_18122021_39_17.jpg,92460311,21.0,21.0,21,21,[21],21.0,1,21,[21],2.0,0.0,5.0,0,1.0
882,Fer_FEA02-03_18122021_48_6.jpg,92460312,1.5,1.5,1,2,"[1, 2]",1.5,2,3,"[1, 2]",0.0,0.0,0.0,0,0.0
883,Fer_FEA02-03_18122021_65_32.jpg,92460313,1.0,1.0,1,1,[1],1.0,1,1,[1],0.0,0.0,0.0,0,0.0
884,Fer_FEA01_18122021_23_30.jpg,92460320,1.0,1.0,1,1,[1],1.0,1,1,[1],0.0,0.0,0.0,0,0.0
885,Fer_FEA02-03_18122021_20_22.jpg,92460323,12.0,11.17,12,12,[12],12.0,18,201,"[6, 6, 8, 8, 8, 10, 10, 11, 12, 12, 12, 12, 13, 14, 14, 15, 15, 15]",13.0,0.0,5.0,0,10.0
886,Fer_FEA02-03_18122021_75_36.jpg,92460328,2.0,2.0,1,3,"[1, 3]",2.0,2,4,"[1, 3]",0.0,0.0,0.0,0,0.0
887,Fer_FEA02-03_18122021_20_23.jpg,92460331,40.0,39.12,28,40,"[28, 40]",34.0,17,665,"[25, 26, 28, 28, 29, 33, 34, 37, 40, 40, 43, 44, 47, 48, 52, 55, 56]",50.0,0.0,5.0,0,74.0
888,Fer_FEA01_18122021_23_31.jpg,92460334,1.0,1.0,1,1,[1],1.0,1,1,[1],0.0,0.0,0.0,0,0.0
889,Fer_FEA01_18122021_23_25.jpg,92460335,1.0,1.0,1,1,[1],1.0,1,1,[1],0.0,0.0,0.0,0,0.0
890,Fer_FEA02-03_18122021_65_33.jpg,92460341,3.0,3.0,3,3,[3],3.0,1,3,[3],0.0,0.0,0.0,0,0.0
891,Fer_FEA02-03_18122021_48_7.jpg,92460342,10.0,10.0,10,10,[10],10.0,1,10,[10],1.0,0.0,5.0,0,5.0
892,Fer_FEA02-03_18122021_39_16.jpg,92460343,4.0,4.0,1,7,"[1, 7]",4.0,2,8,"[1, 7]",1.0,0.0,5.0,0,3.0
893,Fer_FEA02-03_18122021_43_23.jpg,92460346,1.0,1.0,1,1,[1],1.0,1,1,[1],0.0,0.0,0.0,0,0.0
894,Fer_FEA02-03_18122021_16_22.jpg,92460347,1.0,1.0,1,1,[1],1.0,1,1,[1],0.0,0.0,0.0,0,0.0
895,Fer_FEA01_18122021_17_21.jpg,92460353,1.0,1.0,1,1,[1],1.0,1,1,[1],0.0,0.0,0.0,0,0.0
896,Fer_FEA01_18122021_28_38.jpg,92460358,19.0,19.0,19,19,[19],19.0,1,19,[19],1.0,0.0,5.0,0,10.0
897,Fer_FEA01_18122021_35_41.jpg,92460360,2.0,2.0,2,2,[2],2.0,1,2,[2],0.0,0.0,0.0,0,0.0
898,Fer_FEA01_18122021_26_29.jpg,92460361,1.0,1.07,1,1,[1],1.0,15,16,"[1, 1, 1, 1, 1, 1, 1, 1, 1, 1, 1, 1, 1, 1, 2]",1.0,0.0,5.0,0,11.0
899,Fer_FEA01_18122021_7_8.jpg,92460362,1.0,1.0,1,1,[1],1.0,1,1,[1],0.0,0.0,0.0,0,0.0
900,Fer_FEA02-03_18122021_51_27.jpg,92460365,1.5,1.5,1,2,"[1, 2]",1.5,2,3,"[1, 2]",0.0,0.0,0.0,0,0.0
901,Fer_FEA02-03_18122021_22_22.jpg,92460371,2.0,2.0,2,2,[2],2.0,1,2,[2],0.0,0.0,0.0,0,0.0
902,Fer_FEA01_18122021_7_13.jpg,92460372,35.0,36.47,35,35,[35],35.0,19,693,"[4, 9, 25, 26, 27, 28, 32, 35, 35, 35, 38, 41, 44, 47, 48, 51, 54, 56, 58]",51.0,0.0,5.0,0,99.0
903,Fer_FEA01_18122021_31_35.jpg,92460378,1.0,1.0,1,1,[1],1.0,11,11,"[1, 1, 1, 1, 1, 1, 1, 1, 1, 1, 1]",1.0,0.0,5.0,0,6.0
904,Fer_FEA02-03_18122021_36_5.jpg,92460384,1.0,1.0,1,1,[1],1.0,1,1,[1],0.0,0.0,0.0,0,0.0
905,Fer_FEA02-03_18122021_5_14.jpg,92460385,1.0,1.0,1,1,[1],1.0,1,1,[1],0.0,0.0,0.0,0,0.0
906,Fer_FEA01_18122021_34_39.jpg,92460386,2.0,2.0,2,2,[2],2.0,1,2,[2],0.0,0.0,0.0,0,0.0
907,Fer_FEA02-03_18122021_44_12.jpg,92460387,1.0,1.0,1,1,[1],1.0,1,1,[1],0.0,0.0,0.0,0,0.0
908,Fer_FEA02-03_18122021_37_17.jpg,92460391,2.0,2.0,2,2,[2],2.0,2,4,"[2, 2]",0.0,0.0,0.0,0,0.0
909,Fer_FEA01_18122021_24_28.jpg,92460402,1.0,1.0,1,1,[1],1.0,1,1,[1],0.0,0.0,0.0,0,0.0
910,Fer_FEA02-03_18122021_75_32.jpg,92460404,1.0,1.0,1,1,[1],1.0,1,1,[1],0.0,0.0,0.0,0,0.0
911,Fer_FEA01_18122021_10_4.jpg,92460406,1.0,1.0,1,1,[1],1.0,1,1,[1],0.0,0.0,0.0,0,0.0
912,Fer_FEA01_18122021_5_17.jpg,92460407,2.0,2.0,2,2,[2],2.0,1,2,[2],0.0,0.0,0.0,0,0.0
913,Fer_FEA01_18122021_10_5.jpg,92460408,9.0,9.0,9,9,[9],9.0,1,9,[9],1.0,0.0,5.0,0,4.0
914,Fer_FEA01_18122021_44_44.jpg,92460410,2.0,2.0,2,2,[2],2.0,1,2,[2],0.0,0.0,0.0,0,0.0
915,Fer_FEA02-03_18122021_30_23.jpg,92460415,3.0,3.0,3,3,[3],3.0,1,3,[3],0.0,0.0,0.0,0,0.0
916,Fer_FEA02-03_18122021_39_13.jpg,92460416,1.0,1.0,1,1,[1],1.0,1,1,[1],0.0,0.0,0.0,0,0.0
917,Fer_FEA02-03_18122021_37_16.jpg,92460419,5.0,5.93,4,5,"[4, 5]",4.5,15,89,"[1, 3, 4, 4, 4, 5, 5, 5, 6, 7, 7, 8, 8, 9, 13]",6.0,0.0,5.0,0,9.0
918,Fer_FEA01_18122021_12_14.jpg,92460422,3.0,3.0,1,5,"[1, 5]",3.0,2,6,"[1, 5]",1.0,0.0,5.0,0,1.0
919,Fer_FEA02-03_18122021_44_13.jpg,92460424,2.0,2.0,1,3,"[1, 3]",2.0,2,4,"[1, 3]",0.0,0.0,0.0,0,0.0
920,Fer_FEA01_18122021_34_38.jpg,92460425,7.0,7.0,7,7,[7],7.0,1,7,[7],1.0,0.0,5.0,0,2.0
921,Fer_FEA02-03_18122021_5_15.jpg,92460427,1.0,1.0,1,1,[1],1.0,1,1,[1],0.0,0.0,0.0,0,0.0
922,Fer_FEA02-03_18122021_36_4.jpg,92460428,1.0,1.0,1,1,[1],1.0,2,2,"[1, 1]",0.0,0.0,0.0,0,0.0
923,Fer_FEA02-03_18122021_43_26.jpg,92460429,1.0,1.0,1,1,[1],1.0,1,1,[1],0.0,0.0,0.0,0,0.0
924,Fer_FEA01_18122021_17_24.jpg,92460432,3.0,3.0,3,3,[3],3.0,1,3,[3],0.0,0.0,0.0,0,0.0
925,Fer_FEA02-03_18122021_46_16.jpg,92460439,3.0,3.0,3,3,[3],3.0,1,3,[3],0.0,0.0,0.0,0,0.0
926,Fer_FEA01_18122021_31_34.jpg,92460440,2.0,2.61,2,2,[2],2.0,18,47,"[1, 2, 2, 2, 2, 2, 2, 2, 2, 2, 3, 3, 3, 3, 3, 4, 4, 5]",4.0,0.0,5.0,0,4.0
927,Fer_FEA02-03_18122021_48_13.jpg,92460441,3.0,2.71,3,3,[3],3.0,7,19,"[1, 2, 2, 3, 3, 3, 5]",2.0,0.0,5.0,0,1.0
928,Fer_FEA02-03_18122021_41_23.jpg,92460442,1.0,1.0,1,1,[1],1.0,14,14,"[1, 1, 1, 1, 1, 1, 1, 1, 1, 1, 1, 1, 1, 1]",1.0,0.0,5.0,0,0.0
929,Fer_FEA01_18122021_9_2.jpg,92460443,21.0,21.0,21,21,[21],21.0,1,21,[21],1.0,0.0,5.0,0,15.0
930,Fer_FEA01_18122021_7_12.jpg,92460444,31.5,31.31,31,31,[31],31.0,16,501,"[17, 17, 21, 29, 30, 31, 31, 31, 32, 34, 35, 35, 37, 40, 40, 41]",37.0,0.0,5.0,0,93.0
931,Fer_FEA02-03_18122021_25_16.jpg,92460447,1.0,1.0,1,1,[1],1.0,1,1,[1],0.0,0.0,0.0,0,0.0
932,Fer_FEA01_18122021_21_25.jpg,92460450,13.0,13.0,13,13,[13],13.0,1,13,[13],1.0,0.0,5.0,0,8.0
933,Fer_FEA02-03_18122021_51_26.jpg,92460451,3.0,3.0,3,3,[3],3.0,1,3,[3],0.0,0.0,0.0,0,0.0
934,Fer_FEA02-03_18122021_42_9.jpg,92460453,2.5,2.5,2,3,"[2, 3]",2.5,2,5,"[2, 3]",1.0,0.0,5.0,0,0.0
935,Fer_FEA01_18122021_46_43.jpg,92460460,6.0,6.0,6,6,[6],6.0,1,6,[6],1.0,0.0,5.0,0,1.0
936,Fer_FEA02-03_18122021_48_11.jpg,92460464,1.0,1.0,1,1,[1],1.0,10,10,"[1, 1, 1, 1, 1, 1, 1, 1, 1, 1]",1.0,0.0,5.0,0,5.0
937,Fer_FEA02-03_18122021_41_21.jpg,92460465,1.0,1.0,1,1,[1],1.0,4,4,"[1, 1, 1, 1]",0.0,0.0,0.0,0,0.0
938,Fer_FEA02-03_18122021_40_9.jpg,92460466,1.0,1.0,1,1,[1],1.0,15,15,"[1, 1, 1, 1, 1, 1, 1, 1, 1, 1, 1, 1, 1, 1, 1]",1.0,0.0,5.0,0,1.0
939,Fer_FEA02-03_18122021_14_20.jpg,92460468,2.0,2.0,2,2,[2],2.0,1,2,[2],0.0,0.0,0.0,0,0.0
940,Fer_FEA02-03_18122021_46_14.jpg,92460470,1.0,1.0,1,1,[1],1.0,1,1,[1],0.0,0.0,0.0,0,0.0
941,Fer_FEA01_18122021_19_23.jpg,92460476,1.0,1.0,1,1,[1],1.0,1,1,[1],0.0,0.0,0.0,0,0.0
942,Fer_FEA02-03_18122021_44_11.jpg,92460483,1.0,1.0,1,1,[1],1.0,1,1,[1],0.0,0.0,0.0,0,0.0
943,Fer_FEA02-03_18122021_43_18.jpg,92460484,1.0,1.0,1,1,[1],1.0,1,1,[1],0.0,0.0,0.0,0,0.0
944,Fer_FEA02-03_18122021_65_34.jpg,92460487,2.0,3.0,1,6,"[1, 2, 6]",3.0,3,9,"[1, 2, 6]",1.0,0.0,5.0,0,4.0
945,Fer_FEA02-03_18122021_62_29.jpg,92460492,5.0,5.0,5,5,[5],5.0,1,5,[5],1.0,0.0,5.0,0,0.0
946,Fer_FEA02-03_18122021_30_21.jpg,92460494,1.0,1.0,1,1,[1],1.0,1,1,[1],0.0,0.0,0.0,0,0.0
947,Fer_FEA01_18122021_15_23.jpg,92460495,1.0,1.0,1,1,[1],1.0,1,1,[1],0.0,0.0,0.0,0,0.0
948,Fer_FEA01_18122021_37_43.jpg,92460499,1.0,1.07,1,1,[1],1.0,15,16,"[1, 1, 1, 1, 1, 1, 1, 1, 1, 1, 1, 1, 1, 1, 2]",1.0,0.0,5.0,0,10.0
949,Fer_FEA02-03_18122021_72_38.jpg,92460502,2.0,2.0,2,2,[2],2.0,1,2,[2],0.0,0.0,0.0,0,0.0
950,Fer_FEA01_18122021_5_15.jpg,92460505,1.0,1.0,1,1,[1],1.0,1,1,[1],0.0,0.0,0.0,0,0.0
951,Fer_FEA01_18122021_5_14.jpg,92460506,2.0,2.0,2,2,[2],2.0,1,2,[2],0.0,0.0,0.0,0,0.0
952,Fer_FEA02-03_18122021_68_49.jpg,92460508,1.0,1.0,1,1,[1],1.0,1,1,[1],0.0,0.0,0.0,0,0.0
953,Fer_FEA02-03_18122021_39_10.jpg,92460516,1.0,1.0,1,1,[1],1.0,1,1,[1],0.0,0.0,0.0,0,0.0
954,Fer_FEA02-03_18122021_30_20.jpg,92460518,1.0,1.0,1,1,[1],1.0,1,1,[1],0.0,0.0,0.0,0,0.0
955,Fer_FEA01_18122021_12_4.jpg,92460525,28.0,28.0,28,28,[28],28.0,1,28,[28],1.0,0.0,5.0,0,6.0
956,Fer_FEA02-03_18122021_37_15.jpg,92460526,17.0,18.35,14,14,[14],14.0,20,367,"[9, 9, 9, 14, 14, 14, 14, 15, 16, 17, 17, 19, 19, 20, 20, 26, 27, 28, 29, 31]",24.0,0.0,5.0,0,51.0
957,Fer_FEA02-03_18122021_44_10.jpg,92460528,1.0,1.0,1,1,[1],1.0,1,1,[1],0.0,0.0,0.0,0,0.0
958,Fer_FEA02-03_18122021_5_16.jpg,92460529,3.0,3.0,3,3,[3],3.0,1,3,[3],0.0,0.0,0.0,0,0.0
959,Fer_FEA02-03_18122021_43_25.jpg,92460531,2.0,2.0,1,3,"[1, 3]",2.0,2,4,"[1, 3]",0.0,0.0,0.0,0,0.0
960,Fer_FEA02-03_18122021_36_7.jpg,92460532,3.0,3.0,3,3,[3],3.0,1,3,[3],0.0,0.0,0.0,0,0.0
961,Fer_FEA01_18122021_19_22.jpg,92460533,1.0,1.0,1,1,[1],1.0,2,2,"[1, 1]",0.0,0.0,0.0,0,0.0
962,Fer_FEA02-03_18122021_35_10.jpg,92460534,2.0,2.0,1,3,"[1, 3]",2.0,2,4,"[1, 3]",0.0,0.0,0.0,0,0.0
963,Fer_FEA01_18122021_31_37.jpg,92460536,1.0,1.0,1,1,[1],1.0,1,1,[1],0.0,0.0,0.0,0,0.0
964,Fer_FEA02-03_18122021_14_21.jpg,92460538,3.0,3.0,3,3,[3],3.0,1,3,[3],0.0,0.0,0.0,0,0.0
965,Fer_FEA02-03_18122021_41_20.jpg,92460539,2.0,2.0,2,2,[2],2.0,1,2,[2],0.0,0.0,0.0,0,0.0
966,Fer_FEA02-03_18122021_40_8.jpg,92460540,1.0,1.0,1,1,[1],1.0,1,1,[1],0.0,0.0,0.0,0,0.0
967,Fer_FEA02-03_18122021_22_20.jpg,92460542,1.0,1.0,1,1,[1],1.0,15,15,"[1, 1, 1, 1, 1, 1, 1, 1, 1, 1, 1, 1, 1, 1, 1]",1.0,0.0,5.0,0,8.0
968,Fer_FEA02-03_18122021_58_29.jpg,92460547,14.5,14.5,8,21,"[8, 21]",14.5,2,29,"[8, 21]",2.0,0.0,5.0,0,0.0
969,Fer_FEA01_18122021_21_26.jpg,92460548,12.0,12.0,12,12,[12],12.0,1,12,[12],1.0,0.0,5.0,0,7.0
970,Fer_FEA02-03_18122021_42_16.jpg,92460551,1.0,1.0,1,1,[1],1.0,1,1,[1],0.0,0.0,0.0,0,0.0
971,Fer_FEA02-03_18122021_4_19.jpg,92460553,1.0,1.0,1,1,[1],1.0,1,1,[1],0.0,0.0,0.0,0,0.0
972,Fer_FEA02-03_18122021_45_23.jpg,92460554,6.0,4.69,6,6,[6],6.0,13,61,"[1, 2, 2, 3, 4, 5, 6, 6, 6, 6, 6, 7, 7]",6.0,0.0,5.0,0,2.0
973,Fer_FEA01_18122021_13_18.jpg,92460555,2.0,2.0,2,2,[2],2.0,1,2,[2],0.0,0.0,0.0,0,0.0
974,Fer_FEA01_18122021_25_31.jpg,92460558,1.0,1.0,1,1,[1],1.0,15,15,"[1, 1, 1, 1, 1, 1, 1, 1, 1, 1, 1, 1, 1, 1, 1]",1.0,0.0,5.0,0,10.0
975,Fer_FEA02-03_18122021_55_32.jpg,92460562,1.0,1.07,1,1,[1],1.0,14,15,"[1, 1, 1, 1, 1, 1, 1, 1, 1, 1, 1, 1, 1, 2]",1.0,0.0,5.0,0,9.0
976,Fer_FEA02-03_18122021_47_9.jpg,92460563,2.0,2.0,2,2,[2],2.0,1,2,[2],0.0,0.0,0.0,0,0.0
977,Fer_FEA02-03_18122021_69_46.jpg,92460565,1.5,1.5,1,2,"[1, 2]",1.5,2,3,"[1, 2]",0.0,0.0,0.0,0,0.0
978,Fer_FEA01_18122021_42_41.jpg,92460566,2.0,2.0,2,2,[2],2.0,1,2,[2],0.0,0.0,0.0,0,0.0
979,Fer_FEA02-03_18122021_21_16.jpg,92460567,2.0,1.83,2,2,[2],2.0,6,11,"[1, 2, 2, 2, 2, 2]",2.0,0.0,5.0,0,0.0
980,Fer_FEA01_18122021_40_44.jpg,92460577,2.0,2.0,2,2,[2],2.0,1,2,[2],0.0,0.0,0.0,0,0.0
981,Fer_FEA01_18122021_30_38.jpg,92460581,4.0,4.0,4,4,[4],4.0,1,4,[4],0.0,0.0,0.0,0,0.0
982,Fer_FEA01_18122021_11_21.jpg,92460584,1.5,1.5,1,2,"[1, 2]",1.5,2,3,"[1, 2]",0.0,0.0,0.0,0,0.0
983,Fer_FEA02-03_18122021_61_36.jpg,92460588,1.0,1.0,1,1,[1],1.0,1,1,[1],0.0,0.0,0.0,0,0.0
984,Fer_FEA02-03_18122021_61_37.jpg,92460589,2.5,2.5,1,4,"[1, 4]",2.5,2,5,"[1, 4]",1.0,0.0,5.0,0,0.0
985,Fer_FEA02-03_18122021_8_24.jpg,92460597,6.0,6.0,6,6,[6],6.0,1,6,[6],1.0,0.0,5.0,0,1.0
986,Fer_FEA01_18122021_6_23.jpg,92460600,1.0,1.0,1,1,[1],1.0,1,1,[1],0.0,0.0,0.0,0,0.0
987,Fer_FEA01_18122021_33_40.jpg,92460603,2.0,2.0,2,2,[2],2.0,1,2,[2],0.0,0.0,0.0,0,0.0
988,Fer_FEA02-03_18122021_50_17.jpg,92460605,1.0,1.0,1,1,[1],1.0,1,1,[1],0.0,0.0,0.0,0,0.0
989,Fer_FEA02-03_18122021_73_37.jpg,92460607,1.0,1.0,1,1,[1],1.0,1,1,[1],0.0,0.0,0.0,0,0.0
990,Fer_FEA02-03_18122021_55_27.jpg,92460614,12.0,12.0,12,12,[12],12.0,1,12,[12],1.0,0.0,5.0,0,7.0
991,Fer_FEA01_18122021_25_24.jpg,92460615,3.0,3.0,3,3,[3],3.0,1,3,[3],0.0,0.0,0.0,0,0.0
992,Fer_FEA01_18122021_25_30.jpg,92460616,4.0,4.0,4,4,[4],4.0,1,4,[4],0.0,0.0,0.0,0,0.0
993,Fer_FEA02-03_18122021_38_22.jpg,92460617,1.0,1.0,1,1,[1],1.0,1,1,[1],0.0,0.0,0.0,0,0.0
994,Fer_FEA02-03_18122021_45_22.jpg,92460620,21.0,19.05,24,24,[24],24.0,19,362,"[4, 10, 11, 12, 14, 17, 19, 21, 21, 21, 22, 22, 23, 23, 24, 24, 24, 24, 26]",26.0,0.0,5.0,0,23.0
995,Fer_FEA02-03_18122021_10_23.jpg,92460624,1.0,1.0,1,1,[1],1.0,1,1,[1],0.0,0.0,0.0,0,0.0
996,Fer_FEA02-03_18122021_45_8.jpg,92460627,3.0,3.0,2,4,"[2, 4]",3.0,2,6,"[2, 4]",1.0,0.0,5.0,0,1.0
997,Fer_FEA02-03_18122021_45_20.jpg,92460628,1.0,1.0,1,1,[1],1.0,1,1,[1],0.0,0.0,0.0,0,0.0
998,Fer_FEA02-03_18122021_38_20.jpg,92460629,5.0,5.0,5,5,[5],5.0,1,5,[5],1.0,0.0,5.0,0,0.0
999,Fer_FEA02-03_18122021_63_30.jpg,92460630,1.0,1.0,1,1,[1],1.0,2,2,"[1, 1]",0.0,0.0,0.0,0,0.0
1000,Fer_FEA02-03_18122021_64_39.jpg,92460631,4.0,4.0,4,4,[4],4.0,1,4,[4],0.0,0.0,0.0,0,0.0
1001,Fer_FEA01_18122021_25_32.jpg,92460634,1.0,1.0,1,1,[1],1.0,16,16,"[1, 1, 1, 1, 1, 1, 1, 1, 1, 1, 1, 1, 1, 1, 1, 1]",1.0,0.0,5.0,0,11.0
1002,Fer_FEA02-03_18122021_55_25.jpg,92460636,2.0,2.0,2,2,[2],2.0,1,2,[2],0.0,0.0,0.0,0,0.0
1003,Fer_FEA02-03_18122021_26_20.jpg,92460637,1.0,1.0,1,1,[1],1.0,1,1,[1],0.0,0.0,0.0,0,0.0
1004,Fer_FEA02-03_18122021_69_45.jpg,92460640,1.0,1.0,1,1,[1],1.0,1,1,[1],0.0,0.0,0.0,0,0.0
1005,Fer_FEA02-03_18122021_21_15.jpg,92460641,28.5,28.29,4,63,"[4, 7, 8, 15, 18, 19, 28, 29, 31, 34, 42, 47, 51, 63]",28.285714285714285,14,396,"[4, 7, 8, 15, 18, 19, 28, 29, 31, 34, 42, 47, 51, 63]",30.0,0.0,5.0,0,78.0
1006,Fer_FEA01_18122021_42_42.jpg,92460643,1.0,1.0,1,1,[1],1.0,2,2,"[1, 1]",0.0,0.0,0.0,0,0.0
1007,Fer_FEA02-03_18122021_50_15.jpg,92460645,1.0,1.0,1,1,[1],1.0,1,1,[1],0.0,0.0,0.0,0,0.0
1008,Fer_FEA01_18122021_33_42.jpg,92460648,1.0,1.0,1,1,[1],1.0,2,2,"[1, 1]",0.0,0.0,0.0,0,0.0
1009,Fer_FEA02-03_18122021_50_29.jpg,92460649,9.0,9.0,9,9,[9],9.0,1,9,[9],1.0,0.0,5.0,0,4.0
1010,Fer_FEA02-03_18122021_24_19.jpg,92460651,1.0,1.0,1,1,[1],1.0,1,1,[1],0.0,0.0,0.0,0,0.0
1011,Fer_FEA02-03_18122021_71_30.jpg,92460653,1.0,1.0,1,1,[1],1.0,2,2,"[1, 1]",0.0,0.0,0.0,0,0.0
1012,Fer_FEA02-03_18122021_47_19.jpg,92460656,1.0,1.0,1,1,[1],1.0,1,1,[1],0.0,0.0,0.0,0,0.0
1013,Fer_FEA02-03_18122021_6_23.jpg,92460661,2.0,2.0,2,2,[2],2.0,1,2,[2],0.0,0.0,0.0,0,0.0
1014,Fer_FEA01_18122021_8_5.jpg,92460662,4.0,4.0,4,4,[4],4.0,1,4,[4],0.0,0.0,0.0,0,0.0
1015,Fer_FEA01_18122021_11_22.jpg,92460664,1.0,1.0,1,1,[1],1.0,1,1,[1],0.0,0.0,0.0,0,0.0
1016,Fer_FEA02-03_18122021_33_15.jpg,92460665,1.0,1.0,1,1,[1],1.0,1,1,[1],0.0,0.0,0.0,0,0.0
1017,Fer_FEA02-03_18122021_61_35.jpg,92460666,1.0,1.0,1,1,[1],1.0,1,1,[1],0.0,0.0,0.0,0,0.0
1018,Fer_FEA02-03_18122021_33_14.jpg,92460668,2.0,2.0,2,2,[2],2.0,1,2,[2],0.0,0.0,0.0,0,0.0
1019,Fer_FEA01_18122021_11_23.jpg,92460670,2.0,2.0,2,2,[2],2.0,1,2,[2],0.0,0.0,0.0,0,0.0
1020,Fer_FEA02-03_18122021_47_30.jpg,92460671,1.0,1.0,1,1,[1],1.0,1,1,[1],0.0,0.0,0.0,0,0.0
1021,Fer_FEA02-03_18122021_12_19.jpg,92460672,20.0,20.0,20,20,[20],20.0,1,20,[20],1.0,0.0,5.0,0,0.0
1022,Fer_FEA02-03_18122021_71_31.jpg,92460678,1.0,1.0,1,1,[1],1.0,1,1,[1],0.0,0.0,0.0,0,0.0
1023,Fer_FEA02-03_18122021_65_44.jpg,92460679,1.0,1.0,1,1,[1],1.0,1,1,[1],0.0,0.0,0.0,0,0.0
1024,Fer_FEA01_18122021_4_9.jpg,92460682,2.0,2.0,2,2,[2],2.0,16,32,"[1, 2, 2, 2, 2, 2, 2, 2, 2, 2, 2, 2, 2, 2, 2, 3]",2.0,0.0,5.0,0,0.0
1025,Fer_FEA02-03_18122021_59_24.jpg,92460684,4.0,4.0,4,4,[4],4.0,1,4,[4],0.0,0.0,0.0,0,0.0
1026,Fer_FEA02-03_18122021_73_34.jpg,92460685,17.0,17.0,17,17,[17],17.0,1,17,[17],1.0,0.0,5.0,0,11.0
1027,Fer_FEA02-03_18122021_21_14.jpg,92460687,5.0,4.82,5,5,[5],5.0,11,53,"[1, 3, 3, 4, 5, 5, 5, 5, 6, 7, 9]",6.0,0.0,5.0,0,8.0
1028,Fer_FEA01_18122021_42_43.jpg,92460688,8.0,8.0,8,8,[8],8.0,1,8,[8],1.0,0.0,5.0,0,2.0
1029,Fer_FEA01_18122021_4_19.jpg,92460691,1.0,1.0,1,1,[1],1.0,2,2,"[1, 1]",0.0,0.0,0.0,0,0.0
1030,Fer_FEA02-03_18122021_55_30.jpg,92460693,2.0,2.0,2,2,[2],2.0,1,2,[2],0.0,0.0,0.0,0,0.0
1031,Fer_FEA01_18122021_25_27.jpg,92460695,4.0,4.0,4,4,[4],4.0,1,4,[4],0.0,0.0,0.0,0,0.0
1032,Fer_FEA02-03_18122021_36_18.jpg,92460697,1.0,1.0,1,1,[1],1.0,1,1,[1],0.0,0.0,0.0,0,0.0
1033,Fer_FEA02-03_18122021_64_38.jpg,92460698,2.0,2.0,2,2,[2],2.0,1,2,[2],0.0,0.0,0.0,0,0.0
1034,Fer_FEA02-03_18122021_45_19.jpg,92460709,1.0,1.0,1,1,[1],1.0,2,2,"[1, 1]",0.0,0.0,0.0,0,0.0
1035,Fer_FEA02-03_18122021_10_24.jpg,92460710,1.0,1.0,1,1,[1],1.0,1,1,[1],0.0,0.0,0.0,0,0.0
1036,Fer_FEA02-03_18122021_70_49.jpg,92460711,3.0,3.0,3,3,[3],3.0,1,3,[3],0.0,0.0,0.0,0,0.0
1037,Fer_FEA02-03_18122021_37_6.jpg,92460717,1.0,1.0,1,1,[1],1.0,1,1,[1],0.0,0.0,0.0,0,0.0
1038,Fer_FEA02-03_18122021_67_45.jpg,92460722,2.0,2.0,2,2,[2],2.0,1,2,[2],0.0,0.0,0.0,0,0.0
1039,Fer_FEA02-03_18122021_39_9.jpg,92460723,3.0,3.0,3,3,[3],3.0,1,3,[3],0.0,0.0,0.0,0,0.0
1040,Fer_FEA01_18122021_4_21.jpg,92460724,1.0,1.0,1,1,[1],1.0,1,1,[1],0.0,0.0,0.0,0,0.0
1041,Fer_FEA02-03_18122021_57_25.jpg,92460727,5.0,5.0,5,5,[5],5.0,1,5,[5],1.0,0.0,5.0,0,0.0
1042,Fer_FEA01_18122021_27_32.jpg,92460729,1.0,1.0,1,1,[1],1.0,15,15,"[1, 1, 1, 1, 1, 1, 1, 1, 1, 1, 1, 1, 1, 1, 1]",1.0,0.0,5.0,0,9.0
1043,Fer_FEA02-03_18122021_23_15.jpg,92460733,1.0,1.0,1,1,[1],1.0,6,6,"[1, 1, 1, 1, 1, 1]",1.0,0.0,5.0,0,1.0
1044,Fer_FEA01_18122021_40_42.jpg,92460734,1.0,1.0,1,1,[1],1.0,1,1,[1],0.0,0.0,0.0,0,0.0
1045,Fer_FEA02-03_18122021_47_20.jpg,92460738,1.0,1.0,1,1,[1],1.0,1,1,[1],0.0,0.0,0.0,0,0.0
1046,Fer_FEA02-03_18122021_49_19.jpg,92460739,1.0,1.0,1,1,[1],1.0,1,1,[1],0.0,0.0,0.0,0,0.0
1047,Fer_FEA02-03_18122021_49_31.jpg,92460740,4.0,4.0,4,4,[4],4.0,1,4,[4],0.0,0.0,0.0,0,0.0
1048,Fer_FEA02-03_18122021_40_15.jpg,92460741,1.0,1.0,1,1,[1],1.0,8,8,"[1, 1, 1, 1, 1, 1, 1, 1]",1.0,0.0,5.0,0,3.0
1049,Fer_FEA02-03_18122021_12_21.jpg,92460743,6.0,6.0,6,6,[6],6.0,1,6,[6],1.0,0.0,5.0,0,1.0
1050,Fer_FEA02-03_18122021_8_23.jpg,92460745,1.0,1.0,1,1,[1],1.0,1,1,[1],0.0,0.0,0.0,0,0.0
1051,Fer_FEA02-03_18122021_66_39.jpg,92460746,4.0,4.0,3,5,"[3, 5]",4.0,2,8,"[3, 5]",1.0,0.0,5.0,0,3.0
1052,Fer_FEA02-03_18122021_66_38.jpg,92460751,7.0,7.0,7,7,[7],7.0,1,7,[7],1.0,0.0,5.0,0,2.0
1053,Fer_FEA02-03_18122021_8_22.jpg,92460753,7.0,7.0,7,7,[7],7.0,1,7,[7],1.0,0.0,5.0,0,2.0
1054,Fer_FEA02-03_18122021_24_21.jpg,92460761,1.0,1.25,1,1,[1],1.0,4,5,"[1, 1, 1, 2]",1.0,0.0,5.0,0,0.0
1055,Fer_FEA02-03_18122021_23_14.jpg,92460763,1.0,1.0,1,1,[1],1.0,1,1,[1],0.0,0.0,0.0,0,0.0
1056,Fer_FEA02-03_18122021_41_8.jpg,92460768,1.0,1.0,1,1,[1],1.0,2,2,"[1, 1]",0.0,0.0,0.0,0,0.0
1057,Fer_FEA01_18122021_3_15.jpg,92460771,9.0,12.0,9,9,[9],9.0,11,132,"[1, 4, 6, 9, 9, 9, 15, 16, 16, 20, 27]",10.0,0.0,5.0,0,30.0
1058,Fer_FEA02-03_18122021_28_21.jpg,92460774,1.0,1.0,1,1,[1],1.0,1,1,[1],0.0,0.0,0.0,0,0.0
1059,Fer_FEA02-03_18122021_26_18.jpg,92460775,1.0,1.0,1,1,[1],1.0,1,1,[1],0.0,0.0,0.0,0,0.0
1060,Fer_FEA02-03_18122021_67_44.jpg,92460777,2.0,1.68,2,2,[2],2.0,19,32,"[1, 1, 1, 1, 1, 1, 2, 2, 2, 2, 2, 2, 2, 2, 2, 2, 2, 2, 2]",2.0,0.0,5.0,0,0.0
1061,Fer_FEA02-03_18122021_52_28.jpg,92460778,1.0,1.0,1,1,[1],1.0,2,2,"[1, 1]",0.0,0.0,0.0,0,0.0
1062,Fer_FEA01_18122021_14_16.jpg,92460783,4.0,4.0,4,4,[4],4.0,1,4,[4],0.0,0.0,0.0,0,0.0
1063,Fer_FEA02-03_18122021_63_34.jpg,92460786,5.0,5.0,5,5,[5],5.0,1,5,[5],1.0,0.0,5.0,0,0.0
1064,Fer_FEA02-03_18122021_64_29.jpg,92460787,1.0,1.0,1,1,[1],1.0,1,1,[1],0.0,0.0,0.0,0,0.0
1065,Fer_FEA02-03_18122021_38_24.jpg,92460788,1.0,1.0,1,1,[1],1.0,1,1,[1],0.0,0.0,0.0,0,0.0
1066,Fer_FEA02-03_18122021_42_11.jpg,92460790,4.0,5.0,3,8,"[3, 4, 8]",5.0,3,15,"[3, 4, 8]",1.0,0.0,5.0,0,10.0
1067,Fer_FEA02-03_18122021_45_18.jpg,92460791,1.0,1.0,1,1,[1],1.0,1,1,[1],0.0,0.0,0.0,0,0.0
1068,Fer_FEA02-03_18122021_3_15.jpg,92460797,1.0,1.0,1,1,[1],1.0,2,2,"[1, 1]",0.0,0.0,0.0,0,0.0
1069,Fer_FEA01_18122021_32_38.jpg,92460798,1.0,1.27,1,1,[1],1.0,15,19,"[1, 1, 1, 1, 1, 1, 1, 1, 1, 1, 1, 1, 1, 3, 3]",1.0,0.0,5.0,0,14.0
1070,Fer_FEA02-03_18122021_57_26.jpg,92460814,1.0,1.0,1,1,[1],1.0,2,2,"[1, 1]",0.0,0.0,0.0,0,0.0
1071,Fer_FEA02-03_18122021_47_23.jpg,92460824,12.0,12.0,12,12,[12],12.0,1,12,[12],1.0,0.0,5.0,0,7.0
1072,Fer_FEA02-03_18122021_49_26.jpg,92460825,12.0,12.06,11,14,"[11, 14]",12.5,18,217,"[1, 7, 8, 10, 10, 11, 11, 11, 12, 12, 13, 14, 14, 14, 16, 16, 17, 20]",17.0,0.0,5.0,0,41.0
1073,Fer_FEA02-03_18122021_40_16.jpg,92460827,8.0,8.0,8,8,[8],8.0,1,8,[8],1.0,0.0,5.0,0,3.0
1074,Fer_FEA01_18122021_11_18.jpg,92460829,2.0,2.0,2,2,[2],2.0,1,2,[2],0.0,0.0,0.0,0,0.0
1075,Fer_FEA01_18122021_11_19.jpg,92460834,4.0,4.0,4,4,[4],4.0,1,4,[4],0.0,0.0,0.0,0,0.0
1076,Fer_FEA02-03_18122021_12_23.jpg,92460839,3.0,3.0,3,3,[3],3.0,1,3,[3],0.0,0.0,0.0,0,0.0
1077,Fer_FEA02-03_18122021_47_22.jpg,92460842,6.0,6.0,6,6,[6],6.0,1,6,[6],1.0,0.0,5.0,0,1.0
1078,Fer_FEA01_18122021_40_40.jpg,92460846,3.0,3.0,3,3,[3],3.0,1,3,[3],0.0,0.0,0.0,0,0.0
1079,Fer_FEA02-03_18122021_71_37.jpg,92460847,1.0,1.0,1,1,[1],1.0,1,1,[1],0.0,0.0,0.0,0,0.0
1080,Fer_FEA01_18122021_27_30.jpg,92460851,1.0,1.33,1,1,[1],1.0,6,8,"[1, 1, 1, 1, 1, 3]",1.0,0.0,5.0,0,3.0
1081,Fer_FEA01_18122021_29_35.jpg,92460852,1.0,1.0,1,1,[1],1.0,1,1,[1],0.0,0.0,0.0,0,0.0
1082,Fer_FEA01_18122021_3_16.jpg,92460854,14.0,17.2,6,6,[6],6.0,15,258,"[2, 4, 5, 6, 6, 7, 13, 14, 15, 16, 17, 33, 34, 42, 44]",26.0,0.0,5.0,0,43.0
1083,Fer_FEA01_18122021_31_40.jpg,92460860,1.0,1.0,1,1,[1],1.0,9,9,"[1, 1, 1, 1, 1, 1, 1, 1, 1]",1.0,0.0,5.0,0,3.0
1084,Fer_FEA01_18122021_13_20.jpg,92460862,6.0,6.0,6,6,[6],6.0,1,6,[6],1.0,0.0,5.0,0,1.0
1085,Fer_FEA01_18122021_11_5.jpg,92460864,1.0,1.0,1,1,[1],1.0,1,1,[1],0.0,0.0,0.0,0,0.0
1086,Fer_FEA01_18122021_32_39.jpg,92460867,1.0,1.0,1,1,[1],1.0,2,2,"[1, 1]",0.0,0.0,0.0,0,0.0
1087,Fer_FEA02-03_18122021_4_21.jpg,92460870,1.0,1.0,1,1,[1],1.0,1,1,[1],0.0,0.0,0.0,0,0.0
1088,Fer_FPE02_18122021_13_15.jpg,92460875,6.0,6.0,6,6,[6],6.0,1,6,[6],1.0,0.0,5.0,0,1.0
1089,Fer_FPE02_18122021_32_24.jpg,92460878,2.0,2.0,2,2,[2],2.0,13,26,"[1, 1, 2, 2, 2, 2, 2, 2, 2, 2, 2, 3, 3]",2.0,0.0,5.0,0,2.0
1090,Fer_FPE02_18122021_32_18.jpg,92460881,1.0,1.0,1,1,[1],1.0,10,10,"[1, 1, 1, 1, 1, 1, 1, 1, 1, 1]",1.0,0.0,5.0,0,5.0
1091,Fer_FPE01-06_18122021_44_16.jpg,92460882,1.0,1.0,1,1,[1],1.0,2,2,"[1, 1]",0.0,0.0,0.0,0,0.0
1092,Fer_FPE02_18122021_19_4.jpg,92460883,2.0,2.0,2,2,[2],2.0,1,2,[2],0.0,0.0,0.0,0,0.0
1093,Fer_FPE01-06_18122021_37_13.jpg,92460888,1.0,1.0,1,1,[1],1.0,1,1,[1],0.0,0.0,0.0,0,0.0
1094,Fer_FPE01-06_18122021_46_13.jpg,92460889,1.0,3.75,1,1,[1],1.0,8,30,"[1, 1, 1, 1, 1, 1, 5, 19]",2.0,0.0,5.0,0,3.0
1095,Fer_FPE01-06_18122021_41_32.jpg,92460890,1.5,1.93,1,1,[1],1.0,14,27,"[1, 1, 1, 1, 1, 1, 1, 2, 2, 2, 3, 3, 4, 4]",3.0,0.0,5.0,0,0.0
1096,Fer_FPE01-06_18122021_32_23.jpg,92460892,1.5,1.5,1,2,"[1, 2]",1.5,2,3,"[1, 2]",0.0,0.0,0.0,0,0.0
1097,Fer_FPE02_18122021_29_14.jpg,92460893,1.0,1.0,1,1,[1],1.0,10,10,"[1, 1, 1, 1, 1, 1, 1, 1, 1, 1]",1.0,0.0,5.0,0,5.0
1098,Fer_FPE01-06_18122021_54_6.jpg,92460894,6.0,6.13,6,6,[6],6.0,15,92,"[5, 6, 6, 6, 6, 6, 6, 6, 6, 6, 6, 6, 7, 7, 7]",8.0,0.0,5.0,0,0.0
1099,Fer_FPE02_18122021_20_18.jpg,92460896,34.0,34.4,34,34,[34],34.0,20,688,"[28, 32, 32, 32, 34, 34, 34, 34, 34, 34, 34, 35, 35, 35, 35, 35, 36, 37, 38, 40]",38.0,0.0,5.0,0,38.0
1100,Fer_FPE02_18122021_27_11.jpg,92460898,12.5,12.33,10,10,[10],10.0,18,222,"[7, 10, 10, 10, 10, 11, 11, 12, 12, 13, 13, 13, 14, 14, 14, 15, 16, 17]",16.0,0.0,5.0,0,10.0
1101,Fer_FPE02_18122021_28_9.jpg,92460900,20.0,17.84,22,22,[22],22.0,19,339,"[1, 2, 6, 6, 9, 11, 16, 16, 20, 20, 21, 22, 22, 22, 24, 27, 28, 32, 34]",22.0,0.0,5.0,0,27.0
1102,Fer_FPE01-06_18122021_51_37.jpg,92460903,1.0,1.0,1,1,[1],1.0,14,14,"[1, 1, 1, 1, 1, 1, 1, 1, 1, 1, 1, 1, 1, 1]",1.0,0.0,5.0,0,8.0
1103,Fer_FPE02_18122021_16_19.jpg,92460904,2.0,2.0,2,2,[2],2.0,17,34,"[2, 2, 2, 2, 2, 2, 2, 2, 2, 2, 2, 2, 2, 2, 2, 2, 2]",2.0,0.0,5.0,0,0.0
1104,Fer_FPE01-06_18122021_35_7.jpg,92460905,1.0,1.16,1,1,[1],1.0,19,22,"[1, 1, 1, 1, 1, 1, 1, 1, 1, 1, 1, 1, 1, 1, 1, 1, 1, 2, 3]",1.0,0.0,5.0,0,17.0
1105,Fer_FPE02_18122021_30_21.jpg,92460906,1.0,2.7,1,1,[1],1.0,10,27,"[1, 1, 1, 1, 1, 1, 2, 3, 8, 8]",2.0,0.0,5.0,0,6.0
1106,Fer_FPE01-06_18122021_56_4.jpg,92460907,1.0,1.0,1,1,[1],1.0,16,16,"[1, 1, 1, 1, 1, 1, 1, 1, 1, 1, 1, 1, 1, 1, 1, 1]",1.0,0.0,5.0,0,2.0
1107,Fer_FPE02_18122021_26_6.jpg,92460908,1.0,1.0,1,1,[1],1.0,2,2,"[1, 1]",0.0,0.0,0.0,0,0.0
1108,Fer_FPE02_18122021_37_14.jpg,92460909,3.0,2.94,3,3,[3],3.0,16,47,"[1, 1, 2, 2, 2, 2, 3, 3, 3, 3, 3, 3, 3, 3, 4, 9]",3.0,0.0,5.0,0,4.0
1109,Fer_FPE02_18122021_11_11.jpg,92460916,1.0,1.0,1,1,[1],1.0,13,13,"[1, 1, 1, 1, 1, 1, 1, 1, 1, 1, 1, 1, 1]",1.0,0.0,5.0,0,7.0
1110,Fer_FPE02_18122021_28_8.jpg,92460918,5.0,5.0,5,5,[5],5.0,1,5,[5],1.0,0.0,5.0,0,0.0
1111,Fer_FPE02_18122021_20_19.jpg,92460920,5.0,5.26,5,5,[5],5.0,19,100,"[4, 5, 5, 5, 5, 5, 5, 5, 5, 5, 5, 5, 5, 5, 5, 5, 6, 7, 8]",6.0,0.0,5.0,0,3.0
1112,Fer_FPE01-06_18122021_28_46.jpg,92460922,4.0,4.0,4,4,[4],4.0,1,4,[4],0.0,0.0,0.0,0,0.0
1113,Fer_FPE02_18122021_27_10.jpg,92460923,89.0,85.06,100,100,[100],100.0,17,1446,"[33, 60, 66, 68, 76, 79, 82, 88, 89, 91, 95, 98, 100, 100, 104, 105, 112]",99.0,0.0,5.0,0,146.0
1114,Fer_FPE01-06_18122021_26_43.jpg,92460924,101.5,101.5,1,202,"[1, 202]",101.5,2,203,"[1, 202]",1.0,0.0,5.0,0,45.0
1115,Fer_FPE02_18122021_29_15.jpg,92460925,7.0,6.75,5,5,[5],5.0,16,108,"[5, 5, 5, 5, 5, 6, 6, 7, 7, 7, 8, 8, 8, 8, 9, 9]",7.0,0.0,5.0,0,5.0
1116,Fer_FPE01-06_18122021_41_33.jpg,92460927,1.0,1.0,1,1,[1],1.0,1,1,[1],0.0,0.0,0.0,0,0.0
1117,Fer_FPE01-06_18122021_46_12.jpg,92460928,1.0,1.0,1,1,[1],1.0,1,1,[1],0.0,0.0,0.0,0,0.0
1118,Fer_FPE02_18122021_25_15.jpg,92460929,1.0,1.0,1,1,[1],1.0,1,1,[1],0.0,0.0,0.0,0,0.0
1119,Fer_FPE01-06_18122021_37_12.jpg,92460930,2.0,2.0,2,2,[2],2.0,1,2,[2],0.0,0.0,0.0,0,0.0
1120,Fer_FPE01-06_18122021_30_27.jpg,92460932,1.0,1.0,1,1,[1],1.0,14,14,"[1, 1, 1, 1, 1, 1, 1, 1, 1, 1, 1, 1, 1, 1]",1.0,0.0,5.0,0,3.0
1121,Fer_FPE01-06_18122021_44_17.jpg,92460936,1.0,1.0,1,1,[1],1.0,9,9,"[1, 1, 1, 1, 1, 1, 1, 1, 1]",1.0,0.0,5.0,0,4.0
1122,Fer_FPE02_18122021_32_19.jpg,92460938,2.0,2.4,2,2,[2],2.0,20,48,"[1, 1, 2, 2, 2, 2, 2, 2, 2, 2, 2, 3, 3, 3, 3, 3, 3, 3, 3, 4]",4.0,0.0,5.0,0,0.0
1123,Fer_FPE02_18122021_20_1.jpg,92460941,2.0,2.0,2,2,[2],2.0,2,4,"[2, 2]",0.0,0.0,0.0,0,0.0
1124,Fer_FPE02_18122021_13_14.jpg,92460944,1.0,1.0,1,1,[1],1.0,18,18,"[1, 1, 1, 1, 1, 1, 1, 1, 1, 1, 1, 1, 1, 1, 1, 1, 1, 1]",1.0,0.0,5.0,0,13.0
1125,Fer_FPE01-06_18122021_54_38.jpg,92460948,2.0,2.0,2,2,[2],2.0,14,28,"[2, 2, 2, 2, 2, 2, 2, 2, 2, 2, 2, 2, 2, 2]",2.0,0.0,5.0,0,0.0
1126,Fer_FPE01-06_18122021_61_40.jpg,92460951,2.0,1.62,2,2,[2],2.0,8,13,"[1, 1, 1, 2, 2, 2, 2, 2]",2.0,0.0,5.0,0,0.0
1127,Fer_FPE02_18122021_6_11.jpg,92460953,9.5,9.5,3,16,"[3, 16]",9.5,2,19,"[3, 16]",1.0,0.0,5.0,0,14.0
1128,Fer_FPE02_18122021_19_7.jpg,92460954,1.0,1.0,1,1,[1],1.0,1,1,[1],0.0,0.0,0.0,0,0.0
1129,Fer_FPE01-06_18122021_44_15.jpg,92460955,1.0,1.14,1,1,[1],1.0,7,8,"[1, 1, 1, 1, 1, 1, 2]",1.0,0.0,5.0,0,3.0
1130,Fer_FPE01-06_18122021_43_34.jpg,92460956,1.0,1.0,1,1,[1],1.0,8,8,"[1, 1, 1, 1, 1, 1, 1, 1]",1.0,0.0,5.0,0,3.0
1131,Fer_FPE01-06_18122021_41_9.jpg,92460957,3.0,2.78,3,3,[3],3.0,18,50,"[1, 1, 2, 2, 2, 3, 3, 3, 3, 3, 3, 3, 3, 3, 3, 3, 3, 6]",4.0,0.0,5.0,0,1.0
1132,Fer_FPE01-06_18122021_39_15.jpg,92460958,1.0,1.0,1,1,[1],1.0,11,11,"[1, 1, 1, 1, 1, 1, 1, 1, 1, 1, 1]",1.0,0.0,5.0,0,6.0
1133,Fer_FPE01-06_18122021_24_50.jpg,92460959,11.0,11.0,11,11,[11],11.0,1,11,[11],1.0,0.0,5.0,0,6.0
1134,Fer_FPE01-06_18122021_30_25.jpg,92460960,1.0,1.0,1,1,[1],1.0,1,1,[1],0.0,0.0,0.0,0,0.0
1135,Fer_FPE01-06_18122021_39_29.jpg,92460963,4.0,3.87,4,4,[4],4.0,15,58,"[3, 3, 4, 4, 4, 4, 4, 4, 4, 4, 4, 4, 4, 4, 4]",4.0,0.0,5.0,0,0.0
1136,Fer_FPE01-06_18122021_39_9.jpg,92460966,17.0,17.41,9,23,"[9, 15, 19, 23]",16.5,17,296,"[8, 9, 9, 11, 14, 15, 15, 16, 17, 18, 19, 19, 23, 23, 25, 27, 28]",24.0,0.0,5.0,0,35.0
1137,Fer_FPE01-06_18122021_41_31.jpg,92460970,1.5,1.5,1,2,"[1, 2]",1.5,2,3,"[1, 2]",0.0,0.0,0.0,0,0.0
1138,Fer_FPE01-06_18122021_21_48.jpg,92460971,1.0,1.0,1,1,[1],1.0,1,1,[1],0.0,0.0,0.0,0,0.0
1139,Fer_FPE02_18122021_29_17.jpg,92460972,11.0,10.53,11,11,[11],11.0,17,179,"[6, 8, 9, 10, 10, 10, 11, 11, 11, 11, 11, 11, 11, 12, 12, 12, 13]",11.0,0.0,5.0,0,1.0
1140,Fer_FPE02_18122021_24_7.jpg,92460973,1.0,1.0,1,1,[1],1.0,11,11,"[1, 1, 1, 1, 1, 1, 1, 1, 1, 1, 1]",1.0,0.0,5.0,0,6.0
1141,Fer_FPE01-06_18122021_54_5.jpg,92460974,3.0,3.0,3,3,[3],3.0,16,48,"[1, 2, 2, 3, 3, 3, 3, 3, 3, 3, 3, 3, 4, 4, 4, 4]",3.0,0.0,5.0,0,3.0
1142,Fer_FPE01-06_18122021_26_41.jpg,92460975,3.0,3.0,3,3,[3],3.0,1,3,[3],0.0,0.0,0.0,0,0.0
1143,Fer_FPE02_18122021_27_12.jpg,92460979,10.0,10.0,10,10,[10],10.0,1,10,[10],1.0,0.0,5.0,0,5.0
1144,Fer_FPE01-06_18122021_58_38.jpg,92460982,1.0,1.35,1,1,[1],1.0,17,23,"[1, 1, 1, 1, 1, 1, 1, 1, 1, 1, 1, 1, 1, 1, 1, 1, 7]",1.0,0.0,5.0,0,16.0
1145,Fer_FPE01-06_18122021_17_49.jpg,92460983,7.0,7.0,7,7,[7],7.0,1,7,[7],1.0,0.0,5.0,0,2.0
1146,Fer_FPE02_18122021_11_13.jpg,92460984,5.0,5.32,5,5,[5],5.0,19,101,"[4, 4, 5, 5, 5, 5, 5, 5, 5, 5, 5, 5, 6, 6, 6, 6, 6, 6, 7]",7.0,0.0,5.0,0,1.0
1147,Fer_FPE02_18122021_30_22.jpg,92460986,1.0,1.0,1,1,[1],1.0,1,1,[1],0.0,0.0,0.0,0,0.0
1148,Fer_FPE02_18122021_37_16.jpg,92460990,1.0,1.0,1,1,[1],1.0,8,8,"[1, 1, 1, 1, 1, 1, 1, 1]",1.0,0.0,5.0,0,3.0
1149,Fer_FPE01-06_18122021_25_39.jpg,92460991,2.0,2.0,1,3,"[1, 3]",2.0,2,4,"[1, 3]",0.0,0.0,0.0,0,0.0
1150,Fer_FPE01-06_18122021_56_6.jpg,92460993,1.0,1.0,1,1,[1],1.0,3,3,"[1, 1, 1]",0.0,0.0,0.0,0,0.0
1151,Fer_FPE02_18122021_11_12.jpg,92460996,3.0,2.63,3,3,[3],3.0,19,50,"[2, 2, 2, 2, 2, 2, 2, 2, 3, 3, 3, 3, 3, 3, 3, 3, 3, 3, 4]",3.0,0.0,5.0,0,0.0
1152,Fer_FPE01-06_18122021_28_45.jpg,92460997,1.0,1.0,1,1,[1],1.0,1,1,[1],0.0,0.0,0.0,0,0.0
1153,Fer_FPE02_18122021_27_13.jpg,92460998,1.0,1.0,1,1,[1],1.0,1,1,[1],0.0,0.0,0.0,0,0.0
1154,Fer_FPE01-06_18122021_35_14.jpg,92460999,1.0,1.0,1,1,[1],1.0,1,1,[1],0.0,0.0,0.0,0,0.0
1155,Fer_FPE01-06_18122021_21_49.jpg,92461003,2.0,1.83,2,2,[2],2.0,18,33,"[1, 1, 1, 1, 2, 2, 2, 2, 2, 2, 2, 2, 2, 2, 2, 2, 2, 3]",3.0,0.0,5.0,0,2.0
1156,Fer_FPE02_18122021_29_16.jpg,92461006,28.0,26.42,28,28,[28],28.0,19,502,"[10, 22, 23, 24, 25, 25, 26, 27, 28, 28, 28, 28, 28, 29, 29, 30, 30, 30, 32]",32.0,0.0,5.0,0,36.0
1157,Fer_FPE01-06_18122021_41_30.jpg,92461007,2.0,2.0,2,2,[2],2.0,20,40,"[2, 2, 2, 2, 2, 2, 2, 2, 2, 2, 2, 2, 2, 2, 2, 2, 2, 2, 2, 2]",2.0,0.0,5.0,0,0.0
1158,Fer_FPE01-06_18122021_46_11.jpg,92461009,7.5,7.5,7,8,"[7, 8]",7.5,2,15,"[7, 8]",1.0,0.0,5.0,0,10.0
1159,Fer_FPE01-06_18122021_41_18.jpg,92461011,1.0,1.12,1,1,[1],1.0,8,9,"[1, 1, 1, 1, 1, 1, 1, 2]",1.0,0.0,5.0,0,4.0
1160,Fer_FPE01-06_18122021_39_28.jpg,92461014,6.0,5.94,6,6,[6],6.0,16,95,"[1, 5, 5, 5, 6, 6, 6, 6, 6, 6, 6, 7, 7, 7, 8, 8]",6.0,0.0,5.0,0,6.0
1161,Fer_FPE02_18122021_17_9.jpg,92461015,5.0,5.0,5,5,[5],5.0,1,5,[5],1.0,0.0,5.0,0,0.0
1162,Fer_FPE01-06_18122021_41_8.jpg,92461019,4.0,3.67,4,4,[4],4.0,18,66,"[1, 1, 2, 3, 4, 4, 4, 4, 4, 4, 4, 4, 4, 4, 4, 5, 5, 5]",4.0,0.0,5.0,0,0.0
1163,Fer_FPE01-06_18122021_44_14.jpg,92461022,1.5,1.5,1,2,"[1, 2]",1.5,14,21,"[1, 1, 1, 1, 1, 1, 1, 2, 2, 2, 2, 2, 2, 2]",2.0,0.0,5.0,0,0.0
1164,Fer_FPE02_18122021_6_10.jpg,92461023,6.0,6.0,6,6,[6],6.0,1,6,[6],1.0,0.0,5.0,0,1.0
1165,Fer_FPE01-06_18122021_29_39.jpg,92461024,4.0,3.33,1,5,"[1, 4, 5]",3.3333333333333335,3,10,"[1, 4, 5]",1.0,0.0,5.0,0,5.0
1166,Fer_FPE02_18122021_35_13.jpg,92461025,1.0,1.62,1,1,[1],1.0,8,13,"[1, 1, 1, 1, 1, 1, 1, 6]",1.0,0.0,5.0,0,8.0
1167,Fer_FPE02_18122021_20_2.jpg,92461026,3.0,3.0,1,5,"[1, 5]",3.0,2,6,"[1, 5]",1.0,0.0,5.0,0,1.0
1168,Fer_FPE01-06_18122021_54_39.jpg,92461028,8.0,6.29,8,8,[8],8.0,21,132,"[1, 1, 2, 3, 4, 5, 5, 6, 7, 8, 8, 8, 8, 8, 8, 8, 8, 8, 8, 9, 9]",9.0,0.0,5.0,0,1.0
1169,Fer_FPE02_18122021_13_13.jpg,92461029,1.0,1.0,1,1,[1],1.0,16,16,"[1, 1, 1, 1, 1, 1, 1, 1, 1, 1, 1, 1, 1, 1, 1, 1]",1.0,0.0,5.0,0,11.0
1170,Fer_FPE01-06_18122021_33_7.jpg,92461031,1.0,1.05,1,1,[1],1.0,19,20,"[1, 1, 1, 1, 1, 1, 1, 1, 1, 1, 1, 1, 1, 1, 1, 1, 1, 1, 2]",1.0,0.0,5.0,0,15.0
1171,Fer_FPE02_18122021_20_6.jpg,92461033,1.0,1.0,1,1,[1],1.0,13,13,"[1, 1, 1, 1, 1, 1, 1, 1, 1, 1, 1, 1, 1]",1.0,0.0,5.0,0,8.0
1172,Fer_FPE01-06_18122021_44_10.jpg,92461034,6.0,6.0,6,6,[6],6.0,1,6,[6],1.0,0.0,5.0,0,1.0
1173,Fer_FPE02_18122021_25_12.jpg,92461036,1.0,1.0,1,1,[1],1.0,1,1,[1],0.0,0.0,0.0,0,0.0
1174,Fer_FPE01-06_18122021_37_15.jpg,92461037,1.0,1.0,1,1,[1],1.0,2,2,"[1, 1]",0.0,0.0,0.0,0,0.0
1175,Fer_FPE01-06_18122021_39_10.jpg,92461039,2.0,2.0,2,2,[2],2.0,5,10,"[2, 2, 2, 2, 2]",2.0,0.0,5.0,0,0.0
1176,Fer_FPE01-06_18122021_24_41.jpg,92461040,2.0,2.0,2,2,[2],2.0,3,6,"[2, 2, 2]",1.0,0.0,5.0,0,1.0
1177,Fer_FPE01-06_18122021_2_47.jpg,92461041,4.0,4.0,4,4,[4],4.0,1,4,[4],0.0,0.0,0.0,0,0.0
1178,Fer_FPE02_18122021_7_6.jpg,92461045,14.0,14.88,12,14,"[12, 14]",13.0,17,253,"[10, 11, 12, 12, 12, 13, 13, 14, 14, 14, 15, 17, 18, 18, 19, 20, 21]",22.0,0.0,5.0,0,17.0
1179,Fer_FPE02_18122021_9_9.jpg,92461050,4.0,3.88,4,4,[4],4.0,17,66,"[2, 3, 3, 3, 3, 4, 4, 4, 4, 4, 4, 4, 4, 4, 5, 5, 6]",4.0,0.0,5.0,0,12.0
1180,Fer_FPE01-06_18122021_32_19.jpg,92461052,1.0,1.0,1,1,[1],1.0,1,1,[1],0.0,0.0,0.0,0,0.0
1181,Fer_FPE02_18122021_27_17.jpg,92461053,1.0,1.0,1,1,[1],1.0,13,13,"[1, 1, 1, 1, 1, 1, 1, 1, 1, 1, 1, 1, 1]",1.0,0.0,5.0,0,8.0
1182,Fer_FPE02_18122021_29_12.jpg,92461057,1.0,1.0,1,1,[1],1.0,6,6,"[1, 1, 1, 1, 1, 1]",1.0,0.0,5.0,0,1.0
1183,Fer_FPE01-06_18122021_26_50.jpg,92461059,8.0,8.0,8,8,[8],8.0,1,8,[8],1.0,0.0,5.0,0,3.0
1184,Fer_FPE02_18122021_5_4.jpg,92461061,3.0,3.0,3,3,[3],3.0,1,3,[3],0.0,0.0,0.0,0,0.0
1185,Fer_FPE01-06_18122021_56_38.jpg,92461062,2.0,1.91,1,1,[1],1.0,11,21,"[1, 1, 1, 1, 1, 2, 2, 2, 2, 3, 5]",2.0,0.0,5.0,0,2.0
1186,Fer_FPE01-06_18122021_19_49.jpg,92461063,4.0,4.0,4,4,[4],4.0,1,4,[4],0.0,0.0,0.0,0,0.0
1187,Fer_FPE01-06_18122021_56_2.jpg,92461068,1.0,1.0,1,1,[1],1.0,11,11,"[1, 1, 1, 1, 1, 1, 1, 1, 1, 1, 1]",1.0,0.0,5.0,0,6.0
1188,Fer_FPE01-06_18122021_56_3.jpg,92461071,7.0,7.0,7,7,[7],7.0,1,7,[7],1.0,0.0,5.0,0,2.0
1189,Fer_FPE02_18122021_37_13.jpg,92461074,1.0,1.0,1,1,[1],1.0,11,11,"[1, 1, 1, 1, 1, 1, 1, 1, 1, 1, 1]",1.0,0.0,5.0,0,6.0
1190,Fer_FPE01-06_18122021_56_39.jpg,92461075,2.0,1.81,2,2,[2],2.0,16,29,"[1, 1, 1, 2, 2, 2, 2, 2, 2, 2, 2, 2, 2, 2, 2, 2]",3.0,0.0,5.0,0,1.0
1191,Fer_FPE02_18122021_5_5.jpg,92461076,1.0,1.0,1,1,[1],1.0,10,10,"[1, 1, 1, 1, 1, 1, 1, 1, 1, 1]",1.0,0.0,5.0,0,5.0
1192,Fer_FPE01-06_18122021_32_24.jpg,92461078,1.0,1.0,1,1,[1],1.0,9,9,"[1, 1, 1, 1, 1, 1, 1, 1, 1]",1.0,0.0,5.0,0,4.0
1193,Fer_FPE01-06_18122021_32_30.jpg,92461082,1.0,2.0,1,1,[1],1.0,9,18,"[1, 1, 1, 1, 1, 1, 3, 4, 5]",2.0,0.0,5.0,0,1.0
1194,Fer_FPE01-06_18122021_35_11.jpg,92461083,3.0,3.37,2,2,[2],2.0,19,64,"[2, 2, 2, 2, 2, 2, 2, 2, 2, 3, 3, 4, 4, 4, 5, 5, 5, 5, 8]",4.0,0.0,5.0,0,2.0
1195,Fer_FPE01-06_18122021_60_38.jpg,92461085,7.5,6.9,8,8,[8],8.0,20,138,"[1, 5, 6, 6, 6, 6, 6, 7, 7, 7, 8, 8, 8, 8, 8, 8, 8, 8, 8, 9]",8.0,0.0,5.0,0,3.0
1196,Fer_FPE01-06_18122021_28_40.jpg,92461086,1.0,1.71,1,1,[1],1.0,14,24,"[1, 1, 1, 1, 1, 1, 1, 1, 1, 1, 1, 2, 2, 9]",1.0,0.0,5.0,0,19.0
1197,Fer_FPE01-06_18122021_48_11.jpg,92461089,1.0,2.13,1,1,[1],1.0,15,32,"[1, 1, 1, 1, 1, 1, 1, 1, 1, 2, 2, 2, 2, 2, 13]",2.0,0.0,5.0,0,2.0
1198,Fer_FPE02_18122021_7_7.jpg,92461090,42.0,39.08,42,45,"[42, 45]",43.5,13,508,"[7, 25, 31, 38, 40, 42, 42, 43, 44, 45, 45, 52, 54]",44.0,0.0,5.0,0,58.0
1199,Fer_FPE01-06_18122021_37_28.jpg,92461094,3.0,3.12,4,4,[4],4.0,16,50,"[1, 1, 2, 2, 2, 3, 3, 3, 3, 4, 4, 4, 4, 4, 5, 5]",4.0,0.0,5.0,0,0.0
1200,Fer_FPE01-06_18122021_39_11.jpg,92461095,1.0,1.0,1,1,[1],1.0,6,6,"[1, 1, 1, 1, 1, 1]",1.0,0.0,5.0,0,1.0
1201,Fer_FPE02_18122021_25_13.jpg,92461098,1.0,1.06,1,1,[1],1.0,17,18,"[1, 1, 1, 1, 1, 1, 1, 1, 1, 1, 1, 1, 1, 1, 1, 1, 2]",1.0,0.0,5.0,0,12.0
1202,Fer_FPE01-06_18122021_44_11.jpg,92461100,1.0,1.0,1,1,[1],1.0,1,1,[1],0.0,0.0,0.0,0,0.0
1203,Fer_FPE01-06_18122021_43_18.jpg,92461102,1.0,1.0,1,1,[1],1.0,1,1,[1],0.0,0.0,0.0,0,0.0
1204,Fer_FPE02_18122021_20_7.jpg,92461104,1.0,1.0,1,1,[1],1.0,1,1,[1],0.0,0.0,0.0,0,0.0
1205,Fer_FPE01-06_18122021_50_5.jpg,92461105,1.0,1.0,1,1,[1],1.0,15,15,"[1, 1, 1, 1, 1, 1, 1, 1, 1, 1, 1, 1, 1, 1, 1]",1.0,0.0,5.0,0,10.0
1206,Fer_FPE01-06_18122021_33_6.jpg,92461107,1.0,1.0,1,1,[1],1.0,4,4,"[1, 1, 1, 1]",0.0,0.0,0.0,0,0.0
1207,Fer_FPE02_18122021_13_12.jpg,92461109,3.0,6.19,3,3,[3],3.0,16,99,"[2, 2, 2, 2, 3, 3, 3, 3, 3, 3, 3, 3, 3, 3, 3, 58]",6.0,0.0,5.0,0,21.0
1208,Fer_FPE02_18122021_13_10.jpg,92461110,1.0,1.0,1,1,[1],1.0,1,1,[1],0.0,0.0,0.0,0,0.0
1209,Fer_FPE02_18122021_35_14.jpg,92461111,1.0,1.0,1,1,[1],1.0,1,1,[1],0.0,0.0,0.0,0,0.0
1210,Fer_FPE01-06_18122021_29_16.jpg,92461114,1.0,1.0,1,1,[1],1.0,16,16,"[1, 1, 1, 1, 1, 1, 1, 1, 1, 1, 1, 1, 1, 1, 1, 1]",1.0,0.0,5.0,0,2.0
1211,Fer_FPE02_18122021_19_1.jpg,92461116,1.0,1.0,1,1,[1],1.0,1,1,[1],0.0,0.0,0.0,0,0.0
1212,Fer_FPE02_18122021_25_11.jpg,92461119,7.5,6.22,8,8,[8],8.0,18,112,"[1, 3, 3, 3, 4, 5, 6, 6, 7, 8, 8, 8, 8, 8, 8, 8, 9, 9]",8.0,0.0,5.0,0,1.0
1213,Fer_FPE02_18122021_22_7.jpg,92461120,1.0,20.38,1,1,[1],1.0,8,163,"[1, 1, 1, 1, 1, 1, 2, 155]",1.0,0.0,5.0,0,12.0
1214,Fer_FPE01-06_18122021_24_42.jpg,92461124,1.5,1.78,1,1,[1],1.0,18,32,"[1, 1, 1, 1, 1, 1, 1, 1, 1, 2, 2, 2, 2, 2, 3, 3, 3, 4]",4.0,0.0,5.0,0,6.0
1215,Fer_FPE01-06_18122021_48_13.jpg,92461126,1.0,1.0,1,1,[1],1.0,1,1,[1],0.0,0.0,0.0,0,0.0
1216,Fer_FPE01-06_18122021_28_42.jpg,92461130,1.0,1.0,1,1,[1],1.0,1,1,[1],0.0,0.0,0.0,0,0.0
1217,Fer_FPE01-06_18122021_35_13.jpg,92461131,8.0,7.55,8,8,[8],8.0,20,151,"[2, 5, 6, 7, 7, 7, 7, 7, 8, 8, 8, 8, 8, 8, 8, 8, 8, 8, 9, 14]",9.0,0.0,5.0,0,7.0
1218,Fer_FPE01-06_18122021_47_9.jpg,92461132,6.0,5.67,1,10,"[1, 6, 10]",5.666666666666667,3,17,"[1, 6, 10]",1.0,0.0,5.0,0,12.0
1219,Fer_FPE02_18122021_29_11.jpg,92461135,2.0,4.27,2,2,[2],2.0,11,47,"[1, 1, 2, 2, 2, 2, 2, 3, 4, 10, 18]",3.0,0.0,5.0,0,6.0
1220,Fer_FPE02_18122021_11_8.jpg,92461138,1.0,1.0,1,1,[1],1.0,1,1,[1],0.0,0.0,0.0,0,0.0
1221,Fer_FPE02_18122021_30_18.jpg,92461141,7.0,7.0,7,7,[7],7.0,1,7,[7],1.0,0.0,5.0,0,2.0
1222,Fer_FPE02_18122021_30_19.jpg,92461143,1.0,1.05,1,1,[1],1.0,20,21,"[1, 1, 1, 1, 1, 1, 1, 1, 1, 1, 1, 1, 1, 1, 1, 1, 1, 1, 1, 2]",2.0,0.0,5.0,0,2.0
1223,Fer_FPE02_18122021_4_13.jpg,92461144,1.0,1.0,1,1,[1],1.0,1,1,[1],0.0,0.0,0.0,0,0.0
1224,Fer_FPE02_18122021_18_18.jpg,92461146,1.0,1.0,1,1,[1],1.0,17,17,"[1, 1, 1, 1, 1, 1, 1, 1, 1, 1, 1, 1, 1, 1, 1, 1, 1]",1.0,0.0,5.0,0,12.0
1225,Fer_FPE02_18122021_29_10.jpg,92461152,34.0,29.0,1,47,"[1, 38, 41, 47]",31.75,17,493,"[1, 1, 10, 14, 17, 25, 29, 33, 34, 35, 38, 38, 41, 41, 42, 47, 47]",40.0,0.0,5.0,0,63.0
1226,Fer_FPE01-06_18122021_32_33.jpg,92461153,1.0,1.06,1,1,[1],1.0,18,19,"[1, 1, 1, 1, 1, 1, 1, 1, 1, 1, 1, 1, 1, 1, 1, 1, 1, 2]",1.0,0.0,5.0,0,14.0
1227,Fer_FPE01-06_18122021_32_27.jpg,92461154,6.0,6.72,4,8,"[4, 8]",6.0,18,121,"[1, 2, 2, 4, 4, 4, 5, 5, 6, 6, 8, 8, 8, 9, 10, 11, 12, 16]",11.0,0.0,5.0,0,9.0
1228,Fer_FPE01-06_18122021_7_49.jpg,92461156,1.0,1.0,1,1,[1],1.0,1,1,[1],0.0,0.0,0.0,0,0.0
1229,Fer_FPE02_18122021_20_20.jpg,92461157,1.0,1.0,1,1,[1],1.0,16,16,"[1, 1, 1, 1, 1, 1, 1, 1, 1, 1, 1, 1, 1, 1, 1, 1]",1.0,0.0,5.0,0,9.0
1230,Fer_FPE02_18122021_7_4.jpg,92461161,1.0,1.12,1,1,[1],1.0,8,9,"[1, 1, 1, 1, 1, 1, 1, 2]",1.0,0.0,5.0,0,4.0
1231,Fer_FPE01-06_18122021_48_12.jpg,92461162,2.0,6.08,2,2,[2],2.0,13,79,"[1, 1, 1, 1, 2, 2, 2, 2, 2, 2, 2, 2, 59]",4.0,0.0,5.0,0,10.0
1232,Fer_FPE01-06_18122021_24_43.jpg,92461163,2.0,2.08,2,2,[2],2.0,13,27,"[1, 1, 2, 2, 2, 2, 2, 2, 2, 2, 2, 2, 5]",2.0,0.0,5.0,0,1.0
1233,Fer_FPE01-06_18122021_39_12.jpg,92461164,2.0,2.0,2,2,[2],2.0,1,2,[2],0.0,0.0,0.0,0,0.0
1234,Fer_FPE01-06_18122021_30_22.jpg,92461165,2.0,2.06,2,2,[2],2.0,17,35,"[1, 1, 2, 2, 2, 2, 2, 2, 2, 2, 2, 2, 2, 2, 2, 2, 5]",2.0,0.0,5.0,0,1.0
1235,Fer_FPE01-06_18122021_37_17.jpg,92461169,1.0,1.0,1,1,[1],1.0,1,1,[1],0.0,0.0,0.0,0,0.0
1236,Fer_FPE02_18122021_22_19.jpg,92461170,6.0,5.72,6,6,[6],6.0,18,103,"[5, 5, 5, 5, 5, 6, 6, 6, 6, 6, 6, 6, 6, 6, 6, 6, 6, 6]",5.0,0.0,5.0,0,5.0
1237,Fer_FPE02_18122021_25_10.jpg,92461171,9.0,8.89,7,7,[7],7.0,19,169,"[4, 6, 6, 7, 7, 7, 7, 8, 8, 9, 9, 10, 10, 11, 11, 11, 12, 12, 14]",13.0,0.0,5.0,0,15.0
1238,Fer_FPE01-06_18122021_43_33.jpg,92461173,1.5,1.75,1,1,[1],1.0,8,14,"[1, 1, 1, 1, 2, 2, 3, 3]",2.0,0.0,5.0,0,0.0
1239,Fer_FPE02_18122021_20_4.jpg,92461176,8.0,8.0,8,8,[8],8.0,1,8,[8],1.0,0.0,5.0,0,2.0
1240,Fer_FPE01-06_18122021_34_21.jpg,92461180,1.0,1.0,1,1,[1],1.0,1,1,[1],0.0,0.0,0.0,0,0.0
1241,Fer_FPE01-06_18122021_33_28.jpg,92461181,4.0,3.8,4,4,[4],4.0,15,57,"[3, 3, 3, 3, 4, 4, 4, 4, 4, 4, 4, 4, 4, 4, 5]",4.0,0.0,5.0,0,0.0
1242,Fer_FPE01-06_18122021_6_52.jpg,92461182,2.0,2.0,2,2,[2],2.0,1,2,[2],0.0,0.0,0.0,0,0.0
1243,Fer_FPE01-06_18122021_18_50.jpg,92461186,1.0,1.0,1,1,[1],1.0,15,15,"[1, 1, 1, 1, 1, 1, 1, 1, 1, 1, 1, 1, 1, 1, 1]",1.0,0.0,5.0,0,9.0
1244,Fer_FPE02_18122021_6_3.jpg,92461187,20.0,20.0,20,20,[20],20.0,1,20,[20],1.0,0.0,5.0,0,6.0
1245,Fer_FPE01-06_18122021_57_35.jpg,92461188,5.0,4.53,5,5,[5],5.0,15,68,"[2, 3, 4, 4, 4, 4, 5, 5, 5, 5, 5, 5, 5, 6, 6]",5.0,0.0,5.0,0,5.0
1246,Fer_FPE01-06_18122021_23_39.jpg,92461191,5.0,5.0,1,9,"[1, 9]",5.0,2,10,"[1, 9]",1.0,0.0,5.0,0,5.0
1247,Fer_FPE02_18122021_25_7.jpg,92461192,1.0,1.0,1,1,[1],1.0,14,14,"[1, 1, 1, 1, 1, 1, 1, 1, 1, 1, 1, 1, 1, 1]",1.0,0.0,5.0,0,7.0
1248,Fer_FPE01-06_18122021_55_5.jpg,92461193,1.0,1.32,1,1,[1],1.0,19,25,"[1, 1, 1, 1, 1, 1, 1, 1, 1, 1, 1, 1, 1, 1, 1, 2, 2, 3, 3]",1.0,0.0,5.0,0,8.0
1249,Fer_FPE02_18122021_2_15.jpg,92461195,2.0,2.0,2,2,[2],2.0,1,2,[2],0.0,0.0,0.0,0,0.0
1250,Fer_FPE01-06_18122021_40_9.jpg,92461198,9.0,8.06,9,9,[9],9.0,16,129,"[3, 5, 6, 6, 7, 8, 8, 9, 9, 9, 9, 9, 10, 10, 10, 11]",10.0,0.0,5.0,0,2.0
1251,Fer_FPE02_18122021_16_8.jpg,92461199,1.0,1.0,1,1,[1],1.0,1,1,[1],0.0,0.0,0.0,0,0.0
1252,Fer_FPE02_18122021_33_13.jpg,92461202,3.0,3.14,3,4,"[3, 4]",3.5,7,22,"[1, 3, 3, 3, 4, 4, 4]",4.0,0.0,5.0,0,0.0
1253,Fer_FPE01-06_18122021_42_14.jpg,92461203,5.0,5.0,5,5,[5],5.0,1,5,[5],1.0,0.0,5.0,0,0.0
1254,Fer_FPE02_18122021_2_7.jpg,92461204,1.0,1.67,1,1,[1],1.0,3,5,"[1, 1, 3]",1.0,0.0,5.0,0,0.0
1255,Fer_FPE01-06_18122021_42_28.jpg,92461205,1.0,1.0,1,1,[1],1.0,1,1,[1],0.0,0.0,0.0,0,0.0
1256,Fer_FPE01-06_18122021_36_24.jpg,92461206,1.0,1.0,1,1,[1],1.0,1,1,[1],0.0,0.0,0.0,0,0.0
1257,Fer_FPE01-06_18122021_36_30.jpg,92461208,1.0,1.67,1,1,[1],1.0,3,5,"[1, 1, 3]",1.0,0.0,5.0,0,0.0
1258,Fer_FPE01-06_18122021_38_21.jpg,92461213,2.0,3.0,1,1,[1],1.0,11,33,"[1, 1, 1, 1, 1, 2, 2, 2, 3, 8, 11]",3.0,0.0,5.0,0,8.0
1259,Fer_FPE01-06_18122021_38_20.jpg,92461214,3.0,3.76,3,3,[3],3.0,17,64,"[1, 1, 2, 2, 2, 3, 3, 3, 3, 3, 3, 4, 4, 4, 4, 4, 18]",4.0,0.0,5.0,0,7.0
1260,Fer_FPE01-06_18122021_38_34.jpg,92461215,1.0,1.0,1,1,[1],1.0,8,8,"[1, 1, 1, 1, 1, 1, 1, 1]",1.0,0.0,5.0,0,3.0
1261,Fer_FPE01-06_18122021_22_50.jpg,92461219,2.0,2.0,2,2,[2],2.0,1,2,[2],0.0,0.0,0.0,0,0.0
1262,Fer_FPE01-06_18122021_36_25.jpg,92461220,1.0,1.0,1,1,[1],1.0,1,1,[1],0.0,0.0,0.0,0,0.0
1263,Fer_FPE01-06_18122021_42_29.jpg,92461222,1.0,1.0,1,1,[1],1.0,3,3,"[1, 1, 1]",0.0,0.0,0.0,0,0.0
1264,Fer_FPE01-06_18122021_42_15.jpg,92461223,6.0,5.21,6,6,[6],6.0,19,99,"[2, 3, 3, 3, 5, 5, 6, 6, 6, 6, 6, 6, 6, 6, 6, 6, 6, 6, 6]",6.0,0.0,5.0,0,0.0
1265,Fer_FPE01-06_18122021_40_8.jpg,92461230,3.0,3.11,3,3,[3],3.0,19,59,"[2, 2, 2, 3, 3, 3, 3, 3, 3, 3, 3, 3, 3, 3, 3, 3, 3, 5, 6]",4.0,0.0,5.0,0,2.0
1266,Fer_FPE01-06_18122021_52_38.jpg,92461233,2.0,1.87,2,2,[2],2.0,15,28,"[1, 1, 2, 2, 2, 2, 2, 2, 2, 2, 2, 2, 2, 2, 2]",2.0,0.0,5.0,0,0.0
1267,Fer_FPE01-06_18122021_14_51.jpg,92461234,4.0,4.0,4,4,[4],4.0,1,4,[4],0.0,0.0,0.0,0,0.0
1268,Fer_FPE02_18122021_18_6.jpg,92461235,4.0,4.0,4,4,[4],4.0,1,4,[4],0.0,0.0,0.0,0,0.0
1269,Fer_FPE02_18122021_2_14.jpg,92461237,12.0,12.0,12,12,[12],12.0,1,12,[12],1.0,0.0,5.0,0,6.0
1270,Fer_FPE01-06_18122021_55_4.jpg,92461240,1.0,1.67,1,1,[1],1.0,3,5,"[1, 1, 3]",1.0,0.0,5.0,0,0.0
1271,Fer_FPE01-06_18122021_23_38.jpg,92461242,1.0,1.0,1,1,[1],1.0,2,2,"[1, 1]",0.0,0.0,0.0,0,0.0
1272,Fer_FPE01-06_18122021_24_31.jpg,92461243,1.0,1.0,1,1,[1],1.0,1,1,[1],0.0,0.0,0.0,0,0.0
1273,Fer_FPE02_18122021_6_2.jpg,92461247,2.0,2.0,2,2,[2],2.0,1,2,[2],0.0,0.0,0.0,0,0.0
1274,Fer_FPE01-06_18122021_38_8.jpg,92461248,2.0,2.0,2,2,[2],2.0,1,2,[2],0.0,0.0,0.0,0,0.0
1275,Fer_FPE01-06_18122021_34_5.jpg,92461254,2.0,2.0,2,2,[2],2.0,1,2,[2],0.0,0.0,0.0,0,0.0
1276,Fer_FPE01-06_18122021_33_29.jpg,92461256,3.0,3.29,3,3,[3],3.0,7,23,"[1, 2, 3, 3, 3, 4, 7]",3.0,0.0,5.0,0,3.0
1277,Fer_FPE01-06_18122021_34_7.jpg,92461260,15.0,15.39,16,16,[16],16.0,18,277,"[14, 14, 14, 14, 14, 15, 15, 15, 15, 15, 16, 16, 16, 16, 16, 16, 17, 19]",18.0,0.0,5.0,0,11.0
1278,Fer_FPE01-06_18122021_6_51.jpg,92461261,2.0,2.67,1,5,"[1, 2, 5]",2.6666666666666665,3,8,"[1, 2, 5]",1.0,0.0,5.0,0,3.0
1279,Fer_FPE01-06_18122021_57_4.jpg,92461262,3.5,3.5,2,5,"[2, 5]",3.5,2,7,"[2, 5]",1.0,0.0,5.0,0,2.0
1280,Fer_FPE02_18122021_26_19.jpg,92461265,1.5,1.5,1,2,"[1, 2]",1.5,2,3,"[1, 2]",0.0,0.0,0.0,0,0.0
1281,Fer_FPE02_18122021_21_10.jpg,92461268,1.0,1.0,1,1,[1],1.0,5,5,"[1, 1, 1, 1, 1]",1.0,0.0,5.0,0,0.0
1282,Fer_FPE01-06_18122021_57_36.jpg,92461271,1.0,1.0,1,1,[1],1.0,7,7,"[1, 1, 1, 1, 1, 1, 1]",1.0,0.0,5.0,0,2.0
1283,Fer_FPE02_18122021_36_20.jpg,92461272,2.0,2.0,2,2,[2],2.0,1,2,[2],0.0,0.0,0.0,0,0.0
1284,Fer_FPE01-06_18122021_36_5.jpg,92461273,3.0,3.0,1,5,"[1, 5]",3.0,2,6,"[1, 5]",1.0,0.0,5.0,0,1.0
1285,Fer_FPE01-06_18122021_55_6.jpg,92461274,7.0,7.72,7,7,[7],7.0,18,139,"[4, 6, 6, 6, 7, 7, 7, 7, 7, 7, 8, 8, 9, 9, 9, 9, 9, 14]",9.0,0.0,5.0,0,9.0
1286,Fer_FPE02_18122021_31_15.jpg,92461275,6.0,6.0,6,6,[6],6.0,1,6,[6],1.0,0.0,5.0,0,1.0
1287,Fer_FPE02_18122021_2_16.jpg,92461276,1.0,1.07,1,1,[1],1.0,14,15,"[1, 1, 1, 1, 1, 1, 1, 1, 1, 1, 1, 1, 1, 2]",1.0,0.0,5.0,0,9.0
1288,Fer_FPE01-06_18122021_14_53.jpg,92461277,1.0,1.06,1,1,[1],1.0,17,18,"[1, 1, 1, 1, 1, 1, 1, 1, 1, 1, 1, 1, 1, 1, 1, 1, 2]",1.0,0.0,5.0,0,2.0
1289,Fer_FPE02_18122021_15_14.jpg,92461279,1.0,1.0,1,1,[1],1.0,1,1,[1],0.0,0.0,0.0,0,0.0
1290,Fer_FPE01-06_18122021_42_17.jpg,92461282,3.0,3.37,2,5,"[2, 3, 4, 5]",3.5,19,64,"[1, 1, 2, 2, 2, 2, 3, 3, 3, 3, 4, 4, 4, 4, 5, 5, 5, 5, 6]",6.0,0.0,5.0,0,4.0
1291,Fer_FPE01-06_18122021_51_2.jpg,92461283,1.0,1.0,1,1,[1],1.0,1,1,[1],0.0,0.0,0.0,0,0.0
1292,Fer_FPE02_18122021_14_9.jpg,92461284,2.0,2.0,2,2,[2],2.0,1,2,[2],0.0,0.0,0.0,0,0.0
1293,Fer_FPE01-06_18122021_3_49.jpg,92461290,1.0,1.0,1,1,[1],1.0,1,1,[1],0.0,0.0,0.0,0,0.0
1294,Fer_FPE02_18122021_23_14.jpg,92461294,3.0,3.0,3,3,[3],3.0,1,3,[3],0.0,0.0,0.0,0,0.0
1295,Fer_FPE01-06_18122021_38_23.jpg,92461295,1.0,1.0,1,1,[1],1.0,9,9,"[1, 1, 1, 1, 1, 1, 1, 1, 1]",1.0,0.0,5.0,0,4.0
1296,Fer_FPE01-06_18122021_36_26.jpg,92461296,1.0,1.0,1,1,[1],1.0,3,3,"[1, 1, 1]",0.0,0.0,0.0,0,0.0
1297,Fer_FPE01-06_18122021_42_9.jpg,92461297,1.0,1.0,1,1,[1],1.0,14,14,"[1, 1, 1, 1, 1, 1, 1, 1, 1, 1, 1, 1, 1, 1]",1.0,0.0,5.0,0,9.0
1298,Fer_FPE01-06_18122021_42_16.jpg,92461304,4.0,3.75,5,5,[5],5.0,12,45,"[1, 1, 2, 3, 4, 4, 4, 5, 5, 5, 5, 6]",5.0,0.0,5.0,0,2.0
1299,Fer_FPE01-06_18122021_28_26.jpg,92461305,1.0,1.0,1,1,[1],1.0,1,1,[1],0.0,0.0,0.0,0,0.0
1300,Fer_FPE02_18122021_33_11.jpg,92461306,1.0,1.0,1,1,[1],1.0,3,3,"[1, 1, 1]",0.0,0.0,0.0,0,0.0
1301,Fer_FPE01-06_18122021_26_23.jpg,92461310,1.0,1.0,1,1,[1],1.0,17,17,"[1, 1, 1, 1, 1, 1, 1, 1, 1, 1, 1, 1, 1, 1, 1, 1, 1]",1.0,0.0,5.0,0,12.0
1302,Fer_FPE01-06_18122021_53_1.jpg,92461312,1.0,1.31,1,1,[1],1.0,16,21,"[1, 1, 1, 1, 1, 1, 1, 1, 1, 1, 1, 1, 1, 1, 1, 6]",1.0,0.0,5.0,0,16.0
1303,Fer_FPE01-06_18122021_14_52.jpg,92461314,1.0,1.25,1,1,[1],1.0,4,5,"[1, 1, 1, 2]",1.0,0.0,5.0,0,0.0
1304,Fer_FPE02_18122021_17_10.jpg,92461318,1.0,1.0,1,1,[1],1.0,1,1,[1],0.0,0.0,0.0,0,0.0
1305,Fer_FPE01-06_18122021_57_37.jpg,92461319,2.0,3.69,2,2,[2],2.0,16,59,"[1, 2, 2, 2, 2, 2, 2, 2, 2, 2, 2, 2, 2, 2, 2, 30]",4.0,0.0,5.0,0,3.0
1306,Fer_FPE02_18122021_26_18.jpg,92461321,1.0,1.0,1,1,[1],1.0,3,3,"[1, 1, 1]",0.0,0.0,0.0,0,0.0
1307,Fer_FPE02_18122021_21_11.jpg,92461322,1.5,1.75,1,1,[1],1.0,4,7,"[1, 1, 2, 3]",1.0,0.0,5.0,0,2.0
1308,Fer_FPE02_18122021_28_21.jpg,92461323,1.0,1.0,1,1,[1],1.0,16,16,"[1, 1, 1, 1, 1, 1, 1, 1, 1, 1, 1, 1, 1, 1, 1, 1]",1.0,0.0,5.0,0,11.0
1309,Fer_FPE01-06_18122021_34_23.jpg,92461325,1.0,1.0,1,1,[1],1.0,1,1,[1],0.0,0.0,0.0,0,0.0
1310,Fer_FPE01-06_18122021_6_50.jpg,92461326,1.0,1.0,1,1,[1],1.0,8,8,"[1, 1, 1, 1, 1, 1, 1, 1]",1.0,0.0,5.0,0,3.0
1311,Fer_FPE02_18122021_29_8.jpg,92461329,1.0,1.0,1,1,[1],1.0,1,1,[1],0.0,0.0,0.0,0,0.0
1312,Fer_FPE02_18122021_21_15.jpg,92461333,2.0,1.92,2,2,[2],2.0,13,25,"[1, 2, 2, 2, 2, 2, 2, 2, 2, 2, 2, 2, 2]",2.0,0.0,5.0,0,0.0
1313,Fer_FPE02_18122021_28_19.jpg,92461334,2.0,2.0,2,2,[2],2.0,1,2,[2],0.0,0.0,0.0,0,0.0
1314,Fer_FPE01-06_18122021_20_46.jpg,92461335,9.0,9.0,9,9,[9],9.0,1,9,[9],1.0,0.0,5.0,0,4.0
1315,Fer_FPE01-06_18122021_34_27.jpg,92461338,2.0,2.0,2,2,[2],2.0,17,34,"[2, 2, 2, 2, 2, 2, 2, 2, 2, 2, 2, 2, 2, 2, 2, 2, 2]",2.0,0.0,5.0,0,2.0
1316,Fer_FPE01-06_18122021_57_1.jpg,92461339,1.0,1.46,1,1,[1],1.0,13,19,"[1, 1, 1, 1, 1, 1, 1, 2, 2, 2, 2, 2, 2]",2.0,0.0,5.0,0,0.0
1317,Fer_FPE02_18122021_26_20.jpg,92461341,1.0,1.0,1,1,[1],1.0,18,18,"[1, 1, 1, 1, 1, 1, 1, 1, 1, 1, 1, 1, 1, 1, 1, 1, 1, 1]",2.0,0.0,5.0,0,1.0
1318,Fer_FPE02_18122021_6_5.jpg,92461343,1.0,1.0,1,1,[1],1.0,1,1,[1],0.0,0.0,0.0,0,0.0
1319,Fer_FPE01-06_18122021_50_12.jpg,92461345,1.0,1.29,1,1,[1],1.0,7,9,"[1, 1, 1, 1, 1, 2, 2]",1.0,0.0,5.0,0,4.0
1320,Fer_FPE02_18122021_19_11.jpg,92461346,1.0,1.0,1,1,[1],1.0,1,1,[1],0.0,0.0,0.0,0,0.0
1321,Fer_FPE01-06_18122021_59_36.jpg,92461347,1.0,1.0,1,1,[1],1.0,16,16,"[1, 1, 1, 1, 1, 1, 1, 1, 1, 1, 1, 1, 1, 1, 1, 1]",1.0,0.0,5.0,0,3.0
1322,Fer_FPE02_18122021_31_10.jpg,92461348,1.0,1.0,1,1,[1],1.0,1,1,[1],0.0,0.0,0.0,0,0.0
1323,Fer_FPE02_18122021_2_13.jpg,92461349,2.5,2.5,1,4,"[1, 4]",2.5,2,5,"[1, 4]",1.0,0.0,5.0,0,0.0
1324,Fer_FPE01-06_18122021_46_9.jpg,92461350,1.0,1.0,1,1,[1],1.0,2,2,"[1, 1]",0.0,0.0,0.0,0,0.0
1325,Fer_FPE01-06_18122021_55_36.jpg,92461355,1.0,1.0,1,1,[1],1.0,17,17,"[1, 1, 1, 1, 1, 1, 1, 1, 1, 1, 1, 1, 1, 1, 1, 1, 1]",2.0,0.0,5.0,0,3.0
1326,Fer_FPE02_18122021_33_15.jpg,92461357,1.0,1.0,1,1,[1],1.0,1,1,[1],0.0,0.0,0.0,0,0.0
1327,Fer_FPE01-06_18122021_28_22.jpg,92461358,8.0,7.76,8,8,[8],8.0,21,163,"[5, 6, 6, 7, 7, 7, 7, 7, 7, 8, 8, 8, 8, 8, 8, 8, 8, 9, 9, 9, 13]",11.0,0.0,5.0,0,25.0
1328,Fer_FPE01-06_18122021_42_12.jpg,92461362,1.0,1.0,1,1,[1],1.0,2,2,"[1, 1]",0.0,0.0,0.0,0,0.0
1329,Fer_FPE01-06_18122021_38_27.jpg,92461363,4.0,3.64,4,4,[4],4.0,14,51,"[1, 1, 3, 4, 4, 4, 4, 4, 4, 4, 4, 4, 5, 5]",4.0,0.0,5.0,0,5.0
1330,Fer_FPE01-06_18122021_51_7.jpg,92461367,3.0,3.37,3,3,[3],3.0,19,64,"[2, 3, 3, 3, 3, 3, 3, 3, 3, 3, 3, 3, 3, 3, 4, 4, 4, 4, 7]",4.0,0.0,5.0,0,7.0
1331,Fer_FPE02_18122021_21_5.jpg,92461368,1.0,1.0,1,1,[1],1.0,1,1,[1],0.0,0.0,0.0,0,0.0
1332,Fer_FPE01-06_18122021_36_22.jpg,92461369,1.0,1.25,1,1,[1],1.0,4,5,"[1, 1, 1, 2]",1.0,0.0,5.0,0,0.0
1333,Fer_FPE01-06_18122021_36_23.jpg,92461370,3.0,3.11,3,3,[3],3.0,19,59,"[1, 2, 2, 2, 2, 3, 3, 3, 3, 3, 3, 3, 3, 3, 4, 4, 4, 5, 6]",5.0,0.0,5.0,0,5.0
1334,Fer_FPE01-06_18122021_4_50.jpg,92461371,50.0,50.0,50,50,[50],50.0,1,50,[50],2.0,0.0,5.0,0,8.0
1335,Fer_FPE02_18122021_21_4.jpg,92461372,20.0,20.0,20,20,[20],20.0,1,20,[20],1.0,0.0,5.0,0,14.0
1336,Fer_FPE02_18122021_23_11.jpg,92461375,1.0,1.4,1,1,[1],1.0,5,7,"[1, 1, 1, 2, 2]",1.0,0.0,5.0,0,2.0
1337,Fer_FPE01-06_18122021_53_4.jpg,92461380,2.0,2.0,1,3,"[1, 3]",2.0,2,4,"[1, 3]",0.0,0.0,0.0,0,0.0
1338,Fer_FPE01-06_18122021_28_23.jpg,92461382,1.0,1.38,1,1,[1],1.0,13,18,"[1, 1, 1, 1, 1, 1, 1, 1, 1, 2, 2, 2, 3]",1.0,0.0,5.0,0,0.0
1339,Fer_FPE02_18122021_15_10.jpg,92461385,3.0,3.0,3,3,[3],3.0,1,3,[3],0.0,0.0,0.0,0,0.0
1340,Fer_FPE01-06_18122021_55_37.jpg,92461386,5.0,4.94,5,5,[5],5.0,18,89,"[4, 4, 4, 5, 5, 5, 5, 5, 5, 5, 5, 5, 5, 5, 5, 5, 6, 6]",6.0,0.0,5.0,0,8.0
1341,Fer_FPE02_18122021_2_12.jpg,92461391,3.0,2.87,3,3,[3],3.0,15,43,"[2, 2, 3, 3, 3, 3, 3, 3, 3, 3, 3, 3, 3, 3, 3]",2.0,0.0,5.0,0,2.0
1342,Fer_FPE01-06_18122021_48_7.jpg,92461393,4.0,5.0,4,4,[4],4.0,19,95,"[3, 3, 4, 4, 4, 4, 4, 4, 4, 4, 5, 5, 5, 6, 6, 6, 6, 9, 9]",7.0,0.0,5.0,0,0.0
1343,Fer_FPE01-06_18122021_59_37.jpg,92461394,5.0,4.59,5,5,[5],5.0,17,78,"[3, 4, 4, 4, 4, 4, 4, 5, 5, 5, 5, 5, 5, 5, 5, 5, 6]",7.0,0.0,5.0,0,3.0
1344,Fer_FPE01-06_18122021_34_26.jpg,92461397,1.0,1.0,1,1,[1],1.0,1,1,[1],0.0,0.0,0.0,0,0.0
1345,Fer_FPE01-06_18122021_20_47.jpg,92461400,3.0,3.0,2,4,"[2, 4]",3.0,2,6,"[2, 4]",1.0,0.0,5.0,0,1.0
1346,Fer_FPE01-06_18122021_40_16.jpg,92461404,1.0,1.0,1,1,[1],1.0,1,1,[1],0.0,0.0,0.0,0,0.0
1347,Fer_FPE02_18122021_4_4.jpg,92461406,6.0,6.0,6,6,[6],6.0,1,6,[6],1.0,0.0,5.0,0,1.0
1348,Fer_FPE02_18122021_21_16.jpg,92461411,2.0,2.0,2,2,[2],2.0,19,38,"[2, 2, 2, 2, 2, 2, 2, 2, 2, 2, 2, 2, 2, 2, 2, 2, 2, 2, 2]",2.0,0.0,5.0,0,0.0
1349,Fer_FPE02_18122021_12_9.jpg,92461413,1.0,1.0,1,1,[1],1.0,1,1,[1],0.0,0.0,0.0,0,0.0
1350,Fer_FPE01-06_18122021_48_5.jpg,92461419,2.0,1.9,2,2,[2],2.0,20,38,"[1, 1, 2, 2, 2, 2, 2, 2, 2, 2, 2, 2, 2, 2, 2, 2, 2, 2, 2, 2]",2.0,0.0,5.0,0,0.0
1351,Fer_FPE01-06_18122021_50_11.jpg,92461420,2.0,2.22,1,1,[1],1.0,9,20,"[1, 1, 1, 1, 2, 2, 3, 4, 5]",2.0,0.0,5.0,0,3.0
1352,Fer_FPE01-06_18122021_16_50.jpg,92461422,3.0,3.56,2,2,[2],2.0,16,57,"[1, 2, 2, 2, 2, 2, 3, 3, 3, 4, 4, 4, 5, 5, 6, 9]",4.0,0.0,5.0,0,3.0
1353,Fer_FPE02_18122021_2_10.jpg,92461423,1.0,1.0,1,1,[1],1.0,1,1,[1],0.0,0.0,0.0,0,0.0
1354,Fer_FPE02_18122021_8_9.jpg,92461424,1.0,1.47,1,1,[1],1.0,15,22,"[1, 1, 1, 1, 1, 1, 1, 1, 1, 2, 2, 2, 2, 2, 3]",2.0,0.0,5.0,0,1.0
1355,Fer_FPE02_18122021_31_13.jpg,92461425,1.0,1.33,1,1,[1],1.0,3,4,"[1, 1, 2]",0.0,0.0,0.0,0,0.0
1356,Fer_FPE02_18122021_18_2.jpg,92461429,1.0,1.0,1,1,[1],1.0,1,1,[1],0.0,0.0,0.0,0,0.0
1357,Fer_FPE02_18122021_33_16.jpg,92461431,1.0,1.6,1,1,[1],1.0,5,8,"[1, 1, 1, 1, 4]",1.0,0.0,5.0,0,3.0
1358,Fer_FPE01-06_18122021_21_39.jpg,92461432,1.0,1.0,1,1,[1],1.0,1,1,[1],0.0,0.0,0.0,0,0.0
1359,Fer_FPE01-06_18122021_26_24.jpg,92461433,1.0,1.07,1,1,[1],1.0,14,15,"[1, 1, 1, 1, 1, 1, 1, 1, 1, 1, 1, 1, 1, 2]",1.0,0.0,5.0,0,7.0
1360,Fer_FPE02_18122021_34_23.jpg,92461434,1.0,1.05,1,1,[1],1.0,19,20,"[1, 1, 1, 1, 1, 1, 1, 1, 1, 1, 1, 1, 1, 1, 1, 1, 1, 1, 2]",1.0,0.0,5.0,0,14.0
1361,Fer_FPE01-06_18122021_42_11.jpg,92461436,1.0,1.36,1,1,[1],1.0,11,15,"[1, 1, 1, 1, 1, 1, 1, 1, 1, 2, 4]",1.0,0.0,5.0,0,9.0
1362,Fer_FPE01-06_18122021_38_30.jpg,92461437,1.0,1.0,1,1,[1],1.0,5,5,"[1, 1, 1, 1, 1]",1.0,0.0,5.0,0,0.0
1363,Fer_FPE02_18122021_23_13.jpg,92461438,1.0,1.19,1,1,[1],1.0,16,19,"[1, 1, 1, 1, 1, 1, 1, 1, 1, 1, 1, 1, 1, 1, 1, 4]",2.0,0.0,5.0,0,3.0
1364,Fer_FPE01-06_18122021_38_24.jpg,92461439,5.0,5.0,5,5,[5],5.0,1,5,[5],1.0,0.0,5.0,0,0.0
1365,Fer_FPE01-06_18122021_36_21.jpg,92461440,10.0,10.0,10,10,[10],10.0,1,10,[10],1.0,0.0,5.0,0,5.0
1366,Fer_FPE01-06_18122021_31_28.jpg,92461441,11.5,11.62,11,11,[11],11.0,16,186,"[1, 2, 8, 8, 10, 11, 11, 11, 12, 14, 14, 15, 16, 17, 17, 19]",12.0,0.0,5.0,0,9.0
1367,Fer_FPE01-06_18122021_25_49.jpg,92461444,2.0,2.0,2,2,[2],2.0,1,2,[2],0.0,0.0,0.0,0,0.0
1368,Fer_FPE01-06_18122021_22_40.jpg,92461446,1.0,1.0,1,1,[1],1.0,2,2,"[1, 1]",0.0,0.0,0.0,0,0.0
1369,Fer_FPE02_18122021_21_7.jpg,92461450,3.0,3.0,3,3,[3],3.0,19,57,"[2, 2, 2, 3, 3, 3, 3, 3, 3, 3, 3, 3, 3, 3, 3, 3, 4, 4, 4]",4.0,0.0,5.0,0,3.0
1370,Fer_FPE01-06_18122021_4_53.jpg,92461454,1.5,1.5,1,2,"[1, 2]",1.5,2,3,"[1, 2]",0.0,0.0,0.0,0,0.0
1371,Fer_FPE01-06_18122021_38_25.jpg,92461457,2.0,2.06,2,2,[2],2.0,16,33,"[1, 1, 1, 1, 1, 2, 2, 2, 2, 2, 2, 2, 2, 3, 3, 6]",2.0,0.0,5.0,0,4.0
1372,Fer_FPE02_18122021_23_12.jpg,92461458,1.0,1.07,1,1,[1],1.0,14,15,"[1, 1, 1, 1, 1, 1, 1, 1, 1, 1, 1, 1, 1, 2]",1.0,0.0,5.0,0,10.0
1373,Fer_FPE01-06_18122021_38_31.jpg,92461459,1.0,1.53,1,1,[1],1.0,19,29,"[1, 1, 1, 1, 1, 1, 1, 1, 1, 1, 2, 2, 2, 2, 2, 2, 2, 2, 3]",2.0,0.0,5.0,0,0.0
1374,Fer_FPE01-06_18122021_42_10.jpg,92461460,2.0,1.85,2,2,[2],2.0,20,37,"[1, 1, 1, 2, 2, 2, 2, 2, 2, 2, 2, 2, 2, 2, 2, 2, 2, 2, 2, 2]",2.0,0.0,5.0,0,0.0
1375,Fer_FPE01-06_18122021_26_25.jpg,92461461,1.0,1.0,1,1,[1],1.0,2,2,"[1, 1]",0.0,0.0,0.0,0,0.0
1376,Fer_FPE02_18122021_33_17.jpg,92461465,1.0,1.0,1,1,[1],1.0,5,5,"[1, 1, 1, 1, 1]",1.0,0.0,5.0,0,0.0
1377,Fer_FPE01-06_18122021_55_1.jpg,92461471,4.0,4.09,4,4,[4],4.0,22,90,"[3, 3, 3, 3, 3, 3, 4, 4, 4, 4, 4, 4, 4, 4, 4, 5, 5, 5, 5, 5, 5, 6]",7.0,0.0,5.0,0,5.0
1378,Fer_FPE02_18122021_8_8.jpg,92461473,3.0,2.33,3,3,[3],3.0,15,35,"[1, 1, 1, 1, 2, 2, 2, 3, 3, 3, 3, 3, 3, 3, 4]",3.0,0.0,5.0,0,3.0
1379,Fer_FPE02_18122021_2_11.jpg,92461474,1.0,1.33,1,1,[1],1.0,3,4,"[1, 1, 2]",0.0,0.0,0.0,0,0.0
1380,Fer_FPE01-06_18122021_16_51.jpg,92461475,1.0,1.0,1,1,[1],1.0,4,4,"[1, 1, 1, 1]",0.0,0.0,0.0,0,0.0
1381,Fer_FPE01-06_18122021_50_10.jpg,92461477,2.0,2.23,2,2,[2],2.0,13,29,"[1, 1, 2, 2, 2, 2, 2, 2, 2, 3, 3, 3, 4]",2.0,0.0,5.0,0,0.0
1382,Fer_FPE01-06_18122021_57_3.jpg,92461483,1.0,1.0,1,1,[1],1.0,1,1,[1],0.0,0.0,0.0,0,0.0
1383,Fer_FPE01-06_18122021_20_50.jpg,92461484,2.0,2.0,2,2,[2],2.0,1,2,[2],0.0,0.0,0.0,0,0.0
1384,Fer_FPE01-06_18122021_34_25.jpg,92461485,2.0,2.05,2,2,[2],2.0,19,39,"[2, 2, 2, 2, 2, 2, 2, 2, 2, 2, 2, 2, 2, 2, 2, 2, 2, 2, 3]",2.0,0.0,5.0,0,1.0
1385,Fer_FPE01-06_18122021_8_47.jpg,92461486,10.0,10.0,10,10,[10],10.0,1,10,[10],1.0,0.0,5.0,0,5.0
1386,Fer_FPE02_18122021_21_17.jpg,92461488,2.0,2.06,2,2,[2],2.0,16,33,"[2, 2, 2, 2, 2, 2, 2, 2, 2, 2, 2, 2, 2, 2, 2, 3]",2.0,0.0,5.0,0,0.0
1387,Fer_FPE01-06_18122021_34_19.jpg,92461489,6.0,6.0,6,6,[6],6.0,1,6,[6],1.0,0.0,5.0,0,1.0
1388,Fer_FPE01-06_18122021_40_29.jpg,92461492,5.0,5.6,5,5,[5],5.0,15,84,"[4, 4, 5, 5, 5, 5, 5, 5, 5, 6, 6, 6, 6, 6, 11]",9.0,0.0,5.0,0,9.0
1389,Fer_FPE02_18122021_4_5.jpg,92461493,1.0,1.0,1,1,[1],1.0,4,4,"[1, 1, 1, 1]",0.0,0.0,0.0,0,0.0
1390,Fer_FPE01-06_18122021_40_24.jpg,92461494,4.0,3.78,4,4,[4],4.0,18,68,"[1, 3, 3, 4, 4, 4, 4, 4, 4, 4, 4, 4, 4, 4, 4, 4, 4, 5]",6.0,0.0,5.0,0,3.0
1391,Fer_FPE02_18122021_4_8.jpg,92461496,1.0,1.0,1,1,[1],1.0,2,2,"[1, 1]",0.0,0.0,0.0,0,0.0
1392,Fer_FPE01-06_18122021_47_11.jpg,92461497,1.0,13.67,1,1,[1],1.0,3,41,"[1, 1, 39]",1.0,0.0,5.0,0,35.0
1393,Fer_FPE01-06_18122021_59_1.jpg,92461499,2.0,2.5,2,2,[2],2.0,16,40,"[2, 2, 2, 2, 2, 2, 2, 2, 2, 2, 2, 2, 3, 3, 4, 6]",2.0,0.0,5.0,0,4.0
1394,Fer_FPE01-06_18122021_20_49.jpg,92461502,1.0,1.0,1,1,[1],1.0,1,1,[1],0.0,0.0,0.0,0,0.0
1395,Fer_FPE01-06_18122021_44_4.jpg,92461504,1.0,1.0,1,1,[1],1.0,7,7,"[1, 1, 1, 1, 1, 1, 1]",1.0,0.0,5.0,0,2.0
1396,Fer_FPE02_18122021_28_16.jpg,92461505,1.0,1.0,1,1,[1],1.0,12,12,"[1, 1, 1, 1, 1, 1, 1, 1, 1, 1, 1, 1]",1.0,0.0,5.0,0,7.0
1397,Fer_FPE01-06_18122021_33_21.jpg,92461506,1.0,1.0,1,1,[1],1.0,1,1,[1],0.0,0.0,0.0,0,0.0
1398,Fer_FPE02_18122021_12_5.jpg,92461508,2.0,2.14,2,2,[2],2.0,14,30,"[2, 2, 2, 2, 2, 2, 2, 2, 2, 2, 2, 2, 2, 4]",2.0,0.0,5.0,0,0.0
1399,Fer_FPE01-06_18122021_34_28.jpg,92461509,3.0,3.0,3,3,[3],3.0,1,3,[3],0.0,0.0,0.0,0,0.0
1400,Fer_FPE02_18122021_10_12.jpg,92461510,1.0,1.0,1,1,[1],1.0,1,1,[1],0.0,0.0,0.0,0,0.0
1401,Fer_FPE01-06_18122021_59_39.jpg,92461511,7.0,7.24,7,7,[7],7.0,17,123,"[6, 6, 7, 7, 7, 7, 7, 7, 7, 7, 7, 8, 8, 8, 8, 8, 8]",9.0,0.0,5.0,0,2.0
1402,Fer_FPE01-06_18122021_48_9.jpg,92461512,2.0,1.88,2,2,[2],2.0,8,15,"[1, 1, 2, 2, 2, 2, 2, 3]",2.0,0.0,5.0,0,2.0
1403,Fer_FPE02_18122021_8_5.jpg,92461513,1.0,1.0,1,1,[1],1.0,3,3,"[1, 1, 1]",0.0,0.0,0.0,0,0.0
1404,Fer_FPE01-06_18122021_46_6.jpg,92461514,1.0,1.0,1,1,[1],1.0,1,1,[1],0.0,0.0,0.0,0,0.0
1405,Fer_FPE01-06_18122021_24_39.jpg,92461516,1.0,1.0,1,1,[1],1.0,4,4,"[1, 1, 1, 1]",0.0,0.0,0.0,0,0.0
1406,Fer_FPE02_18122021_10_7.jpg,92461517,5.0,5.0,5,5,[5],5.0,1,5,[5],1.0,0.0,5.0,0,0.0
1407,Fer_FPE02_18122021_38_13.jpg,92461518,1.0,1.0,1,1,[1],1.0,6,6,"[1, 1, 1, 1, 1, 1]",1.0,0.0,5.0,0,1.0
1408,Fer_FPE01-06_18122021_55_39.jpg,92461519,4.0,3.94,4,4,[4],4.0,17,67,"[3, 3, 4, 4, 4, 4, 4, 4, 4, 4, 4, 4, 4, 4, 4, 4, 5]",6.0,0.0,5.0,0,6.0
1409,Fer_FPE02_18122021_7_10.jpg,92461522,1.0,2.17,1,1,[1],1.0,6,13,"[1, 1, 1, 1, 1, 8]",1.0,0.0,5.0,0,8.0
1410,Fer_FPE01-06_18122021_42_35.jpg,92461525,7.0,7.0,7,7,[7],7.0,1,7,[7],1.0,0.0,5.0,0,2.0
1411,Fer_FPE01-06_18122021_45_14.jpg,92461526,2.0,2.0,2,2,[2],2.0,1,2,[2],0.0,0.0,0.0,0,0.0
1412,Fer_FPE01-06_18122021_38_28.jpg,92461527,1.0,1.22,1,1,[1],1.0,9,11,"[1, 1, 1, 1, 1, 1, 1, 2, 2]",1.0,0.0,5.0,0,6.0
1413,Fer_FPE01-06_18122021_36_11.jpg,92461528,1.0,1.06,1,1,[1],1.0,18,19,"[1, 1, 1, 1, 1, 1, 1, 1, 1, 1, 1, 1, 1, 1, 1, 1, 1, 2]",1.0,0.0,5.0,0,8.0
1414,Fer_FPE01-06_18122021_51_8.jpg,92461529,1.0,1.0,1,1,[1],1.0,1,1,[1],0.0,0.0,0.0,0,0.0
1415,Fer_FPE01-06_18122021_31_30.jpg,92461530,1.0,1.0,1,1,[1],1.0,1,1,[1],0.0,0.0,0.0,0,0.0
1416,Fer_FPE01-06_18122021_51_9.jpg,92461536,4.0,4.5,4,4,[4],4.0,12,54,"[2, 3, 4, 4, 4, 4, 4, 5, 5, 6, 6, 7]",6.0,0.0,5.0,0,1.0
1417,Fer_FPE01-06_18122021_36_10.jpg,92461538,2.0,2.0,2,2,[2],2.0,17,34,"[2, 2, 2, 2, 2, 2, 2, 2, 2, 2, 2, 2, 2, 2, 2, 2, 2]",3.0,0.0,5.0,0,0.0
1418,Fer_FPE01-06_18122021_42_34.jpg,92461540,1.0,1.59,1,1,[1],1.0,17,27,"[1, 1, 1, 1, 1, 1, 1, 1, 1, 2, 2, 2, 2, 2, 2, 2, 4]",3.0,0.0,5.0,0,1.0
1419,Fer_FPE01-06_18122021_56_41.jpg,92461541,5.0,3.78,5,5,[5],5.0,9,34,"[1, 1, 2, 3, 5, 5, 5, 6, 6]",5.0,0.0,5.0,0,0.0
1420,Fer_FPE02_18122021_23_9.jpg,92461542,1.0,1.0,1,1,[1],1.0,1,1,[1],0.0,0.0,0.0,0,0.0
1421,Fer_FPE01-06_18122021_60_40.jpg,92461544,1.0,1.09,1,1,[1],1.0,11,12,"[1, 1, 1, 1, 1, 1, 1, 1, 1, 1, 2]",1.0,0.0,5.0,0,7.0
1422,Fer_FPE01-06_18122021_55_38.jpg,92461546,8.0,7.44,8,8,[8],8.0,18,134,"[3, 6, 7, 7, 7, 7, 7, 7, 8, 8, 8, 8, 8, 8, 8, 9, 9, 9]",12.0,0.0,5.0,0,2.0
1423,Fer_FPE01-06_18122021_24_38.jpg,92461547,1.0,1.0,1,1,[1],1.0,3,3,"[1, 1, 1]",0.0,0.0,0.0,0,0.0
1424,Fer_FPE02_18122021_10_6.jpg,92461548,1.0,1.29,1,1,[1],1.0,17,22,"[1, 1, 1, 1, 1, 1, 1, 1, 1, 1, 1, 1, 1, 1, 1, 1, 6]",1.0,0.0,5.0,0,8.0
1425,Fer_FPE01-06_18122021_46_7.jpg,92461549,2.0,1.82,2,2,[2],2.0,11,20,"[1, 1, 2, 2, 2, 2, 2, 2, 2, 2, 2]",2.0,0.0,5.0,0,0.0
1426,Fer_FPE02_18122021_31_22.jpg,92461551,2.0,2.0,2,2,[2],2.0,1,2,[2],0.0,0.0,0.0,0,0.0
1427,Fer_FPE01-06_18122021_59_38.jpg,92461554,1.0,1.0,1,1,[1],1.0,6,6,"[1, 1, 1, 1, 1, 1]",1.0,0.0,5.0,0,1.0
1428,Fer_FPE01-06_18122021_48_8.jpg,92461556,1.0,1.44,1,1,[1],1.0,18,26,"[1, 1, 1, 1, 1, 1, 1, 1, 1, 1, 1, 2, 2, 2, 2, 2, 2, 3]",2.0,0.0,5.0,0,1.0
1429,Fer_FPE02_18122021_12_4.jpg,92461558,1.0,1.0,1,1,[1],1.0,3,3,"[1, 1, 1]",0.0,0.0,0.0,0,0.0
1430,Fer_FPE01-06_18122021_20_48.jpg,92461561,1.0,1.0,1,1,[1],1.0,16,16,"[1, 1, 1, 1, 1, 1, 1, 1, 1, 1, 1, 1, 1, 1, 1, 1]",2.0,0.0,5.0,0,2.0
1431,Fer_FPE02_18122021_28_17.jpg,92461562,1.0,1.0,1,1,[1],1.0,6,6,"[1, 1, 1, 1, 1, 1]",1.0,0.0,5.0,0,1.0
1432,Fer_FPE01-06_18122021_44_5.jpg,92461563,1.0,1.0,1,1,[1],1.0,4,4,"[1, 1, 1, 1]",0.0,0.0,0.0,0,0.0
1433,Fer_FPE02_18122021_26_12.jpg,92461565,1.0,1.65,1,1,[1],1.0,17,28,"[1, 1, 1, 1, 1, 1, 1, 1, 1, 1, 1, 1, 1, 1, 1, 1, 12]",1.0,0.0,5.0,0,20.0
1434,Fer_FPE01-06_18122021_47_10.jpg,92461567,22.0,22.0,22,22,[22],22.0,1,22,[22],1.0,0.0,5.0,0,17.0
1435,Fer_FPE01-06_18122021_40_25.jpg,92461570,1.0,1.11,1,1,[1],1.0,9,10,"[1, 1, 1, 1, 1, 1, 1, 1, 2]",1.0,0.0,5.0,0,5.0
1436,Fer_FPE01-06_18122021_59_2.jpg,92461572,1.0,2.0,1,1,[1],1.0,6,12,"[1, 1, 1, 1, 2, 6]",1.0,0.0,5.0,0,7.0
1437,Fer_FPE01-06_18122021_47_12.jpg,92461573,1.0,1.0,1,1,[1],1.0,1,1,[1],0.0,0.0,0.0,0,0.0
1438,Fer_FPE02_18122021_21_19.jpg,92461575,53.0,49.63,57,57,[57],57.0,19,943,"[7, 33, 39, 39, 47, 48, 51, 53, 53, 53, 56, 56, 57, 57, 57, 57, 58, 59, 63]",60.0,0.0,5.0,0,32.0
1439,Fer_FPE02_18122021_26_10.jpg,92461576,13.5,14.94,7,21,"[7, 11, 12, 13, 16, 21]",13.333333333333334,18,269,"[7, 7, 9, 11, 11, 12, 12, 13, 13, 14, 16, 16, 17, 19, 21, 21, 24, 26]",16.0,0.0,5.0,0,16.0
1440,Fer_FPE02_18122021_12_6.jpg,92461578,1.0,1.0,1,1,[1],1.0,2,2,"[1, 1]",0.0,0.0,0.0,0,0.0
1441,Fer_FPE01-06_18122021_27_43.jpg,92461579,2.0,2.0,2,2,[2],2.0,1,2,[2],0.0,0.0,0.0,0,0.0
1442,Fer_FPE01-06_18122021_44_7.jpg,92461580,5.0,4.71,5,5,[5],5.0,17,80,"[2, 3, 4, 4, 4, 5, 5, 5, 5, 5, 5, 5, 5, 5, 5, 6, 7]",3.0,0.0,5.0,0,2.0
1443,Fer_FPE02_18122021_28_15.jpg,92461581,1.0,1.0,1,1,[1],1.0,4,4,"[1, 1, 1, 1]",0.0,0.0,0.0,0,0.0
1444,Fer_FPE02_18122021_6_9.jpg,92461582,1.0,1.0,1,1,[1],1.0,17,17,"[1, 1, 1, 1, 1, 1, 1, 1, 1, 1, 1, 1, 1, 1, 1, 1, 1]",1.0,0.0,5.0,0,12.0
1445,Fer_FPE02_18122021_8_6.jpg,92461584,7.0,6.12,7,7,[7],7.0,16,98,"[2, 2, 3, 4, 5, 5, 6, 7, 7, 7, 7, 8, 8, 9, 9, 9]",7.0,0.0,5.0,0,8.0
1446,Fer_FPE01-06_18122021_46_5.jpg,92461587,1.0,1.0,1,1,[1],1.0,18,18,"[1, 1, 1, 1, 1, 1, 1, 1, 1, 1, 1, 1, 1, 1, 1, 1, 1, 1]",1.0,0.0,5.0,0,13.0
1447,Fer_FPE01-06_18122021_13_53.jpg,92461589,1.0,1.0,1,1,[1],1.0,1,1,[1],0.0,0.0,0.0,0,0.0
1448,Fer_FPE02_18122021_33_19.jpg,92461591,2.0,2.07,1,1,[1],1.0,15,31,"[1, 1, 1, 1, 1, 1, 1, 2, 2, 2, 3, 3, 4, 4, 4]",3.0,0.0,5.0,0,0.0
1449,Fer_FPE01-06_18122021_31_27.jpg,92461595,5.0,4.89,5,5,[5],5.0,18,88,"[3, 3, 5, 5, 5, 5, 5, 5, 5, 5, 5, 5, 5, 5, 5, 5, 6, 6]",5.0,0.0,5.0,0,0.0
1450,Fer_FPE01-06_18122021_32_8.jpg,92461597,1.0,1.0,1,1,[1],1.0,1,1,[1],0.0,0.0,0.0,0,0.0
1451,Fer_FPE01-06_18122021_38_17.jpg,92461598,1.0,1.0,1,1,[1],1.0,1,1,[1],0.0,0.0,0.0,0,0.0
1452,Fer_FPE02_18122021_21_9.jpg,92461599,1.0,1.0,1,1,[1],1.0,1,1,[1],0.0,0.0,0.0,0,0.0
1453,Fer_FPE02_18122021_21_8.jpg,92461602,3.0,3.0,3,3,[3],3.0,1,3,[3],0.0,0.0,0.0,0,0.0
1454,Fer_FPE01-06_18122021_4_48.jpg,92461605,32.0,32.0,32,32,[32],32.0,1,32,[32],1.0,0.0,5.0,0,6.0
1455,Fer_FPE02_18122021_24_14.jpg,92461606,1.0,1.44,1,1,[1],1.0,18,26,"[1, 1, 1, 1, 1, 1, 1, 1, 1, 1, 1, 1, 1, 1, 1, 1, 1, 9]",2.0,0.0,5.0,0,10.0
1456,Fer_FPE02_18122021_33_24.jpg,92461610,1.0,1.4,1,1,[1],1.0,5,7,"[1, 1, 1, 2, 2]",1.0,0.0,5.0,0,2.0
1457,Fer_FPE02_18122021_34_11.jpg,92461611,1.0,1.0,1,1,[1],1.0,1,1,[1],0.0,0.0,0.0,0,0.0
1458,Fer_FPE02_18122021_33_18.jpg,92461612,1.0,1.33,1,1,[1],1.0,6,8,"[1, 1, 1, 1, 1, 3]",1.0,0.0,5.0,0,3.0
1459,Fer_FPE02_18122021_10_5.jpg,92461616,2.0,2.0,2,2,[2],2.0,1,2,[2],0.0,0.0,0.0,0,0.0
1460,Fer_FPE02_18122021_8_7.jpg,92461617,17.0,16.21,21,21,[21],21.0,19,308,"[6, 9, 10, 11, 13, 13, 14, 15, 17, 17, 18, 19, 20, 20, 21, 21, 21, 21, 22]",20.0,0.0,5.0,0,19.0
1461,Fer_FPE02_18122021_36_14.jpg,92461618,1.0,1.0,1,1,[1],1.0,2,2,"[1, 1]",0.0,0.0,0.0,0,0.0
1462,Fer_FPE01-06_18122021_50_37.jpg,92461620,3.0,3.56,3,3,[3],3.0,18,64,"[1, 2, 3, 3, 3, 3, 3, 3, 3, 3, 3, 4, 4, 4, 4, 6, 6, 6]",4.0,0.0,5.0,0,5.0
1463,Fer_FPE01-06_18122021_44_6.jpg,92461623,1.0,1.0,1,1,[1],1.0,4,4,"[1, 1, 1, 1]",0.0,0.0,0.0,0,0.0
1464,Fer_FPE01-06_18122021_27_42.jpg,92461624,1.0,1.0,1,1,[1],1.0,15,15,"[1, 1, 1, 1, 1, 1, 1, 1, 1, 1, 1, 1, 1, 1, 1]",1.0,0.0,5.0,0,10.0
1465,Fer_FPE02_18122021_21_18.jpg,92461629,1.0,1.18,1,1,[1],1.0,17,20,"[1, 1, 1, 1, 1, 1, 1, 1, 1, 1, 1, 1, 1, 1, 2, 2, 2]",1.0,0.0,5.0,0,14.0
1466,Fer_FPE02_18122021_26_11.jpg,92461631,7.0,6.29,7,7,[7],7.0,17,107,"[1, 4, 5, 5, 5, 6, 6, 7, 7, 7, 7, 7, 7, 8, 8, 8, 9]",8.0,0.0,5.0,0,4.0
1467,Fer_FPE01-06_18122021_40_32.jpg,92461633,1.0,1.0,1,1,[1],1.0,9,9,"[1, 1, 1, 1, 1, 1, 1, 1, 1]",1.0,0.0,5.0,0,4.0
1468,Fer_FPE01-06_18122021_33_27.jpg,92461635,7.0,7.55,7,7,[7],7.0,11,83,"[1, 1, 6, 7, 7, 7, 8, 8, 10, 13, 15]",10.0,0.0,5.0,0,7.0
1469,Fer_FPE01-06_18122021_6_49.jpg,92461636,1.0,1.0,1,1,[1],1.0,1,1,[1],0.0,0.0,0.0,0,0.0
1470,Fer_FPE02_18122021_21_20.jpg,92461637,8.0,8.83,12,12,[12],12.0,18,159,"[5, 6, 6, 6, 6, 7, 8, 8, 8, 8, 9, 11, 11, 12, 12, 12, 12, 12]",12.0,0.0,5.0,0,3.0
1471,Fer_FPE02_18122021_28_10.jpg,92461640,59.0,60.79,58,59,"[58, 59]",58.5,14,851,"[36, 41, 42, 45, 58, 58, 59, 59, 61, 62, 68, 80, 90, 92]",72.0,0.0,5.0,0,114.0
1472,Fer_FPE01-06_18122021_33_33.jpg,92461641,4.0,4.0,4,4,[4],4.0,1,4,[4],0.0,0.0,0.0,0,0.0
1473,Fer_FPE01-06_18122021_34_12.jpg,92461643,1.0,1.0,1,1,[1],1.0,4,4,"[1, 1, 1, 1]",0.0,0.0,0.0,0,0.0
1474,Fer_FPE02_18122021_19_18.jpg,92461645,1.0,1.0,1,1,[1],1.0,19,19,"[1, 1, 1, 1, 1, 1, 1, 1, 1, 1, 1, 1, 1, 1, 1, 1, 1, 1, 1]",1.0,0.0,5.0,0,12.0
1475,Fer_FPE02_18122021_38_15.jpg,92461647,1.0,1.0,1,1,[1],1.0,7,7,"[1, 1, 1, 1, 1, 1, 1]",1.0,0.0,5.0,0,2.0
1476,Fer_FPE02_18122021_25_8.jpg,92461648,3.0,2.85,3,3,[3],3.0,13,37,"[1, 1, 2, 3, 3, 3, 3, 3, 3, 3, 4, 4, 4]",3.0,0.0,5.0,0,4.0
1477,Fer_FPE02_18122021_8_3.jpg,92461652,1.0,1.0,1,1,[1],1.0,1,1,[1],0.0,0.0,0.0,0,0.0
1478,Fer_FPE02_18122021_31_19.jpg,92461653,1.0,1.0,1,1,[1],1.0,1,1,[1],0.0,0.0,0.0,0,0.0
1479,Fer_FPE02_18122021_12_11.jpg,92461655,1.0,1.54,1,1,[1],1.0,13,20,"[1, 1, 1, 1, 1, 1, 1, 1, 1, 2, 2, 2, 5]",1.0,0.0,5.0,0,15.0
1480,Fer_FPE02_18122021_33_20.jpg,92461658,1.0,1.0,1,1,[1],1.0,6,6,"[1, 1, 1, 1, 1, 1]",1.0,0.0,5.0,0,1.0
1481,Fer_FPE02_18122021_34_15.jpg,92461660,1.0,1.0,1,1,[1],1.0,8,8,"[1, 1, 1, 1, 1, 1, 1, 1]",1.0,0.0,5.0,0,3.0
1482,Fer_FPE01-06_18122021_42_33.jpg,92461662,2.0,2.0,2,2,[2],2.0,18,36,"[1, 1, 1, 1, 1, 1, 2, 2, 2, 2, 2, 2, 2, 2, 2, 3, 4, 5]",3.0,0.0,5.0,0,1.0
1483,Fer_FPE01-06_18122021_25_43.jpg,92461665,1.0,1.54,1,1,[1],1.0,13,20,"[1, 1, 1, 1, 1, 1, 1, 1, 1, 1, 2, 2, 6]",2.0,0.0,5.0,0,2.0
1484,Fer_FPE02_18122021_24_10.jpg,92461669,11.0,13.12,7,7,[7],7.0,17,223,"[7, 7, 7, 8, 8, 9, 9, 10, 11, 12, 12, 13, 14, 16, 22, 26, 32]",16.0,0.0,5.0,0,11.0
1485,Fer_FPE02_18122021_24_11.jpg,92461671,2.0,4.0,1,1,[1],1.0,15,60,"[1, 1, 1, 1, 1, 1, 1, 2, 2, 3, 3, 8, 8, 9, 18]",3.0,0.0,5.0,0,1.0
1486,Fer_FPE01-06_18122021_38_13.jpg,92461674,2.0,2.0,2,2,[2],2.0,1,2,[2],0.0,0.0,0.0,0,0.0
1487,Fer_FPE01-06_18122021_31_23.jpg,92461675,3.0,3.0,3,3,[3],3.0,1,3,[3],0.0,0.0,0.0,0,0.0
1488,Fer_FPE02_18122021_2_9.jpg,92461676,2.5,2.5,1,4,"[1, 2, 3, 4]",2.5,4,10,"[1, 2, 3, 4]",1.0,0.0,5.0,0,5.0
1489,Fer_FPE01-06_18122021_42_32.jpg,92461677,4.0,4.0,4,4,[4],4.0,16,64,"[1, 3, 3, 3, 4, 4, 4, 4, 4, 4, 4, 4, 4, 4, 5, 9]",4.0,0.0,5.0,0,2.0
1490,Fer_FPE02_18122021_34_14.jpg,92461679,1.0,1.25,1,1,[1],1.0,4,5,"[1, 1, 1, 2]",1.0,0.0,5.0,0,0.0
1491,Fer_FPE02_18122021_9_12.jpg,92461681,1.0,1.0,1,1,[1],1.0,2,2,"[1, 1]",0.0,0.0,0.0,0,0.0
1492,Fer_FPE01-06_18122021_40_7.jpg,92461683,1.0,1.18,1,1,[1],1.0,11,13,"[1, 1, 1, 1, 1, 1, 1, 1, 1, 1, 3]",1.0,0.0,5.0,0,6.0
1493,Fer_FPE01-06_18122021_36_8.jpg,92461691,17.0,17.0,17,17,[17],17.0,1,17,[17],2.0,0.0,5.0,0,0.0
1494,Fer_FPE01-06_18122021_60_2.jpg,92461693,2.0,1.62,2,2,[2],2.0,8,13,"[1, 1, 1, 2, 2, 2, 2, 2]",2.0,0.0,5.0,0,0.0
1495,Fer_FPE02_18122021_38_14.jpg,92461694,1.0,1.0,1,1,[1],1.0,5,5,"[1, 1, 1, 1, 1]",1.0,0.0,5.0,0,0.0
1496,Fer_FPE02_18122021_28_11.jpg,92461700,9.0,9.21,9,9,[9],9.0,19,175,"[6, 6, 7, 8, 8, 8, 8, 9, 9, 9, 9, 9, 9, 11, 11, 12, 12, 12, 12]",14.0,0.0,5.0,0,21.0
1497,Fer_FPE01-06_18122021_44_3.jpg,92461701,2.0,2.0,2,2,[2],2.0,18,36,"[2, 2, 2, 2, 2, 2, 2, 2, 2, 2, 2, 2, 2, 2, 2, 2, 2, 2]",2.0,0.0,5.0,0,0.0
1498,Fer_FPE01-06_18122021_6_48.jpg,92461704,7.0,7.0,7,7,[7],7.0,1,7,[7],1.0,0.0,5.0,0,2.0
1499,Fer_FPE01-06_18122021_44_1.jpg,92461708,1.0,1.35,1,1,[1],1.0,17,23,"[1, 1, 1, 1, 1, 1, 1, 1, 1, 1, 1, 1, 1, 1, 1, 2, 6]",1.0,0.0,5.0,0,17.0
1500,Fer_FPE02_18122021_28_13.jpg,92461709,1.5,1.5,1,2,"[1, 2]",1.5,2,3,"[1, 2]",0.0,0.0,0.0,0,0.0
1501,Fer_FPE01-06_18122021_33_30.jpg,92461710,3.0,2.71,3,3,[3],3.0,7,19,"[1, 3, 3, 3, 3, 3, 3]",3.0,0.0,5.0,0,3.0
1502,Fer_FPE01-06_18122021_34_8.jpg,92461711,2.0,2.0,2,2,[2],2.0,1,2,[2],0.0,0.0,0.0,0,0.0
1503,Fer_FPE02_18122021_27_9.jpg,92461712,11.0,11.45,11,12,"[11, 12]",11.5,11,126,"[5, 9, 10, 11, 11, 11, 12, 12, 12, 13, 20]",12.0,0.0,5.0,0,4.0
1504,Fer_FPE01-06_18122021_34_11.jpg,92461714,2.0,2.06,2,2,[2],2.0,16,33,"[1, 2, 2, 2, 2, 2, 2, 2, 2, 2, 2, 2, 2, 2, 2, 4]",2.0,0.0,5.0,0,0.0
1505,Fer_FPE01-06_18122021_29_40.jpg,92461715,2.0,2.0,2,2,[2],2.0,1,2,[2],0.0,0.0,0.0,0,0.0
1506,Fer_FPE02_18122021_26_16.jpg,92461716,1.0,1.0,1,1,[1],1.0,19,19,"[1, 1, 1, 1, 1, 1, 1, 1, 1, 1, 1, 1, 1, 1, 1, 1, 1, 1, 1]",2.0,0.0,5.0,0,2.0
1507,Fer_FPE01-06_18122021_38_5.jpg,92461718,1.0,1.0,1,1,[1],1.0,15,15,"[1, 1, 1, 1, 1, 1, 1, 1, 1, 1, 1, 1, 1, 1, 1]",1.0,0.0,5.0,0,10.0
1508,Fer_FPE02_18122021_38_16.jpg,92461719,1.0,1.25,1,1,[1],1.0,4,5,"[1, 1, 1, 2]",1.0,0.0,5.0,0,0.0
1509,Fer_FPE01-06_18122021_62_41.jpg,92461720,1.0,1.0,1,1,[1],1.0,15,15,"[1, 1, 1, 1, 1, 1, 1, 1, 1, 1, 1, 1, 1, 1, 1]",1.0,0.0,5.0,0,10.0
1510,Fer_FPE02_18122021_36_13.jpg,92461721,2.0,2.29,2,2,[2],2.0,7,16,"[2, 2, 2, 2, 2, 3, 3]",2.0,0.0,5.0,0,3.0
1511,Fer_FPE02_18122021_12_12.jpg,92461723,3.0,2.47,3,3,[3],3.0,19,47,"[1, 2, 2, 2, 2, 2, 2, 2, 2, 3, 3, 3, 3, 3, 3, 3, 3, 3, 3]",5.0,0.0,5.0,0,3.0
1512,Fer_FPE02_18122021_16_4.jpg,92461724,1.0,1.0,1,1,[1],1.0,1,1,[1],0.0,0.0,0.0,0,0.0
1513,Fer_FPE02_18122021_33_23.jpg,92461727,1.0,1.23,1,1,[1],1.0,13,16,"[1, 1, 1, 1, 1, 1, 1, 1, 1, 1, 1, 2, 3]",1.0,0.0,5.0,0,11.0
1514,Fer_FPE01-06_18122021_45_11.jpg,92461732,1.5,1.5,1,2,"[1, 2]",1.5,2,3,"[1, 2]",0.0,0.0,0.0,0,0.0
1515,Fer_FPE01-06_18122021_42_30.jpg,92461733,4.0,4.37,4,4,[4],4.0,19,83,"[2, 3, 3, 4, 4, 4, 4, 4, 4, 4, 4, 4, 5, 5, 5, 6, 6, 6, 6]",5.0,0.0,5.0,0,0.0
1516,Fer_FPE01-06_18122021_3_52.jpg,92461737,1.0,1.0,1,1,[1],1.0,1,1,[1],0.0,0.0,0.0,0,0.0
1517,Fer_FPE01-06_18122021_42_7.jpg,92461740,2.0,2.0,2,2,[2],2.0,1,2,[2],0.0,0.0,0.0,0,0.0
1518,Fer_FPE01-06_18122021_3_46.jpg,92461741,1.0,1.0,1,1,[1],1.0,1,1,[1],0.0,0.0,0.0,0,0.0
1519,Fer_FPE01-06_18122021_36_28.jpg,92461742,3.0,2.85,3,3,[3],3.0,13,37,"[2, 2, 3, 3, 3, 3, 3, 3, 3, 3, 3, 3, 3]",3.0,0.0,5.0,0,0.0
1520,Fer_FPE02_18122021_24_12.jpg,92461745,4.0,3.83,4,4,[4],4.0,18,69,"[1, 2, 3, 3, 3, 3, 3, 4, 4, 4, 4, 4, 4, 5, 5, 5, 6, 6]",3.0,0.0,5.0,0,3.0
1521,Fer_FPE01-06_18122021_36_15.jpg,92461746,1.0,1.0,1,1,[1],1.0,1,1,[1],0.0,0.0,0.0,0,0.0
1522,Fer_FPE01-06_18122021_3_47.jpg,92461747,2.0,2.0,2,2,[2],2.0,1,2,[2],0.0,0.0,0.0,0,0.0
1523,Fer_FPE01-06_18122021_38_10.jpg,92461751,1.0,1.0,1,1,[1],1.0,19,19,"[1, 1, 1, 1, 1, 1, 1, 1, 1, 1, 1, 1, 1, 1, 1, 1, 1, 1, 1]",2.0,0.0,5.0,0,1.0
1524,Fer_FPE01-06_18122021_3_53.jpg,92461753,1.0,1.0,1,1,[1],1.0,1,1,[1],0.0,0.0,0.0,0,0.0
1525,Fer_FPE01-06_18122021_42_31.jpg,92461755,4.0,4.67,4,4,[4],4.0,12,56,"[1, 3, 4, 4, 4, 4, 4, 5, 5, 7, 7, 8]",5.0,0.0,5.0,0,2.0
1526,Fer_FPE02_18122021_34_17.jpg,92461757,1.0,1.0,1,1,[1],1.0,1,1,[1],0.0,0.0,0.0,0,0.0
1527,Fer_FPE02_18122021_9_11.jpg,92461761,2.5,2.5,2,3,"[2, 3]",2.5,2,5,"[2, 3]",1.0,0.0,5.0,0,0.0
1528,Fer_FPE02_18122021_12_13.jpg,92461762,2.0,2.0,2,2,[2],2.0,18,36,"[1, 2, 2, 2, 2, 2, 2, 2, 2, 2, 2, 2, 2, 2, 2, 2, 2, 3]",2.0,0.0,5.0,0,1.0
1529,Fer_FPE01-06_18122021_13_54.jpg,92461764,5.0,5.0,5,5,[5],5.0,1,5,[5],1.0,0.0,5.0,0,0.0
1530,Fer_FPE02_18122021_5_11.jpg,92461765,1.0,1.0,1,1,[1],1.0,1,1,[1],0.0,0.0,0.0,0,0.0
1531,Fer_FPE01-06_18122021_62_40.jpg,92461766,1.0,1.23,1,1,[1],1.0,13,16,"[1, 1, 1, 1, 1, 1, 1, 1, 1, 1, 2, 2, 2]",1.0,0.0,5.0,0,10.0
1532,Fer_FPE02_18122021_36_12.jpg,92461767,1.0,1.0,1,1,[1],1.0,1,1,[1],0.0,0.0,0.0,0,0.0
1533,Fer_FPE02_18122021_38_17.jpg,92461768,1.0,1.0,1,1,[1],1.0,1,1,[1],0.0,0.0,0.0,0,0.0
1534,Fer_FPE01-06_18122021_55_8.jpg,92461769,1.0,1.0,1,1,[1],1.0,1,1,[1],0.0,0.0,0.0,0,0.0
1535,Fer_FPE01-06_18122021_34_10.jpg,92461773,1.0,1.0,1,1,[1],1.0,13,13,"[1, 1, 1, 1, 1, 1, 1, 1, 1, 1, 1, 1, 1]",1.0,0.0,5.0,0,6.0
1536,Fer_FPE01-06_18122021_29_41.jpg,92461776,1.0,1.0,1,1,[1],1.0,1,1,[1],0.0,0.0,0.0,0,0.0
1537,Fer_FPE01-06_18122021_61_39.jpg,92461777,2.0,2.11,2,2,[2],2.0,18,38,"[1, 1, 2, 2, 2, 2, 2, 2, 2, 2, 2, 2, 2, 2, 3, 3, 3, 3]",2.0,0.0,5.0,0,0.0
1538,Fer_FPE02_18122021_28_12.jpg,92461781,1.0,1.77,1,1,[1],1.0,13,23,"[1, 1, 1, 1, 1, 1, 1, 2, 2, 2, 2, 2, 6]",2.0,0.0,5.0,0,0.0
1539,Fer_FPE02_18122021_1_12.jpg,92461789,1.0,1.0,1,1,[1],1.0,1,1,[1],0.0,0.0,0.0,0,0.0
1540,Fer_FPE01-06_18122021_27_23.jpg,92461791,5.0,4.67,5,5,[5],5.0,18,84,"[4, 4, 4, 4, 4, 4, 5, 5, 5, 5, 5, 5, 5, 5, 5, 5, 5, 5]",5.0,0.0,5.0,0,0.0
1541,Fer_FPE02_18122021_35_24.jpg,92461793,1.0,1.67,1,1,[1],1.0,9,15,"[1, 1, 1, 1, 1, 1, 1, 2, 6]",1.0,0.0,5.0,0,10.0
1542,Fer_FPE01-06_18122021_43_16.jpg,92461795,5.0,4.56,5,5,[5],5.0,9,41,"[1, 2, 4, 5, 5, 5, 6, 6, 7]",5.0,0.0,5.0,0,5.0
1543,Fer_FPE02_18122021_22_14.jpg,92461796,3.0,3.47,3,3,[3],3.0,19,66,"[3, 3, 3, 3, 3, 3, 3, 3, 3, 3, 4, 4, 4, 4, 4, 4, 4, 4, 4]",4.0,0.0,5.0,0,0.0
1544,Fer_FPE01-06_18122021_37_26.jpg,92461799,2.0,3.33,1,1,[1],1.0,9,30,"[1, 1, 1, 1, 2, 2, 3, 5, 14]",2.0,0.0,5.0,0,2.0
1545,Fer_FPE02_18122021_7_9.jpg,92461803,1.0,1.2,1,1,[1],1.0,10,12,"[1, 1, 1, 1, 1, 1, 1, 1, 2, 2]",1.0,0.0,5.0,0,7.0
1546,Fer_FPE01-06_18122021_41_13.jpg,92461804,1.0,1.08,1,1,[1],1.0,13,14,"[1, 1, 1, 1, 1, 1, 1, 1, 1, 1, 1, 1, 2]",1.0,0.0,5.0,0,9.0
1547,Fer_FPE02_18122021_27_18.jpg,92461807,1.0,1.0,1,1,[1],1.0,6,6,"[1, 1, 1, 1, 1, 1]",1.0,0.0,5.0,0,1.0
1548,Fer_FPE02_18122021_20_11.jpg,92461808,13.0,13.0,13,13,[13],13.0,1,13,[13],1.0,0.0,5.0,0,8.0
1549,Fer_FPE02_18122021_9_6.jpg,92461809,1.0,1.13,1,1,[1],1.0,15,17,"[1, 1, 1, 1, 1, 1, 1, 1, 1, 1, 1, 1, 1, 1, 3]",1.0,0.0,5.0,0,4.0
1550,Fer_FPE01-06_18122021_7_50.jpg,92461810,3.0,3.0,3,3,[3],3.0,1,3,[3],0.0,0.0,0.0,0,0.0
1551,Fer_FPE02_18122021_11_4.jpg,92461811,1.0,1.0,1,1,[1],1.0,1,1,[1],0.0,0.0,0.0,0,0.0
1552,Fer_FPE01-06_18122021_47_5.jpg,92461812,1.0,1.0,1,1,[1],1.0,15,15,"[1, 1, 1, 1, 1, 1, 1, 1, 1, 1, 1, 1, 1, 1, 1]",1.0,0.0,5.0,0,10.0
1553,Fer_FPE02_18122021_16_10.jpg,92461814,1.0,1.0,1,1,[1],1.0,1,1,[1],0.0,0.0,0.0,0,0.0
1554,Fer_FPE02_18122021_18_15.jpg,92461815,2.0,2.0,2,2,[2],2.0,1,2,[2],0.0,0.0,0.0,0,0.0
1555,Fer_FPE02_18122021_30_14.jpg,92461817,1.0,1.4,1,1,[1],1.0,5,7,"[1, 1, 1, 2, 2]",1.0,0.0,5.0,0,2.0
1556,Fer_FPE01-06_18122021_45_7.jpg,92461820,3.0,2.75,3,3,[3],3.0,20,55,"[1, 2, 2, 2, 3, 3, 3, 3, 3, 3, 3, 3, 3, 3, 3, 3, 3, 3, 3, 3]",3.0,0.0,5.0,0,0.0
1557,Fer_FPE01-06_18122021_45_6.jpg,92461822,2.0,2.06,2,2,[2],2.0,17,35,"[2, 2, 2, 2, 2, 2, 2, 2, 2, 2, 2, 2, 2, 2, 2, 2, 3]",2.0,0.0,5.0,0,1.0
1558,Fer_FPE02_18122021_30_15.jpg,92461824,1.0,2.43,1,1,[1],1.0,7,17,"[1, 1, 1, 1, 4, 4, 5]",1.0,0.0,5.0,0,11.0
1559,Fer_FPE01-06_18122021_58_3.jpg,92461825,1.0,1.0,1,1,[1],1.0,1,1,[1],0.0,0.0,0.0,0,0.0
1560,Fer_FPE02_18122021_18_14.jpg,92461826,2.0,2.0,2,2,[2],2.0,1,2,[2],0.0,0.0,0.0,0,0.0
1561,Fer_FPE01-06_18122021_19_47.jpg,92461827,1.0,1.0,1,1,[1],1.0,1,1,[1],0.0,0.0,0.0,0,0.0
1562,Fer_FPE02_18122021_16_11.jpg,92461828,1.0,1.0,1,1,[1],1.0,1,1,[1],0.0,0.0,0.0,0,0.0
1563,Fer_FPE01-06_18122021_56_36.jpg,92461829,2.0,1.82,2,2,[2],2.0,17,31,"[1, 1, 1, 1, 1, 2, 2, 2, 2, 2, 2, 2, 2, 2, 2, 2, 4]",2.0,0.0,5.0,0,2.0
1564,Fer_FPE01-06_18122021_35_22.jpg,92461830,1.0,1.0,1,1,[1],1.0,20,20,"[1, 1, 1, 1, 1, 1, 1, 1, 1, 1, 1, 1, 1, 1, 1, 1, 1, 1, 1, 1]",1.0,0.0,5.0,0,15.0
1565,Fer_FPE01-06_18122021_7_51.jpg,92461831,1.0,1.0,1,1,[1],1.0,1,1,[1],0.0,0.0,0.0,0,0.0
1566,Fer_FPE02_18122021_11_5.jpg,92461832,1.0,1.0,1,1,[1],1.0,10,10,"[1, 1, 1, 1, 1, 1, 1, 1, 1, 1]",1.0,0.0,5.0,0,5.0
1567,Fer_FPE02_18122021_27_19.jpg,92461833,1.0,3.22,1,1,[1],1.0,9,29,"[1, 1, 1, 1, 1, 1, 1, 2, 20]",2.0,0.0,5.0,0,5.0
1568,Fer_FPE01-06_18122021_60_37.jpg,92461835,2.0,1.79,2,2,[2],2.0,19,34,"[1, 1, 1, 1, 2, 2, 2, 2, 2, 2, 2, 2, 2, 2, 2, 2, 2, 2, 2]",2.0,0.0,5.0,0,0.0
1569,Fer_FPE02_18122021_20_10.jpg,92461838,1.0,1.0,1,1,[1],1.0,1,1,[1],0.0,0.0,0.0,0,0.0
1570,Fer_FPE02_18122021_29_20.jpg,92461839,1.0,1.5,1,1,[1],1.0,4,6,"[1, 1, 1, 3]",1.0,0.0,5.0,0,1.0
1571,Fer_FPE02_18122021_7_8.jpg,92461841,1.0,1.07,1,1,[1],1.0,14,15,"[1, 1, 1, 1, 1, 1, 1, 1, 1, 1, 1, 1, 1, 2]",1.0,0.0,5.0,0,10.0
1572,Fer_FPE01-06_18122021_23_52.jpg,92461843,1.0,1.0,1,1,[1],1.0,1,1,[1],0.0,0.0,0.0,0,0.0
1573,Fer_FPE01-06_18122021_5_54.jpg,92461846,1.0,1.0,1,1,[1],1.0,1,1,[1],0.0,0.0,0.0,0,0.0
1574,Fer_FPE01-06_18122021_37_33.jpg,92461847,2.0,1.9,2,2,[2],2.0,10,19,"[1, 1, 2, 2, 2, 2, 2, 2, 2, 3]",2.0,0.0,5.0,0,1.0
1575,Fer_FPE02_18122021_22_15.jpg,92461848,6.0,6.05,6,6,[6],6.0,19,115,"[4, 4, 5, 5, 6, 6, 6, 6, 6, 6, 6, 6, 6, 6, 7, 7, 7, 7, 9]",8.0,0.0,5.0,0,18.0
1576,Fer_FPE01-06_18122021_43_17.jpg,92461849,9.5,9.06,10,10,[10],10.0,18,163,"[6, 7, 7, 7, 8, 8, 9, 9, 9, 10, 10, 10, 10, 10, 10, 11, 11, 11]",13.0,0.0,5.0,0,5.0
1577,Fer_FPE01-06_18122021_27_22.jpg,92461852,2.0,2.12,2,2,[2],2.0,16,34,"[2, 2, 2, 2, 2, 2, 2, 2, 2, 2, 2, 2, 2, 2, 2, 4]",2.0,0.0,5.0,0,1.0
1578,Fer_FPE02_18122021_1_13.jpg,92461853,1.0,1.0,1,1,[1],1.0,1,1,[1],0.0,0.0,0.0,0,0.0
1579,Fer_FPE01-06_18122021_29_27.jpg,92461854,3.0,3.0,3,3,[3],3.0,1,3,[3],0.0,0.0,0.0,0,0.0
1580,Fer_FPE02_18122021_14_16.jpg,92461858,2.0,2.0,2,2,[2],2.0,1,2,[2],0.0,0.0,0.0,0,0.0
1581,Fer_FPE01-06_18122021_53_38.jpg,92461859,1.0,2.5,1,1,[1],1.0,4,10,"[1, 1, 1, 7]",1.0,0.0,5.0,0,5.0
1582,Fer_FPE01-06_18122021_29_25.jpg,92461861,2.0,2.0,2,2,[2],2.0,16,32,"[2, 2, 2, 2, 2, 2, 2, 2, 2, 2, 2, 2, 2, 2, 2, 2]",2.0,0.0,5.0,0,0.0
1583,Fer_FPE01-06_18122021_43_2.jpg,92461864,1.0,1.0,1,1,[1],1.0,20,20,"[1, 1, 1, 1, 1, 1, 1, 1, 1, 1, 1, 1, 1, 1, 1, 1, 1, 1, 1, 1]",1.0,0.0,5.0,0,15.0
1584,Fer_FPE01-06_18122021_27_20.jpg,92461865,6.0,5.67,6,6,[6],6.0,18,102,"[1, 5, 5, 5, 6, 6, 6, 6, 6, 6, 6, 6, 6, 6, 6, 6, 6, 8]",6.0,0.0,5.0,0,5.0
1585,Fer_FPE01-06_18122021_43_15.jpg,92461866,2.5,2.7,2,2,[2],2.0,10,27,"[2, 2, 2, 2, 2, 3, 3, 3, 3, 5]",2.0,0.0,5.0,0,3.0
1586,Fer_FPE02_18122021_17_1.jpg,92461869,12.0,12.0,12,12,[12],12.0,1,12,[12],1.0,0.0,5.0,0,7.0
1587,Fer_FPE01-06_18122021_37_25.jpg,92461872,2.0,2.11,2,2,[2],2.0,18,38,"[1, 2, 2, 2, 2, 2, 2, 2, 2, 2, 2, 2, 2, 2, 2, 3, 3, 3]",2.0,0.0,5.0,0,0.0
1588,Fer_FPE01-06_18122021_49_9.jpg,92461874,2.0,2.0,2,2,[2],2.0,1,2,[2],0.0,0.0,0.0,0,0.0
1589,Fer_FPE02_18122021_29_22.jpg,92461879,1.0,1.0,1,1,[1],1.0,16,16,"[1, 1, 1, 1, 1, 1, 1, 1, 1, 1, 1, 1, 1, 1, 1, 1]",1.0,0.0,5.0,0,9.0
1590,Fer_FPE01-06_18122021_35_20.jpg,92461880,5.5,5.5,5,6,"[5, 6]",5.5,2,11,"[5, 6]",1.0,0.0,5.0,0,6.0
1591,Fer_FPE01-06_18122021_47_6.jpg,92461882,1.0,1.12,1,1,[1],1.0,16,18,"[1, 1, 1, 1, 1, 1, 1, 1, 1, 1, 1, 1, 1, 1, 2, 2]",1.0,0.0,5.0,0,12.0
1592,Fer_FPE01-06_18122021_58_1.jpg,92461888,1.0,1.33,1,1,[1],1.0,6,8,"[1, 1, 1, 1, 2, 2]",1.0,0.0,5.0,0,3.0
1593,Fer_FPE02_18122021_3_14.jpg,92461889,1.0,1.0,1,1,[1],1.0,2,2,"[1, 1]",0.0,0.0,0.0,0,0.0
1594,Fer_FPE02_18122021_30_17.jpg,92461890,2.0,1.94,2,2,[2],2.0,18,35,"[1, 2, 2, 2, 2, 2, 2, 2, 2, 2, 2, 2, 2, 2, 2, 2, 2, 2]",2.0,0.0,5.0,0,0.0
1595,Fer_FPE01-06_18122021_45_4.jpg,92461891,3.0,2.6,3,3,[3],3.0,5,13,"[2, 2, 3, 3, 3]",2.0,0.0,5.0,0,3.0
1596,Fer_FPE01-06_18122021_25_31.jpg,92461892,1.0,1.0,1,1,[1],1.0,1,1,[1],0.0,0.0,0.0,0,0.0
1597,Fer_FPE02_18122021_13_5.jpg,92461894,1.0,1.0,1,1,[1],1.0,1,1,[1],0.0,0.0,0.0,0,0.0
1598,Fer_FPE01-06_18122021_25_24.jpg,92461895,1.0,1.0,1,1,[1],1.0,2,2,"[1, 1]",0.0,0.0,0.0,0,0.0
1599,Fer_FPE01-06_18122021_22_39.jpg,92461896,4.5,4.12,1,7,"[1, 7]",4.0,8,33,"[1, 1, 2, 4, 5, 6, 7, 7]",3.0,0.0,5.0,0,8.0
1600,Fer_FPE01-06_18122021_45_5.jpg,92461897,1.0,1.0,1,1,[1],1.0,1,1,[1],0.0,0.0,0.0,0,0.0
1601,Fer_FPE02_18122021_30_16.jpg,92461899,5.0,5.19,5,5,[5],5.0,16,83,"[3, 4, 4, 4, 5, 5, 5, 5, 5, 5, 5, 6, 6, 6, 7, 8]",5.0,0.0,5.0,0,13.0
1602,Fer_FPE02_18122021_5_9.jpg,92461901,1.0,1.0,1,1,[1],1.0,1,1,[1],0.0,0.0,0.0,0,0.0
1603,Fer_FPE01-06_18122021_56_35.jpg,92461902,2.0,2.56,2,2,[2],2.0,16,41,"[1, 2, 2, 2, 2, 2, 2, 2, 2, 2, 3, 3, 3, 4, 4, 5]",3.0,0.0,5.0,0,0.0
1604,Fer_FPE01-06_18122021_19_50.jpg,92461904,6.0,6.0,6,6,[6],6.0,1,6,[6],1.0,0.0,5.0,0,1.0
1605,Fer_FPE01-06_18122021_7_52.jpg,92461907,1.0,1.0,1,1,[1],1.0,1,1,[1],0.0,0.0,0.0,0,0.0
1606,Fer_FPE01-06_18122021_47_7.jpg,92461909,16.0,16.56,12,16,"[12, 16]",14.0,18,298,"[12, 12, 12, 13, 14, 14, 15, 15, 16, 16, 16, 18, 18, 19, 21, 21, 22, 24]",21.0,0.0,5.0,0,7.0
1607,Fer_FPE01-06_18122021_32_28.jpg,92461910,51.0,58.33,49,49,[49],49.0,18,1050,"[12, 15, 16, 20, 36, 37, 44, 49, 49, 53, 54, 59, 61, 66, 103, 113, 119, 144]",71.0,0.0,5.0,0,237.0
1608,Fer_FPE02_18122021_29_23.jpg,92461911,1.0,1.0,1,1,[1],1.0,5,5,"[1, 1, 1, 1, 1]",1.0,0.0,5.0,0,0.0
1609,Fer_FPE02_18122021_20_13.jpg,92461913,1.0,1.0,1,1,[1],1.0,1,1,[1],0.0,0.0,0.0,0,0.0
1610,Fer_FPE01-06_18122021_41_11.jpg,92461914,1.0,1.0,1,1,[1],1.0,2,2,"[1, 1]",0.0,0.0,0.0,0,0.0
1611,Fer_FPE01-06_18122021_30_39.jpg,92461917,1.0,1.0,1,1,[1],1.0,1,1,[1],0.0,0.0,0.0,0,0.0
1612,Fer_FPE02_18122021_22_9.jpg,92461918,9.0,9.0,9,9,[9],9.0,1,9,[9],1.0,0.0,5.0,0,4.0
1613,Fer_FPE01-06_18122021_37_24.jpg,92461919,5.0,4.21,5,5,[5],5.0,19,80,"[1, 2, 3, 3, 3, 3, 3, 4, 5, 5, 5, 5, 5, 5, 5, 5, 5, 6, 7]",6.0,0.0,5.0,0,6.0
1614,Fer_FPE01-06_18122021_43_14.jpg,92461923,1.0,1.0,1,1,[1],1.0,2,2,"[1, 1]",0.0,0.0,0.0,0,0.0
1615,Fer_FPE01-06_18122021_27_21.jpg,92461924,2.0,1.93,2,2,[2],2.0,15,29,"[1, 2, 2, 2, 2, 2, 2, 2, 2, 2, 2, 2, 2, 2, 2]",2.0,0.0,5.0,0,0.0
1616,Fer_FPE01-06_18122021_50_9.jpg,92461925,1.0,1.0,1,1,[1],1.0,5,5,"[1, 1, 1, 1, 1]",1.0,0.0,5.0,0,0.0
1617,Fer_FPE02_18122021_32_13.jpg,92461926,2.0,2.13,2,2,[2],2.0,15,32,"[2, 2, 2, 2, 2, 2, 2, 2, 2, 2, 2, 2, 2, 3, 3]",2.0,0.0,5.0,0,1.0
1618,Fer_FPE01-06_18122021_53_39.jpg,92461930,1.0,1.21,1,1,[1],1.0,14,17,"[1, 1, 1, 1, 1, 1, 1, 1, 1, 1, 1, 1, 2, 3]",1.0,0.0,5.0,0,12.0
1619,Fer_FPE01-06_18122021_27_25.jpg,92461934,1.0,1.0,1,1,[1],1.0,8,8,"[1, 1, 1, 1, 1, 1, 1, 1]",1.0,0.0,5.0,0,3.0
1620,Fer_FPE01-06_18122021_43_7.jpg,92461936,5.0,5.0,5,5,[5],5.0,1,5,[5],1.0,0.0,5.0,0,0.0
1621,Fer_FPE02_18122021_1_14.jpg,92461937,4.0,4.0,4,4,[4],4.0,1,4,[4],0.0,0.0,0.0,0,0.0
1622,Fer_FPE01-06_18122021_29_20.jpg,92461938,1.0,1.0,1,1,[1],1.0,2,2,"[1, 1]",0.0,0.0,0.0,0,0.0
1623,Fer_FPE01-06_18122021_27_19.jpg,92461939,1.0,1.0,1,1,[1],1.0,15,15,"[1, 1, 1, 1, 1, 1, 1, 1, 1, 1, 1, 1, 1, 1, 1]",1.0,0.0,5.0,0,3.0
1624,Fer_FPE02_18122021_32_17.jpg,92461940,4.0,4.0,4,4,[4],4.0,1,4,[4],0.0,0.0,0.0,0,0.0
1625,Fer_FPE01-06_18122021_43_10.jpg,92461941,1.0,1.0,1,1,[1],1.0,1,1,[1],0.0,0.0,0.0,0,0.0
1626,Fer_FPE01-06_18122021_37_20.jpg,92461943,2.0,2.09,3,3,[3],3.0,11,23,"[1, 1, 1, 1, 2, 2, 3, 3, 3, 3, 3]",3.0,0.0,5.0,0,0.0
1627,Fer_FPE02_18122021_17_4.jpg,92461944,4.0,4.0,4,4,[4],4.0,1,4,[4],0.0,0.0,0.0,0,0.0
1628,Fer_FPE01-06_18122021_39_19.jpg,92461947,1.0,1.5,1,1,[1],1.0,8,12,"[1, 1, 1, 1, 1, 2, 2, 3]",2.0,0.0,5.0,0,0.0
1629,Fer_FPE01-06_18122021_23_41.jpg,92461949,1.0,1.0,1,1,[1],1.0,2,2,"[1, 1]",0.0,0.0,0.0,0,0.0
1630,Fer_FPE01-06_18122021_39_31.jpg,92461952,1.0,1.33,1,1,[1],1.0,3,4,"[1, 1, 2]",0.0,0.0,0.0,0,0.0
1631,Fer_FPE01-06_18122021_39_5.jpg,92461953,1.0,1.0,1,1,[1],1.0,1,1,[1],0.0,0.0,0.0,0,0.0
1632,Fer_FPE01-06_18122021_41_15.jpg,92461954,1.0,1.1,1,1,[1],1.0,10,11,"[1, 1, 1, 1, 1, 1, 1, 1, 1, 2]",1.0,0.0,5.0,0,5.0
1633,Fer_FPE01-06_18122021_41_29.jpg,92461955,2.0,2.41,2,2,[2],2.0,17,41,"[2, 2, 2, 2, 2, 2, 2, 2, 2, 2, 2, 2, 2, 2, 3, 4, 6]",2.0,0.0,5.0,0,0.0
1634,Fer_FPE01-06_18122021_35_25.jpg,92461957,2.0,1.59,1,2,"[1, 2]",1.5,17,27,"[1, 1, 1, 1, 1, 1, 1, 1, 2, 2, 2, 2, 2, 2, 2, 2, 3]",2.0,0.0,5.0,0,1.0
1635,Fer_FPE01-06_18122021_32_10.jpg,92461959,1.0,1.0,1,1,[1],1.0,1,1,[1],0.0,0.0,0.0,0,0.0
1636,Fer_FPE02_18122021_20_17.jpg,92461960,16.0,15.81,16,17,"[16, 17]",16.5,16,253,"[14, 14, 15, 15, 15, 15, 16, 16, 16, 16, 16, 17, 17, 17, 17, 17]",18.0,0.0,5.0,0,16.0
1637,Fer_FPE01-06_18122021_35_19.jpg,92461961,1.0,1.06,1,1,[1],1.0,16,17,"[1, 1, 1, 1, 1, 1, 1, 1, 1, 1, 1, 1, 1, 1, 1, 2]",1.0,0.0,5.0,0,11.0
1638,Fer_FPE02_18122021_18_13.jpg,92461963,1.0,1.0,1,1,[1],1.0,1,1,[1],0.0,0.0,0.0,0,0.0
1639,Fer_FPE01-06_18122021_51_10.jpg,92461964,7.0,6.83,7,7,[7],7.0,18,123,"[2, 4, 5, 5, 6, 6, 7, 7, 7, 7, 7, 8, 8, 8, 9, 9, 9, 9]",9.0,0.0,5.0,0,5.0
1640,Fer_FPE01-06_18122021_17_51.jpg,92461966,5.0,4.58,5,5,[5],5.0,19,87,"[3, 4, 4, 4, 4, 4, 4, 5, 5, 5, 5, 5, 5, 5, 5, 5, 5, 5, 5]",6.0,0.0,5.0,0,9.0
1641,Fer_FPE01-06_18122021_51_38.jpg,92461967,1.0,1.0,1,1,[1],1.0,1,1,[1],0.0,0.0,0.0,0,0.0
1642,Fer_FPE01-06_18122021_45_1.jpg,92461970,1.0,1.0,1,1,[1],1.0,16,16,"[1, 1, 1, 1, 1, 1, 1, 1, 1, 1, 1, 1, 1, 1, 1, 1]",1.0,0.0,5.0,0,11.0
1643,Fer_FPE02_18122021_26_9.jpg,92461971,9.0,9.78,8,9,"[8, 9]",8.5,9,88,"[6, 8, 8, 9, 9, 10, 11, 12, 15]",8.0,0.0,5.0,0,25.0
1644,Fer_FPE02_18122021_3_11.jpg,92461972,1.0,1.0,1,1,[1],1.0,1,1,[1],0.0,0.0,0.0,0,0.0
1645,Fer_FPE02_18122021_30_13.jpg,92461974,1.0,1.0,1,1,[1],1.0,1,1,[1],0.0,0.0,0.0,0,0.0
1646,Fer_FPE02_18122021_26_8.jpg,92461976,5.0,5.0,5,5,[5],5.0,1,5,[5],1.0,0.0,5.0,0,0.0
1647,Fer_FPE01-06_18122021_45_0.jpg,92461978,1.0,1.0,1,1,[1],1.0,19,19,"[1, 1, 1, 1, 1, 1, 1, 1, 1, 1, 1, 1, 1, 1, 1, 1, 1, 1, 1]",1.0,0.0,5.0,0,10.0
1648,Fer_FPE01-06_18122021_17_50.jpg,92461979,7.0,7.44,4,12,"[4, 6, 7, 12]",7.25,16,119,"[2, 3, 4, 4, 5, 6, 6, 7, 7, 8, 9, 10, 11, 12, 12, 13]",9.0,0.0,5.0,0,11.0
1649,Fer_FPE01-06_18122021_35_18.jpg,92461983,11.0,11.0,11,11,[11],11.0,1,11,[11],1.0,0.0,5.0,0,6.0
1650,Fer_FPE02_18122021_20_16.jpg,92461984,1.0,1.0,1,1,[1],1.0,1,1,[1],0.0,0.0,0.0,0,0.0
1651,Fer_FPE01-06_18122021_35_24.jpg,92461988,1.0,1.0,1,1,[1],1.0,5,5,"[1, 1, 1, 1, 1]",1.0,0.0,5.0,0,0.0
1652,Fer_FPE01-06_18122021_41_28.jpg,92461990,1.5,2.33,1,1,[1],1.0,6,14,"[1, 1, 1, 2, 4, 5]",1.0,0.0,5.0,0,9.0
1653,Fer_FPE01-06_18122021_41_14.jpg,92461992,1.0,1.0,1,1,[1],1.0,3,3,"[1, 1, 1]",0.0,0.0,0.0,0,0.0
1654,Fer_FPE01-06_18122021_39_24.jpg,92461993,2.0,1.91,2,2,[2],2.0,11,21,"[1, 1, 1, 1, 2, 2, 2, 2, 2, 3, 4]",3.0,0.0,5.0,0,0.0
1655,Fer_FPE01-06_18122021_39_30.jpg,92461994,3.0,2.85,1,3,"[1, 3]",2.0,13,37,"[1, 1, 1, 1, 1, 1, 3, 3, 3, 3, 3, 3, 13]",3.0,0.0,5.0,0,0.0
1656,Fer_FPE02_18122021_22_13.jpg,92461995,1.5,1.5,1,2,"[1, 2]",1.5,2,3,"[1, 2]",0.0,0.0,0.0,0,0.0
1657,Fer_FPE01-06_18122021_30_14.jpg,92461996,1.0,1.0,1,1,[1],1.0,1,1,[1],0.0,0.0,0.0,0,0.0
1658,Fer_FPE01-06_18122021_24_49.jpg,92461997,1.0,1.0,1,1,[1],1.0,1,1,[1],0.0,0.0,0.0,0,0.0
1659,Fer_FPE01-06_18122021_37_21.jpg,92462001,2.0,2.0,2,2,[2],2.0,11,22,"[2, 2, 2, 2, 2, 2, 2, 2, 2, 2, 2]",2.0,0.0,5.0,0,0.0
1660,Fer_FPE02_18122021_17_5.jpg,92462002,1.0,1.0,1,1,[1],1.0,1,1,[1],0.0,0.0,0.0,0,0.0
1661,Fer_FPE01-06_18122021_30_28.jpg,92462003,1.0,1.0,1,1,[1],1.0,20,20,"[1, 1, 1, 1, 1, 1, 1, 1, 1, 1, 1, 1, 1, 1, 1, 1, 1, 1, 1, 1]",1.0,0.0,5.0,0,15.0
1662,Fer_FPE01-06_18122021_43_11.jpg,92462005,2.0,2.0,2,2,[2],2.0,2,4,"[2, 2]",0.0,0.0,0.0,0,0.0
1663,Fer_FPE02_18122021_32_16.jpg,92462006,1.0,1.0,1,1,[1],1.0,2,2,"[1, 1]",0.0,0.0,0.0,0,0.0
1664,Fer_FPE02_18122021_1_15.jpg,92462007,1.0,1.0,1,1,[1],1.0,16,16,"[1, 1, 1, 1, 1, 1, 1, 1, 1, 1, 1, 1, 1, 1, 1, 1]",1.0,0.0,5.0,0,10.0
1665,Fer_FPE01-06_18122021_29_21.jpg,92462008,2.0,2.0,2,2,[2],2.0,1,2,[2],0.0,0.0,0.0,0,0.0
1666,Fer_FPE01-06_18122021_43_6.jpg,92462009,1.0,1.29,1,1,[1],1.0,17,22,"[1, 1, 1, 1, 1, 1, 1, 1, 1, 1, 1, 1, 1, 1, 1, 2, 5]",1.0,0.0,5.0,0,17.0
1667,Fer_FPE02_18122021_14_10.jpg,92462014,1.0,1.0,1,1,[1],1.0,1,1,[1],0.0,0.0,0.0,0,0.0
1668,Fer_FPE01-06_18122021_54_37.jpg,92462015,1.0,1.0,1,1,[1],1.0,9,9,"[1, 1, 1, 1, 1, 1, 1, 1, 1]",1.0,0.0,5.0,0,4.0
1669,Fer_FPE02_18122021_35_21.jpg,92462017,5.0,4.86,5,5,[5],5.0,21,102,"[1, 4, 4, 4, 4, 5, 5, 5, 5, 5, 5, 5, 5, 5, 5, 5, 6, 6, 6, 6, 6]",8.0,0.0,5.0,0,9.0
1670,Fer_FPE01-06_18122021_27_26.jpg,92462018,1.0,1.0,1,1,[1],1.0,1,1,[1],0.0,0.0,0.0,0,0.0
1671,Fer_FPE01-06_18122021_29_23.jpg,92462023,1.0,1.0,1,1,[1],1.0,7,7,"[1, 1, 1, 1, 1, 1, 1]",1.0,0.0,5.0,0,2.0
1672,Fer_FPE01-06_18122021_43_13.jpg,92462025,11.0,11.0,11,11,[11],11.0,1,11,[11],1.0,0.0,5.0,0,6.0
1673,Fer_FPE01-06_18122021_23_42.jpg,92462026,1.0,1.0,1,1,[1],1.0,2,2,"[1, 1]",0.0,0.0,0.0,0,0.0
1674,Fer_FPE02_18122021_17_7.jpg,92462029,1.0,1.0,1,1,[1],1.0,1,1,[1],0.0,0.0,0.0,0,0.0
1675,Fer_FPE01-06_18122021_37_23.jpg,92462030,4.0,3.5,4,4,[4],4.0,10,35,"[1, 1, 2, 3, 4, 4, 4, 4, 6, 6]",4.0,0.0,5.0,0,0.0
1676,Fer_FPE02_18122021_22_11.jpg,92462032,25.0,25.0,25,25,[25],25.0,1,25,[25],1.0,0.0,5.0,0,20.0
1677,Fer_FPE02_18122021_24_8.jpg,92462036,1.0,1.0,1,1,[1],1.0,7,7,"[1, 1, 1, 1, 1, 1, 1]",1.0,0.0,5.0,0,2.0
1678,Fer_FPE02_18122021_29_18.jpg,92462037,2.5,2.56,2,2,[2],2.0,16,41,"[2, 2, 2, 2, 2, 2, 2, 2, 3, 3, 3, 3, 3, 3, 3, 4]",2.0,0.0,5.0,0,2.0
1679,Fer_FPE01-06_18122021_35_32.jpg,92462038,1.0,1.0,1,1,[1],1.0,1,1,[1],0.0,0.0,0.0,0,0.0
1680,Fer_FPE01-06_18122021_21_47.jpg,92462039,1.0,1.0,1,1,[1],1.0,1,1,[1],0.0,0.0,0.0,0,0.0
1681,Fer_FPE01-06_18122021_35_26.jpg,92462041,1.0,1.38,1,1,[1],1.0,13,18,"[1, 1, 1, 1, 1, 1, 1, 1, 1, 1, 1, 1, 6]",1.0,0.0,5.0,0,13.0
1682,Fer_FPE02_18122021_20_14.jpg,92462042,1.0,1.0,1,1,[1],1.0,1,1,[1],0.0,0.0,0.0,0,0.0
1683,Fer_FPE01-06_18122021_58_37.jpg,92462045,11.0,10.68,11,11,[11],11.0,19,203,"[8, 9, 10, 10, 11, 11, 11, 11, 11, 11, 11, 11, 11, 11, 11, 11, 11, 11, 12]",13.0,0.0,5.0,0,2.0
1684,Fer_FPE01-06_18122021_45_2.jpg,92462046,2.0,2.0,2,2,[2],2.0,18,36,"[2, 2, 2, 2, 2, 2, 2, 2, 2, 2, 2, 2, 2, 2, 2, 2, 2, 2]",2.0,0.0,5.0,0,0.0
1685,Fer_FPE01-06_18122021_31_42.jpg,92462047,26.0,26.0,26,26,[26],26.0,1,26,[26],1.0,0.0,5.0,0,19.0
1686,Fer_FPE02_18122021_3_12.jpg,92462049,5.0,5.0,5,5,[5],5.0,1,5,[5],1.0,0.0,5.0,0,0.0
1687,Fer_FPE02_18122021_30_10.jpg,92462051,8.0,8.75,8,8,[8],8.0,16,140,"[7, 7, 8, 8, 8, 8, 8, 8, 8, 8, 8, 9, 9, 9, 13, 14]",12.0,0.0,5.0,0,14.0
1688,Fer_FPE01-06_18122021_45_3.jpg,92462052,1.0,1.0,1,1,[1],1.0,1,1,[1],0.0,0.0,0.0,0,0.0
1689,Fer_FPE01-06_18122021_58_36.jpg,92462055,4.0,4.07,4,4,[4],4.0,14,57,"[4, 4, 4, 4, 4, 4, 4, 4, 4, 4, 4, 4, 4, 5]",4.0,0.0,5.0,0,0.0
1690,Fer_FPE02_18122021_29_19.jpg,92462061,1.0,1.0,1,1,[1],1.0,12,12,"[1, 1, 1, 1, 1, 1, 1, 1, 1, 1, 1, 1]",1.0,0.0,5.0,0,7.0
1691,Fer_FPE02_18122021_24_9.jpg,92462062,1.5,1.5,1,2,"[1, 2]",1.5,2,3,"[1, 2]",0.0,0.0,0.0,0,0.0
1692,Fer_FPE01-06_18122021_21_46.jpg,92462063,2.0,2.0,2,2,[2],2.0,1,2,[2],0.0,0.0,0.0,0,0.0
1693,Fer_FPE01-06_18122021_41_17.jpg,92462066,2.0,2.0,2,2,[2],2.0,1,2,[2],0.0,0.0,0.0,0,0.0
1694,Fer_FPE01-06_18122021_39_33.jpg,92462068,1.0,1.0,1,1,[1],1.0,1,1,[1],0.0,0.0,0.0,0,0.0
1695,Fer_FPE02_18122021_22_10.jpg,92462069,1.0,1.0,1,1,[1],1.0,13,13,"[1, 1, 1, 1, 1, 1, 1, 1, 1, 1, 1, 1, 1]",1.0,0.0,5.0,0,8.0
1696,Fer_FPE01-06_18122021_39_27.jpg,92462070,1.0,1.0,1,1,[1],1.0,3,3,"[1, 1, 1]",0.0,0.0,0.0,0,0.0
1697,Fer_FPE02_18122021_17_6.jpg,92462071,3.0,3.0,3,3,[3],3.0,1,3,[3],0.0,0.0,0.0,0,0.0
1698,Fer_FPE01-06_18122021_37_22.jpg,92462072,3.0,2.67,3,3,[3],3.0,12,32,"[1, 1, 2, 2, 2, 3, 3, 3, 3, 4, 4, 4]",3.0,0.0,5.0,0,1.0
1699,Fer_FPE01-06_18122021_41_7.jpg,92462074,5.0,4.63,5,5,[5],5.0,19,88,"[1, 3, 3, 4, 4, 5, 5, 5, 5, 5, 5, 5, 5, 5, 5, 5, 5, 6, 7]",8.0,0.0,5.0,0,3.0
1700,Fer_FPE01-06_18122021_29_22.jpg,92462077,33.0,32.69,26,34,"[26, 27, 34]",29.0,16,523,"[10, 16, 26, 26, 27, 27, 29, 32, 34, 34, 36, 41, 42, 43, 49, 51]",41.0,0.0,5.0,0,16.0
1701,Fer_FPE02_18122021_15_4.jpg,92462080,3.0,3.0,3,3,[3],3.0,1,3,[3],0.0,0.0,0.0,0,0.0
1702,Fer_FPE02_18122021_35_20.jpg,92462081,3.0,3.0,3,3,[3],3.0,18,54,"[3, 3, 3, 3, 3, 3, 3, 3, 3, 3, 3, 3, 3, 3, 3, 3, 3, 3]",3.0,0.0,5.0,0,0.0
1703,Fer_FPE02_18122021_14_11.jpg,92462083,1.0,1.0,1,1,[1],1.0,1,1,[1],0.0,0.0,0.0,0,0.0
1704,Fer_FPE03-04-05_18122021_79_22.jpg,92462086,3.0,3.47,3,3,[3],3.0,19,66,"[2, 2, 2, 2, 2, 2, 2, 2, 3, 3, 3, 3, 3, 3, 3, 3, 3, 4, 19]",5.0,0.0,5.0,0,14.0
1705,Fer_FPE03-04-05_18122021_100_21.jpg,92462087,17.0,17.0,1,33,"[1, 33]",17.0,2,34,"[1, 33]",3.0,0.0,5.0,0,5.0
1706,Fer_FPE03-04-05_18122021_88_24.jpg,92462088,1.0,1.0,1,1,[1],1.0,16,16,"[1, 1, 1, 1, 1, 1, 1, 1, 1, 1, 1, 1, 1, 1, 1, 1]",1.0,0.0,5.0,0,9.0
1707,Fer_FPE03-04-05_18122021_27_4.jpg,92462092,5.5,4.86,6,6,[6],6.0,14,68,"[2, 2, 3, 4, 4, 5, 5, 6, 6, 6, 6, 6, 6, 7]",6.0,0.0,5.0,0,0.0
1708,Fer_FPE03-04-05_18122021_124_8.jpg,92462093,1.0,1.0,1,1,[1],1.0,5,5,"[1, 1, 1, 1, 1]",1.0,0.0,5.0,0,0.0
1709,Fer_FPE03-04-05_18122021_44_7.jpg,92462094,2.0,2.0,1,3,"[1, 3]",2.0,2,4,"[1, 3]",0.0,0.0,0.0,0,0.0
1710,Fer_FPE03-04-05_18122021_86_21.jpg,92462095,1.0,1.38,1,1,[1],1.0,13,18,"[1, 1, 1, 1, 1, 1, 1, 1, 1, 1, 1, 1, 6]",1.0,0.0,5.0,0,13.0
1711,Fer_FPE03-04-05_18122021_117_11.jpg,92462097,3.0,3.0,3,3,[3],3.0,1,3,[3],0.0,0.0,0.0,0,0.0
1712,Fer_FPE03-04-05_18122021_110_18.jpg,92462098,1.0,1.25,1,1,[1],1.0,20,25,"[1, 1, 1, 1, 1, 1, 1, 1, 1, 1, 1, 1, 1, 1, 1, 2, 2, 2, 2, 2]",2.0,0.0,5.0,0,0.0
1713,Fer_FPE03-04-05_18122021_38_3.jpg,92462099,13.0,13.0,13,13,[13],13.0,1,13,[13],1.0,0.0,5.0,0,8.0
1714,Fer_FPE03-04-05_18122021_2_14.jpg,92462102,2.0,2.0,2,2,[2],2.0,1,2,[2],0.0,0.0,0.0,0,0.0
1715,Fer_FPE03-04-05_18122021_98_21.jpg,92462103,2.0,1.8,2,2,[2],2.0,10,18,"[1, 1, 2, 2, 2, 2, 2, 2, 2, 2]",2.0,0.0,5.0,0,2.0
1716,Fer_FPE03-04-05_18122021_46_13.jpg,92462106,1.0,1.0,1,1,[1],1.0,9,9,"[1, 1, 1, 1, 1, 1, 1, 1, 1]",1.0,0.0,5.0,0,4.0
1717,Fer_FPE03-04-05_18122021_25_6.jpg,92462108,1.0,1.0,1,1,[1],1.0,1,1,[1],0.0,0.0,0.0,0,0.0
1718,Fer_FPE03-04-05_18122021_65_27.jpg,92462110,1.5,1.5,1,2,"[1, 2]",1.5,2,3,"[1, 2]",0.0,0.0,0.0,0,0.0
1719,Fer_FPE03-04-05_18122021_112_21.jpg,92462112,1.0,1.38,1,1,[1],1.0,16,22,"[1, 1, 1, 1, 1, 1, 1, 1, 1, 1, 1, 1, 2, 2, 2, 4]",2.0,0.0,5.0,0,0.0
1720,Fer_FPE03-04-05_18122021_7_18.jpg,92462113,2.0,2.0,1,3,"[1, 3]",2.0,2,4,"[1, 3]",0.0,0.0,0.0,0,0.0
1721,Fer_FPE03-04-05_18122021_9_21.jpg,92462114,1.0,1.07,1,1,[1],1.0,15,16,"[1, 1, 1, 1, 1, 1, 1, 1, 1, 1, 1, 1, 1, 1, 2]",1.0,0.0,5.0,0,11.0
1722,Fer_FPE03-04-05_18122021_11_17.jpg,92462115,2.0,2.0,2,2,[2],2.0,1,2,[2],0.0,0.0,0.0,0,0.0
1723,Fer_FPE03-04-05_18122021_94_21.jpg,92462116,7.0,7.95,8,9,"[8, 9]",8.5,19,151,"[1, 2, 2, 3, 4, 5, 6, 6, 7, 7, 8, 8, 8, 9, 9, 9, 14, 21, 22]",9.0,0.0,5.0,0,11.0
1724,Fer_FPE03-04-05_18122021_40_3.jpg,92462117,3.0,3.17,3,3,[3],3.0,18,57,"[2, 2, 2, 3, 3, 3, 3, 3, 3, 3, 3, 3, 4, 4, 4, 4, 4, 4]",4.0,0.0,5.0,0,6.0
1725,Fer_FPE03-04-05_18122021_72_17.jpg,92462121,1.0,1.16,1,1,[1],1.0,19,22,"[1, 1, 1, 1, 1, 1, 1, 1, 1, 1, 1, 1, 1, 1, 1, 1, 2, 2, 2]",2.0,0.0,5.0,0,4.0
1726,Fer_FPE03-04-05_18122021_84_30.jpg,92462125,1.0,1.0,1,1,[1],1.0,1,1,[1],0.0,0.0,0.0,0,0.0
1727,Fer_FPE03-04-05_18122021_84_24.jpg,92462126,1.0,1.0,1,1,[1],1.0,2,2,"[1, 1]",0.0,0.0,0.0,0,0.0
1728,Fer_FPE03-04-05_18122021_117_7.jpg,92462127,1.0,1.0,1,1,[1],1.0,1,1,[1],0.0,0.0,0.0,0,0.0
1729,Fer_FPE03-04-05_18122021_117_6.jpg,92462128,4.0,4.0,1,7,"[1, 7]",4.0,2,8,"[1, 7]",1.0,0.0,5.0,0,3.0
1730,Fer_FPE03-04-05_18122021_84_25.jpg,92462130,1.0,1.0,1,1,[1],1.0,2,2,"[1, 1]",0.0,0.0,0.0,0,0.0
1731,Fer_FPE03-04-05_18122021_53_27.jpg,92462132,1.0,1.0,1,1,[1],1.0,1,1,[1],0.0,0.0,0.0,0,0.0
1732,Fer_FPE03-04-05_18122021_53_33.jpg,92462133,5.0,5.0,5,5,[5],5.0,1,5,[5],1.0,0.0,5.0,0,0.0
1733,Fer_FPE03-04-05_18122021_102_19.jpg,92462138,3.0,2.94,3,3,[3],3.0,16,47,"[1, 2, 2, 3, 3, 3, 3, 3, 3, 3, 3, 3, 3, 3, 3, 6]",3.0,0.0,5.0,0,1.0
1734,Fer_FPE03-04-05_18122021_94_20.jpg,92462139,1.0,1.0,1,1,[1],1.0,1,1,[1],0.0,0.0,0.0,0,0.0
1735,Fer_FPE03-04-05_18122021_40_2.jpg,92462140,1.0,1.0,1,1,[1],1.0,15,15,"[1, 1, 1, 1, 1, 1, 1, 1, 1, 1, 1, 1, 1, 1, 1]",2.0,0.0,5.0,0,1.0
1736,Fer_FPE03-04-05_18122021_112_20.jpg,92462144,1.0,1.0,1,1,[1],1.0,4,4,"[1, 1, 1, 1]",0.0,0.0,0.0,0,0.0
1737,Fer_FPE03-04-05_18122021_115_15.jpg,92462146,1.0,1.0,1,1,[1],1.0,1,1,[1],0.0,0.0,0.0,0,0.0
1738,Fer_FPE03-04-05_18122021_46_4.jpg,92462148,1.0,1.0,1,1,[1],1.0,8,8,"[1, 1, 1, 1, 1, 1, 1, 1]",1.0,0.0,5.0,0,3.0
1739,Fer_FPE03-04-05_18122021_46_12.jpg,92462149,1.0,1.29,1,1,[1],1.0,17,22,"[1, 1, 1, 1, 1, 1, 1, 1, 1, 1, 1, 1, 1, 2, 2, 2, 3]",2.0,0.0,5.0,0,0.0
1740,Fer_FPE03-04-05_18122021_25_7.jpg,92462150,2.0,2.1,2,2,[2],2.0,10,21,"[2, 2, 2, 2, 2, 2, 2, 2, 2, 3]",2.0,0.0,5.0,0,1.0
1741,Fer_FPE03-04-05_18122021_98_20.jpg,92462152,16.0,14.56,17,18,"[17, 18]",17.5,16,233,"[1, 7, 8, 8, 13, 13, 15, 15, 17, 17, 17, 18, 18, 18, 23, 25]",16.0,0.0,5.0,0,45.0
1742,Fer_FPE03-04-05_18122021_96_19.jpg,92462155,4.0,4.11,4,4,[4],4.0,18,74,"[2, 2, 4, 4, 4, 4, 4, 4, 4, 4, 4, 4, 4, 4, 4, 4, 5, 9]",4.0,0.0,5.0,0,3.0
1743,Fer_FPE03-04-05_18122021_119_15.jpg,92462157,1.0,1.05,1,1,[1],1.0,19,20,"[1, 1, 1, 1, 1, 1, 1, 1, 1, 1, 1, 1, 1, 1, 1, 1, 1, 1, 2]",1.0,0.0,5.0,0,6.0
1744,Fer_FPE03-04-05_18122021_60_16.jpg,92462158,4.0,4.0,4,4,[4],4.0,1,4,[4],0.0,0.0,0.0,0,0.0
1745,Fer_FPE03-04-05_18122021_117_10.jpg,92462159,1.0,1.0,1,1,[1],1.0,13,13,"[1, 1, 1, 1, 1, 1, 1, 1, 1, 1, 1, 1, 1]",1.0,0.0,5.0,0,7.0
1746,Fer_FPE03-04-05_18122021_110_19.jpg,92462160,24.0,25.0,18,18,[18],18.0,18,450,"[2, 11, 17, 17, 18, 18, 18, 22, 23, 25, 26, 31, 32, 33, 33, 38, 42, 44]",36.0,0.0,5.0,0,55.0
1747,Fer_FPE03-04-05_18122021_44_6.jpg,92462162,1.0,1.0,1,1,[1],1.0,1,1,[1],0.0,0.0,0.0,0,0.0
1748,Fer_FPE03-04-05_18122021_86_20.jpg,92462163,1.5,1.5,1,2,"[1, 2]",1.5,2,3,"[1, 2]",0.0,0.0,0.0,0,0.0
1749,Fer_FPE03-04-05_18122021_124_9.jpg,92462165,1.0,1.0,1,1,[1],1.0,2,2,"[1, 1]",0.0,0.0,0.0,0,0.0
1750,Fer_FPE03-04-05_18122021_27_5.jpg,92462166,1.0,1.0,1,1,[1],1.0,17,17,"[1, 1, 1, 1, 1, 1, 1, 1, 1, 1, 1, 1, 1, 1, 1, 1, 1]",1.0,0.0,5.0,0,1.0
1751,Fer_FPE03-04-05_18122021_51_22.jpg,92462168,1.0,1.0,1,1,[1],1.0,1,1,[1],0.0,0.0,0.0,0,0.0
1752,Fer_FPE03-04-05_18122021_121_11.jpg,92462171,1.0,1.0,1,1,[1],1.0,1,1,[1],0.0,0.0,0.0,0,0.0
1753,Fer_FPE03-04-05_18122021_100_20.jpg,92462172,1.0,1.0,1,1,[1],1.0,1,1,[1],0.0,0.0,0.0,0,0.0
1754,Fer_FPE03-04-05_18122021_79_23.jpg,92462173,1.0,1.0,1,1,[1],1.0,16,16,"[1, 1, 1, 1, 1, 1, 1, 1, 1, 1, 1, 1, 1, 1, 1, 1]",1.0,0.0,5.0,0,10.0
1755,Fer_FPE03-04-05_18122021_100_22.jpg,92462178,2.0,2.0,2,2,[2],2.0,1,2,[2],0.0,0.0,0.0,0,0.0
1756,Fer_FPE03-04-05_18122021_56_29.jpg,92462179,2.0,2.0,2,2,[2],2.0,1,2,[2],0.0,0.0,0.0,0,0.0
1757,Fer_FPE03-04-05_18122021_44_4.jpg,92462182,1.0,1.19,1,1,[1],1.0,16,19,"[1, 1, 1, 1, 1, 1, 1, 1, 1, 1, 1, 1, 1, 1, 2, 3]",1.0,0.0,5.0,0,14.0
1758,Fer_FPE03-04-05_18122021_27_7.jpg,92462183,4.0,11.06,4,4,[4],4.0,16,177,"[1, 1, 3, 4, 4, 4, 4, 4, 4, 4, 5, 5, 5, 7, 7, 115]",10.0,0.0,5.0,0,5.0
1759,Fer_FPE03-04-05_18122021_69_18.jpg,92462184,1.0,1.0,1,1,[1],1.0,1,1,[1],0.0,0.0,0.0,0,0.0
1760,Fer_FPE03-04-05_18122021_48_9.jpg,92462188,2.0,2.0,2,2,[2],2.0,1,2,[2],0.0,0.0,0.0,0,0.0
1761,Fer_FPE03-04-05_18122021_2_17.jpg,92462191,8.5,8.56,10,10,[10],10.0,18,154,"[5, 5, 6, 6, 7, 8, 8, 8, 8, 9, 10, 10, 10, 10, 10, 11, 11, 12]",15.0,0.0,5.0,0,10.0
1762,Fer_FPE03-04-05_18122021_46_6.jpg,92462192,2.0,1.94,2,2,[2],2.0,17,33,"[1, 1, 2, 2, 2, 2, 2, 2, 2, 2, 2, 2, 2, 2, 2, 2, 3]",3.0,0.0,5.0,0,1.0
1763,Fer_FPE03-04-05_18122021_96_27.jpg,92462193,1.0,1.0,1,1,[1],1.0,1,1,[1],0.0,0.0,0.0,0,0.0
1764,Fer_FPE03-04-05_18122021_25_5.jpg,92462194,1.0,1.0,1,1,[1],1.0,17,17,"[1, 1, 1, 1, 1, 1, 1, 1, 1, 1, 1, 1, 1, 1, 1, 1, 1]",1.0,0.0,5.0,0,11.0
1765,Fer_FPE03-04-05_18122021_46_10.jpg,92462195,28.0,38.44,23,23,[23],23.0,18,692,"[9, 12, 18, 23, 23, 23, 24, 25, 27, 29, 36, 49, 51, 57, 58, 59, 71, 98]",52.0,0.0,5.0,0,98.0
1766,Fer_FPE03-04-05_18122021_94_22.jpg,92462203,7.0,7.32,6,7,"[6, 7]",6.5,19,139,"[3, 4, 5, 5, 6, 6, 6, 6, 7, 7, 7, 7, 8, 8, 9, 10, 10, 11, 14]",10.0,0.0,5.0,0,3.0
1767,Fer_FPE03-04-05_18122021_30_9.jpg,92462204,1.5,1.5,1,2,"[1, 2]",1.5,2,3,"[1, 2]",0.0,0.0,0.0,0,0.0
1768,Fer_FPE03-04-05_18122021_75_21.jpg,92462205,1.0,1.5,1,1,[1],1.0,4,6,"[1, 1, 1, 3]",1.0,0.0,5.0,0,1.0
1769,Fer_FPE03-04-05_18122021_84_27.jpg,92462210,1.0,1.0,1,1,[1],1.0,1,1,[1],0.0,0.0,0.0,0,0.0
1770,Fer_FPE03-04-05_18122021_42_2.jpg,92462212,1.0,1.06,1,1,[1],1.0,16,17,"[1, 1, 1, 1, 1, 1, 1, 1, 1, 1, 1, 1, 1, 1, 1, 2]",1.0,0.0,5.0,0,12.0
1771,Fer_FPE03-04-05_18122021_42_3.jpg,92462213,2.0,1.82,2,2,[2],2.0,17,31,"[1, 1, 1, 1, 2, 2, 2, 2, 2, 2, 2, 2, 2, 2, 2, 2, 3]",2.0,0.0,5.0,0,1.0
1772,Fer_FPE03-04-05_18122021_53_24.jpg,92462217,1.0,1.2,1,1,[1],1.0,15,18,"[1, 1, 1, 1, 1, 1, 1, 1, 1, 1, 1, 1, 1, 1, 4]",1.0,0.0,5.0,0,13.0
1773,Fer_FPE03-04-05_18122021_44_14.jpg,92462221,1.0,1.0,1,1,[1],1.0,11,11,"[1, 1, 1, 1, 1, 1, 1, 1, 1, 1, 1]",1.0,0.0,5.0,0,6.0
1774,Fer_FPE03-04-05_18122021_94_23.jpg,92462223,1.0,1.14,1,1,[1],1.0,7,8,"[1, 1, 1, 1, 1, 1, 2]",1.0,0.0,5.0,0,3.0
1775,Fer_FPE03-04-05_18122021_115_7.jpg,92462224,2.0,1.53,2,2,[2],2.0,15,23,"[1, 1, 1, 1, 1, 1, 1, 2, 2, 2, 2, 2, 2, 2, 2]",2.0,0.0,5.0,0,0.0
1776,Fer_FPE03-04-05_18122021_11_15.jpg,92462225,10.0,10.0,10,10,[10],10.0,1,10,[10],1.0,0.0,5.0,0,5.0
1777,Fer_FPE03-04-05_18122021_25_4.jpg,92462228,1.0,1.0,1,1,[1],1.0,17,17,"[1, 1, 1, 1, 1, 1, 1, 1, 1, 1, 1, 1, 1, 1, 1, 1, 1]",1.0,0.0,5.0,0,1.0
1778,Fer_FPE03-04-05_18122021_46_11.jpg,92462231,6.0,6.0,4,8,"[4, 6, 7, 8]",6.25,18,108,"[3, 4, 4, 4, 4, 5, 6, 6, 6, 6, 7, 7, 7, 7, 8, 8, 8, 8]",7.0,0.0,5.0,0,5.0
1779,Fer_FPE03-04-05_18122021_46_7.jpg,92462232,1.0,1.0,1,1,[1],1.0,17,17,"[1, 1, 1, 1, 1, 1, 1, 1, 1, 1, 1, 1, 1, 1, 1, 1, 1]",2.0,0.0,5.0,0,0.0
1780,Fer_FPE03-04-05_18122021_2_16.jpg,92462233,1.0,1.0,1,1,[1],1.0,6,6,"[1, 1, 1, 1, 1, 1]",1.0,0.0,5.0,0,1.0
1781,Fer_FPE03-04-05_18122021_98_23.jpg,92462235,2.5,2.5,2,3,"[2, 3]",2.5,2,5,"[2, 3]",1.0,0.0,5.0,0,0.0
1782,Fer_FPE03-04-05_18122021_60_15.jpg,92462236,1.0,1.0,1,1,[1],1.0,1,1,[1],0.0,0.0,0.0,0,0.0
1783,Fer_FPE03-04-05_18122021_69_19.jpg,92462240,4.0,4.0,4,4,[4],4.0,1,4,[4],0.0,0.0,0.0,0,0.0
1784,Fer_FPE03-04-05_18122021_27_6.jpg,92462242,1.0,1.2,1,1,[1],1.0,10,12,"[1, 1, 1, 1, 1, 1, 1, 1, 2, 2]",1.0,0.0,5.0,0,7.0
1785,Fer_FPE03-04-05_18122021_88_32.jpg,92462246,5.0,5.0,5,5,[5],5.0,1,5,[5],1.0,0.0,5.0,0,0.0
1786,Fer_FPE03-04-05_18122021_56_28.jpg,92462247,1.0,1.0,1,1,[1],1.0,1,1,[1],0.0,0.0,0.0,0,0.0
1787,Fer_FPE03-04-05_18122021_79_24.jpg,92462252,2.0,2.38,2,2,[2],2.0,16,38,"[1, 1, 1, 1, 1, 2, 2, 2, 2, 2, 2, 3, 3, 3, 3, 9]",3.0,0.0,5.0,0,6.0
1788,Fer_FPE03-04-05_18122021_51_19.jpg,92462256,1.0,1.0,1,1,[1],1.0,18,18,"[1, 1, 1, 1, 1, 1, 1, 1, 1, 1, 1, 1, 1, 1, 1, 1, 1, 1]",1.0,0.0,5.0,0,13.0
1789,Fer_FPE03-04-05_18122021_88_22.jpg,92462258,2.0,2.13,3,3,[3],3.0,15,32,"[1, 1, 1, 1, 2, 2, 2, 2, 2, 3, 3, 3, 3, 3, 3]",3.0,0.0,5.0,0,0.0
1790,Fer_FPE03-04-05_18122021_110_22.jpg,92462260,1.0,1.0,1,1,[1],1.0,11,11,"[1, 1, 1, 1, 1, 1, 1, 1, 1, 1, 1]",1.0,0.0,5.0,0,5.0
1791,Fer_FPE03-04-05_18122021_38_5.jpg,92462262,1.5,1.5,1,2,"[1, 2]",1.5,2,3,"[1, 2]",0.0,0.0,0.0,0,0.0
1792,Fer_FPE03-04-05_18122021_67_30.jpg,92462265,1.0,1.0,1,1,[1],1.0,1,1,[1],0.0,0.0,0.0,0,0.0
1793,Fer_FPE03-04-05_18122021_67_24.jpg,92462266,1.0,1.0,1,1,[1],1.0,1,1,[1],0.0,0.0,0.0,0,0.0
1794,Fer_FPE03-04-05_18122021_96_22.jpg,92462267,3.0,2.53,3,3,[3],3.0,15,38,"[1, 1, 1, 2, 3, 3, 3, 3, 3, 3, 3, 3, 3, 3, 3]",3.0,0.0,5.0,0,2.0
1795,Fer_FPE03-04-05_18122021_13_14.jpg,92462268,1.0,1.0,1,1,[1],1.0,2,2,"[1, 1]",0.0,0.0,0.0,0,0.0
1796,Fer_FPE03-04-05_18122021_62_14.jpg,92462270,1.0,1.0,1,1,[1],1.0,1,1,[1],0.0,0.0,0.0,0,0.0
1797,Fer_FPE03-04-05_18122021_44_10.jpg,92462275,1.0,1.0,1,1,[1],1.0,5,5,"[1, 1, 1, 1, 1]",1.0,0.0,5.0,0,0.0
1798,Fer_FPE03-04-05_18122021_40_5.jpg,92462276,1.0,1.4,1,1,[1],1.0,5,7,"[1, 1, 1, 2, 2]",1.0,0.0,5.0,0,2.0
1799,Fer_FPE03-04-05_18122021_0_17.jpg,92462277,1.0,1.0,1,1,[1],1.0,16,16,"[1, 1, 1, 1, 1, 1, 1, 1, 1, 1, 1, 1, 1, 1, 1, 1]",1.0,0.0,5.0,0,10.0
1800,Fer_FPE03-04-05_18122021_102_22.jpg,92462279,1.0,1.0,1,1,[1],1.0,1,1,[1],0.0,0.0,0.0,0,0.0
1801,Fer_FPE03-04-05_18122021_42_7.jpg,92462283,1.0,1.0,1,1,[1],1.0,1,1,[1],0.0,0.0,0.0,0,0.0
1802,Fer_FPE03-04-05_18122021_54_29.jpg,92462284,1.0,1.0,1,1,[1],1.0,1,1,[1],0.0,0.0,0.0,0,0.0
1803,Fer_FPE03-04-05_18122021_53_34.jpg,92462285,7.5,7.5,2,13,"[2, 13]",7.5,2,15,"[2, 13]",1.0,0.0,5.0,0,10.0
1804,Fer_FPE03-04-05_18122021_54_28.jpg,92462286,1.0,1.0,1,1,[1],1.0,13,13,"[1, 1, 1, 1, 1, 1, 1, 1, 1, 1, 1, 1, 1]",1.0,0.0,5.0,0,8.0
1805,Fer_FPE03-04-05_18122021_42_6.jpg,92462287,1.0,1.0,1,1,[1],1.0,1,1,[1],0.0,0.0,0.0,0,0.0
1806,Fer_FPE03-04-05_18122021_84_23.jpg,92462290,2.0,1.72,2,2,[2],2.0,18,31,"[1, 1, 1, 1, 1, 2, 2, 2, 2, 2, 2, 2, 2, 2, 2, 2, 2, 2]",3.0,0.0,5.0,0,0.0
1807,Fer_FPE03-04-05_18122021_75_19.jpg,92462293,1.0,1.0,1,1,[1],1.0,1,1,[1],0.0,0.0,0.0,0,0.0
1808,Fer_FPE03-04-05_18122021_94_26.jpg,92462294,1.0,1.0,1,1,[1],1.0,13,13,"[1, 1, 1, 1, 1, 1, 1, 1, 1, 1, 1, 1, 1]",1.0,0.0,5.0,0,8.0
1809,Fer_FPE03-04-05_18122021_40_4.jpg,92462295,1.0,1.0,1,1,[1],1.0,1,1,[1],0.0,0.0,0.0,0,0.0
1810,Fer_FPE03-04-05_18122021_44_11.jpg,92462296,1.0,1.32,1,1,[1],1.0,19,25,"[1, 1, 1, 1, 1, 1, 1, 1, 1, 1, 1, 1, 1, 2, 2, 2, 2, 2, 2]",2.0,0.0,5.0,0,1.0
1811,Fer_FPE03-04-05_18122021_67_19.jpg,92462306,1.0,1.0,1,1,[1],1.0,1,1,[1],0.0,0.0,0.0,0,0.0
1812,Fer_FPE03-04-05_18122021_88_23.jpg,92462310,1.0,1.08,1,1,[1],1.0,13,14,"[1, 1, 1, 1, 1, 1, 1, 1, 1, 1, 1, 1, 2]",1.0,0.0,5.0,0,9.0
1813,Fer_FPE03-04-05_18122021_27_3.jpg,92462312,11.0,11.53,5,11,"[5, 7, 11]",7.666666666666667,15,173,"[3, 5, 5, 7, 7, 9, 10, 11, 11, 14, 15, 16, 17, 19, 24]",14.0,0.0,5.0,0,25.0
1814,Fer_FPE03-04-05_18122021_79_27.jpg,92462318,7.0,7.0,1,13,"[1, 13]",7.0,2,14,"[1, 13]",1.0,0.0,5.0,0,9.0
1815,Fer_FPE03-04-05_18122021_100_18.jpg,92462320,2.0,1.77,1,1,[1],1.0,13,23,"[1, 1, 1, 1, 1, 1, 2, 2, 2, 2, 3, 3, 3]",1.0,0.0,5.0,0,18.0
1816,Fer_FPE03-04-05_18122021_86_30.jpg,92462322,4.0,4.0,4,4,[4],4.0,1,4,[4],0.0,0.0,0.0,0,0.0
1817,Fer_FPE03-04-05_18122021_88_21.jpg,92462324,1.0,1.44,1,1,[1],1.0,18,26,"[1, 1, 1, 1, 1, 1, 1, 1, 1, 1, 2, 2, 2, 2, 2, 2, 2, 2]",2.0,0.0,5.0,0,0.0
1818,Fer_FPE03-04-05_18122021_38_6.jpg,92462325,2.0,1.78,2,2,[2],2.0,9,16,"[1, 1, 1, 2, 2, 2, 2, 2, 3]",2.0,0.0,5.0,0,0.0
1819,Fer_FPE03-04-05_18122021_110_21.jpg,92462328,1.0,1.0,1,1,[1],1.0,13,13,"[1, 1, 1, 1, 1, 1, 1, 1, 1, 1, 1, 1, 1]",1.0,0.0,5.0,0,8.0
1820,Fer_FPE03-04-05_18122021_96_21.jpg,92462330,1.0,1.05,1,1,[1],1.0,19,20,"[1, 1, 1, 1, 1, 1, 1, 1, 1, 1, 1, 1, 1, 1, 1, 1, 1, 1, 2]",1.0,0.0,5.0,0,3.0
1821,Fer_FPE03-04-05_18122021_91_28.jpg,92462331,3.0,3.31,3,3,[3],3.0,16,53,"[2, 2, 3, 3, 3, 3, 3, 3, 3, 3, 4, 4, 4, 4, 4, 5]",4.0,0.0,5.0,0,4.0
1822,Fer_FPE03-04-05_18122021_48_13.jpg,92462336,1.0,1.88,1,1,[1],1.0,8,15,"[1, 1, 1, 1, 1, 1, 2, 7]",1.0,0.0,5.0,0,10.0
1823,Fer_FPE03-04-05_18122021_112_18.jpg,92462342,2.0,1.82,2,2,[2],2.0,11,20,"[1, 1, 1, 1, 2, 2, 2, 2, 2, 3, 3]",2.0,0.0,5.0,0,2.0
1824,Fer_FPE03-04-05_18122021_44_13.jpg,92462343,1.0,1.0,1,1,[1],1.0,1,1,[1],0.0,0.0,0.0,0,0.0
1825,Fer_FPE03-04-05_18122021_40_6.jpg,92462344,3.0,2.89,3,3,[3],3.0,19,55,"[2, 2, 2, 3, 3, 3, 3, 3, 3, 3, 3, 3, 3, 3, 3, 3, 3, 3, 4]",4.0,0.0,5.0,0,3.0
1826,Fer_FPE03-04-05_18122021_23_5.jpg,92462346,2.0,2.06,2,2,[2],2.0,18,37,"[2, 2, 2, 2, 2, 2, 2, 2, 2, 2, 2, 2, 2, 2, 2, 2, 2, 3]",2.0,0.0,5.0,0,3.0
1827,Fer_FPE03-04-05_18122021_75_27.jpg,92462350,1.0,1.0,1,1,[1],1.0,2,2,"[1, 1]",0.0,0.0,0.0,0,0.0
1828,Fer_FPE03-04-05_18122021_42_4.jpg,92462351,2.0,1.81,2,2,[2],2.0,16,29,"[1, 1, 1, 1, 1, 2, 2, 2, 2, 2, 2, 2, 2, 2, 3, 3]",2.0,0.0,5.0,0,1.0
1829,Fer_FPE03-04-05_18122021_83_28.jpg,92462352,1.0,1.0,1,1,[1],1.0,14,14,"[1, 1, 1, 1, 1, 1, 1, 1, 1, 1, 1, 1, 1, 1]",1.0,0.0,5.0,0,0.0
1830,Fer_FPE03-04-05_18122021_84_21.jpg,92462353,2.0,2.0,2,2,[2],2.0,1,2,[2],0.0,0.0,0.0,0,0.0
1831,Fer_FPE03-04-05_18122021_42_5.jpg,92462356,1.5,1.5,1,2,"[1, 2]",1.5,2,3,"[1, 2]",0.0,0.0,0.0,0,0.0
1832,Fer_FPE03-04-05_18122021_102_20.jpg,92462358,2.0,1.62,2,2,[2],2.0,16,26,"[1, 1, 1, 1, 1, 1, 1, 2, 2, 2, 2, 2, 2, 2, 2, 3]",3.0,0.0,5.0,0,1.0
1833,Fer_FPE03-04-05_18122021_11_13.jpg,92462359,1.0,1.0,1,1,[1],1.0,4,4,"[1, 1, 1, 1]",0.0,0.0,0.0,0,0.0
1834,Fer_FPE03-04-05_18122021_120_8.jpg,92462360,1.0,1.0,1,1,[1],1.0,1,1,[1],0.0,0.0,0.0,0,0.0
1835,Fer_FPE03-04-05_18122021_9_19.jpg,92462362,3.0,3.0,3,3,[3],3.0,1,3,[3],0.0,0.0,0.0,0,0.0
1836,Fer_FPE03-04-05_18122021_40_7.jpg,92462363,6.0,6.5,6,6,[6],6.0,18,117,"[5, 5, 5, 6, 6, 6, 6, 6, 6, 6, 6, 7, 7, 7, 7, 8, 8, 10]",7.0,0.0,5.0,0,2.0
1837,Fer_FPE03-04-05_18122021_44_12.jpg,92462366,2.0,2.0,2,2,[2],2.0,19,38,"[2, 2, 2, 2, 2, 2, 2, 2, 2, 2, 2, 2, 2, 2, 2, 2, 2, 2, 2]",2.0,0.0,5.0,0,0.0
1838,Fer_FPE03-04-05_18122021_94_25.jpg,92462367,1.0,1.0,1,1,[1],1.0,1,1,[1],0.0,0.0,0.0,0,0.0
1839,Fer_FPE03-04-05_18122021_115_10.jpg,92462368,1.0,1.0,1,1,[1],1.0,1,1,[1],0.0,0.0,0.0,0,0.0
1840,Fer_FPE03-04-05_18122021_112_19.jpg,92462369,7.0,17.15,7,7,[7],7.0,13,223,"[3, 4, 5, 6, 6, 7, 7, 7, 7, 7, 7, 8, 149]",14.0,0.0,5.0,0,61.0
1841,Fer_FPE03-04-05_18122021_48_12.jpg,92462371,1.0,1.0,1,1,[1],1.0,19,19,"[1, 1, 1, 1, 1, 1, 1, 1, 1, 1, 1, 1, 1, 1, 1, 1, 1, 1, 1]",2.0,0.0,5.0,0,1.0
1842,Fer_FPE03-04-05_18122021_98_25.jpg,92462372,3.0,3.0,3,3,[3],3.0,1,3,[3],0.0,0.0,0.0,0,0.0
1843,Fer_FPE03-04-05_18122021_98_19.jpg,92462375,25.5,29.5,19,40,"[19, 21, 40]",26.666666666666668,18,531,"[9, 16, 19, 19, 21, 21, 22, 23, 25, 26, 27, 30, 40, 40, 42, 45, 46, 60]",38.0,0.0,5.0,0,89.0
1844,Fer_FPE03-04-05_18122021_96_20.jpg,92462377,5.0,5.25,5,5,[5],5.0,16,84,"[4, 4, 4, 4, 5, 5, 5, 5, 5, 5, 5, 6, 6, 7, 7, 7]",6.0,0.0,5.0,0,0.0
1845,Fer_FPE03-04-05_18122021_91_29.jpg,92462378,26.0,25.06,26,26,[26],26.0,18,451,"[18, 21, 22, 23, 23, 23, 24, 25, 26, 26, 26, 26, 26, 27, 27, 28, 28, 32]",35.0,0.0,5.0,0,39.0
1846,Fer_FPE03-04-05_18122021_117_15.jpg,92462380,1.0,1.0,1,1,[1],1.0,1,1,[1],0.0,0.0,0.0,0,0.0
1847,Fer_FPE03-04-05_18122021_110_20.jpg,92462381,12.5,12.79,12,17,"[12, 17]",14.5,14,179,"[3, 3, 7, 11, 12, 12, 12, 13, 16, 17, 17, 17, 18, 21]",11.0,0.0,5.0,0,18.0
1848,Fer_FPE03-04-05_18122021_119_10.jpg,92462383,1.0,1.0,1,1,[1],1.0,1,1,[1],0.0,0.0,0.0,0,0.0
1849,Fer_FPE03-04-05_18122021_44_3.jpg,92462387,2.0,3.33,1,2,"[1, 2]",1.5,15,50,"[1, 1, 1, 1, 2, 2, 2, 2, 3, 3, 3, 4, 4, 9, 12]",4.0,0.0,5.0,0,9.0
1850,Fer_FPE03-04-05_18122021_100_19.jpg,92462390,5.0,5.15,7,7,[7],7.0,13,67,"[3, 3, 3, 4, 4, 4, 5, 6, 7, 7, 7, 7, 7]",6.0,0.0,5.0,0,9.0
1851,Fer_FPE03-04-05_18122021_79_26.jpg,92462392,12.0,12.0,12,12,[12],12.0,1,12,[12],1.0,0.0,5.0,0,7.0
1852,Fer_FPE03-04-05_18122021_113_16.jpg,92462393,1.0,1.0,1,1,[1],1.0,15,15,"[1, 1, 1, 1, 1, 1, 1, 1, 1, 1, 1, 1, 1, 1, 1]",2.0,0.0,5.0,0,0.0
1853,Fer_FPE03-04-05_18122021_17_15.jpg,92462395,1.0,1.0,1,1,[1],1.0,13,13,"[1, 1, 1, 1, 1, 1, 1, 1, 1, 1, 1, 1, 1]",1.0,0.0,5.0,0,0.0
1854,Fer_FPE03-04-05_18122021_43_2.jpg,92462398,4.0,4.0,4,4,[4],4.0,1,4,[4],0.0,0.0,0.0,0,0.0
1855,Fer_FPE03-04-05_18122021_10_20.jpg,92462399,1.0,1.0,1,1,[1],1.0,4,4,"[1, 1, 1, 1]",0.0,0.0,0.0,0,0.0
1856,Fer_FPE03-04-05_18122021_71_19.jpg,92462408,1.0,1.0,1,1,[1],1.0,5,5,"[1, 1, 1, 1, 1]",1.0,0.0,5.0,0,0.0
1857,Fer_FPE03-04-05_18122021_47_6.jpg,92462409,8.0,7.75,8,9,"[8, 9]",8.5,20,155,"[3, 3, 6, 6, 7, 8, 8, 8, 8, 8, 8, 8, 9, 9, 9, 9, 9, 9, 9, 11]",10.0,0.0,5.0,0,0.0
1858,Fer_FPE03-04-05_18122021_80_23.jpg,92462410,91.0,78.82,112,112,[112],112.0,17,1340,"[6, 13, 20, 48, 54, 62, 73, 79, 91, 93, 102, 105, 108, 112, 112, 126, 136]",102.0,0.0,5.0,0,216.0
1859,Fer_FPE03-04-05_18122021_24_5.jpg,92462411,1.0,1.0,1,1,[1],1.0,19,19,"[1, 1, 1, 1, 1, 1, 1, 1, 1, 1, 1, 1, 1, 1, 1, 1, 1, 1, 1]",1.0,0.0,5.0,0,14.0
1860,Fer_FPE03-04-05_18122021_66_29.jpg,92462412,1.0,1.0,1,1,[1],1.0,1,1,[1],0.0,0.0,0.0,0,0.0
1861,Fer_FPE03-04-05_18122021_61_20.jpg,92462413,2.0,2.0,2,2,[2],2.0,1,2,[2],0.0,0.0,0.0,0,0.0
1862,Fer_FPE03-04-05_18122021_12_19.jpg,92462418,1.0,1.0,1,1,[1],1.0,1,1,[1],0.0,0.0,0.0,0,0.0
1863,Fer_FPE03-04-05_18122021_45_4.jpg,92462419,2.0,2.0,2,2,[2],2.0,1,2,[2],0.0,0.0,0.0,0,0.0
1864,Fer_FPE03-04-05_18122021_90_26.jpg,92462420,2.0,2.0,2,2,[2],2.0,18,36,"[2, 2, 2, 2, 2, 2, 2, 2, 2, 2, 2, 2, 2, 2, 2, 2, 2, 2]",2.0,0.0,5.0,0,0.0
1865,Fer_FPE03-04-05_18122021_26_7.jpg,92462421,3.0,2.84,3,3,[3],3.0,19,54,"[1, 2, 2, 3, 3, 3, 3, 3, 3, 3, 3, 3, 3, 3, 3, 3, 3, 3, 4]",4.0,0.0,5.0,0,3.0
1866,Fer_FPE03-04-05_18122021_26_6.jpg,92462424,2.0,2.67,2,2,[2],2.0,6,16,"[2, 2, 2, 2, 4, 4]",2.0,0.0,5.0,0,1.0
1867,Fer_FPE03-04-05_18122021_45_5.jpg,92462428,1.0,1.1,1,1,[1],1.0,10,11,"[1, 1, 1, 1, 1, 1, 1, 1, 1, 2]",1.0,0.0,5.0,0,6.0
1868,Fer_FPE03-04-05_18122021_4_17.jpg,92462431,1.0,1.0,1,1,[1],1.0,2,2,"[1, 1]",0.0,0.0,0.0,0,0.0
1869,Fer_FPE03-04-05_18122021_61_21.jpg,92462434,1.0,1.0,1,1,[1],1.0,1,1,[1],0.0,0.0,0.0,0,0.0
1870,Fer_FPE03-04-05_18122021_80_22.jpg,92462435,5.0,4.91,4,4,[4],4.0,22,108,"[3, 4, 4, 4, 4, 4, 4, 4, 4, 4, 5, 5, 5, 5, 5, 6, 6, 6, 6, 6, 6, 8]",7.0,0.0,5.0,0,4.0
1871,Fer_FPE03-04-05_18122021_24_4.jpg,92462437,1.0,2.67,1,1,[1],1.0,12,32,"[1, 1, 1, 1, 1, 1, 1, 1, 2, 3, 5, 14]",2.0,0.0,5.0,0,14.0
1872,Fer_FPE03-04-05_18122021_47_7.jpg,92462438,1.0,1.0,1,1,[1],1.0,3,3,"[1, 1, 1]",0.0,0.0,0.0,0,0.0
1873,Fer_FPE03-04-05_18122021_106_22.jpg,92462442,2.0,2.0,1,3,"[1, 3]",2.0,7,14,"[1, 1, 1, 2, 3, 3, 3]",2.0,0.0,5.0,0,1.0
1874,Fer_FPE03-04-05_18122021_78_28.jpg,92462443,1.0,1.0,1,1,[1],1.0,2,2,"[1, 1]",0.0,0.0,0.0,0,0.0
1875,Fer_FPE03-04-05_18122021_31_8.jpg,92462445,4.0,4.0,4,4,[4],4.0,1,4,[4],0.0,0.0,0.0,0,0.0
1876,Fer_FPE03-04-05_18122021_55_25.jpg,92462447,1.0,1.0,1,1,[1],1.0,1,1,[1],0.0,0.0,0.0,0,0.0
1877,Fer_FPE03-04-05_18122021_55_31.jpg,92462448,1.0,1.43,1,1,[1],1.0,14,20,"[1, 1, 1, 1, 1, 1, 1, 1, 1, 1, 1, 2, 2, 5]",1.0,0.0,5.0,0,15.0
1878,Fer_FPE03-04-05_18122021_73_21.jpg,92462449,5.0,5.0,5,5,[5],5.0,1,5,[5],1.0,0.0,5.0,0,0.0
1879,Fer_FPE03-04-05_18122021_43_3.jpg,92462451,1.0,1.0,1,1,[1],1.0,2,2,"[1, 1]",0.0,0.0,0.0,0,0.0
1880,Fer_FPE03-04-05_18122021_10_21.jpg,92462452,1.0,1.0,1,1,[1],1.0,1,1,[1],0.0,0.0,0.0,0,0.0
1881,Fer_FPE03-04-05_18122021_116_5.jpg,92462453,1.5,1.5,1,2,"[1, 2]",1.5,16,24,"[1, 1, 1, 1, 1, 1, 1, 1, 2, 2, 2, 2, 2, 2, 2, 2]",3.0,0.0,5.0,0,0.0
1882,Fer_FPE03-04-05_18122021_92_22.jpg,92462455,4.0,4.0,4,4,[4],4.0,1,4,[4],0.0,0.0,0.0,0,0.0
1883,Fer_FPE03-04-05_18122021_113_17.jpg,92462458,2.0,2.83,1,1,[1],1.0,18,51,"[1, 1, 1, 1, 1, 1, 1, 1, 2, 2, 2, 3, 4, 4, 4, 5, 8, 9]",3.0,0.0,5.0,0,1.0
1884,Fer_FPE03-04-05_18122021_17_16.jpg,92462462,1.0,1.0,1,1,[1],1.0,1,1,[1],0.0,0.0,0.0,0,0.0
1885,Fer_FPE03-04-05_18122021_33_8.jpg,92462463,1.0,1.0,1,1,[1],1.0,2,2,"[1, 1]",0.0,0.0,0.0,0,0.0
1886,Fer_FPE03-04-05_18122021_55_27.jpg,92462470,1.0,1.0,1,1,[1],1.0,1,1,[1],0.0,0.0,0.0,0,0.0
1887,Fer_FPE03-04-05_18122021_41_3.jpg,92462473,21.0,20.28,7,29,"[7, 20, 29]",18.666666666666668,18,365,"[1, 5, 7, 7, 11, 13, 19, 20, 20, 22, 23, 24, 29, 29, 30, 33, 35, 37]",31.0,0.0,5.0,0,16.0
1888,Fer_FPE03-04-05_18122021_50_17.jpg,92462477,1.0,1.0,1,1,[1],1.0,1,1,[1],0.0,0.0,0.0,0,0.0
1889,Fer_FPE03-04-05_18122021_80_20.jpg,92462479,1.0,1.0,1,1,[1],1.0,13,13,"[1, 1, 1, 1, 1, 1, 1, 1, 1, 1, 1, 1, 1]",1.0,0.0,5.0,0,8.0
1890,Fer_FPE03-04-05_18122021_47_5.jpg,92462480,2.0,2.0,2,2,[2],2.0,19,38,"[2, 2, 2, 2, 2, 2, 2, 2, 2, 2, 2, 2, 2, 2, 2, 2, 2, 2, 2]",2.0,0.0,5.0,0,0.0
1891,Fer_FPE03-04-05_18122021_61_23.jpg,92462482,1.0,1.0,1,1,[1],1.0,13,13,"[1, 1, 1, 1, 1, 1, 1, 1, 1, 1, 1, 1, 1]",1.0,0.0,5.0,0,6.0
1892,Fer_FPE03-04-05_18122021_90_31.jpg,92462486,1.0,1.0,1,1,[1],1.0,8,8,"[1, 1, 1, 1, 1, 1, 1, 1]",1.0,0.0,5.0,0,3.0
1893,Fer_FPE03-04-05_18122021_49_22.jpg,92462487,20.0,19.47,20,20,[20],20.0,19,370,"[12, 17, 17, 18, 19, 19, 19, 20, 20, 20, 20, 20, 20, 21, 21, 21, 22, 22, 22]",24.0,0.0,5.0,0,18.0
1894,Fer_FPE03-04-05_18122021_125_8.jpg,92462488,1.0,1.0,1,1,[1],1.0,1,1,[1],0.0,0.0,0.0,0,0.0
1895,Fer_FPE03-04-05_18122021_26_4.jpg,92462489,9.0,8.76,6,9,"[6, 9]",7.5,17,149,"[3, 6, 6, 6, 6, 7, 8, 9, 9, 9, 9, 10, 11, 11, 12, 13, 14]",12.0,0.0,5.0,0,0.0
1896,Fer_FPE03-04-05_18122021_45_7.jpg,92462490,1.0,1.0,1,1,[1],1.0,1,1,[1],0.0,0.0,0.0,0,0.0
1897,Fer_FPE03-04-05_18122021_90_24.jpg,92462492,1.0,1.0,1,1,[1],1.0,3,3,"[1, 1, 1]",0.0,0.0,0.0,0,0.0
1898,Fer_FPE03-04-05_18122021_90_30.jpg,92462495,1.0,1.09,1,1,[1],1.0,11,12,"[1, 1, 1, 1, 1, 1, 1, 1, 1, 1, 2]",1.0,0.0,5.0,0,7.0
1899,Fer_FPE03-04-05_18122021_26_5.jpg,92462496,3.0,3.25,4,4,[4],4.0,16,52,"[2, 2, 2, 3, 3, 3, 3, 3, 3, 4, 4, 4, 4, 4, 4, 4]",4.0,0.0,5.0,0,0.0
1900,Fer_FPE03-04-05_18122021_15_12.jpg,92462498,1.0,1.0,1,1,[1],1.0,19,19,"[1, 1, 1, 1, 1, 1, 1, 1, 1, 1, 1, 1, 1, 1, 1, 1, 1, 1, 1]",2.0,0.0,5.0,0,1.0
1901,Fer_FPE03-04-05_18122021_99_28.jpg,92462499,2.0,2.0,2,2,[2],2.0,1,2,[2],0.0,0.0,0.0,0,0.0
1902,Fer_FPE03-04-05_18122021_61_22.jpg,92462501,2.5,2.5,1,4,"[1, 4]",2.5,2,5,"[1, 4]",1.0,0.0,5.0,0,0.0
1903,Fer_FPE03-04-05_18122021_116_18.jpg,92462502,4.0,3.67,4,4,[4],4.0,3,11,"[3, 4, 4]",1.0,0.0,5.0,0,6.0
1904,Fer_FPE03-04-05_18122021_24_7.jpg,92462505,1.0,1.0,1,1,[1],1.0,1,1,[1],0.0,0.0,0.0,0,0.0
1905,Fer_FPE03-04-05_18122021_80_21.jpg,92462507,13.0,13.0,1,25,"[1, 25]",13.0,2,26,"[1, 25]",1.0,0.0,5.0,0,6.0
1906,Fer_FPE03-04-05_18122021_39_2.jpg,92462508,1.0,1.0,1,1,[1],1.0,1,1,[1],0.0,0.0,0.0,0,0.0
1907,Fer_FPE03-04-05_18122021_41_2.jpg,92462509,24.0,22.88,22,22,[22],22.0,16,366,"[6, 9, 14, 14, 15, 22, 22, 22, 26, 27, 28, 28, 29, 30, 31, 43]",25.0,0.0,5.0,0,40.0
1908,Fer_FPE03-04-05_18122021_55_32.jpg,92462511,2.0,2.0,2,2,[2],2.0,1,2,[2],0.0,0.0,0.0,0,0.0
1909,Fer_FPE03-04-05_18122021_74_17.jpg,92462514,1.0,1.0,1,1,[1],1.0,1,1,[1],0.0,0.0,0.0,0,0.0
1910,Fer_FPE03-04-05_18122021_92_21.jpg,92462517,1.0,1.0,1,1,[1],1.0,2,2,"[1, 1]",0.0,0.0,0.0,0,0.0
1911,Fer_FPE03-04-05_18122021_17_17.jpg,92462523,5.0,5.0,3,7,"[3, 7]",5.0,2,10,"[3, 7]",1.0,0.0,5.0,0,5.0
1912,Fer_FPE03-04-05_18122021_114_19.jpg,92462526,1.5,1.5,1,2,"[1, 2]",1.5,2,3,"[1, 2]",0.0,0.0,0.0,0,0.0
1913,Fer_FPE03-04-05_18122021_43_4.jpg,92462528,1.0,1.0,1,1,[1],1.0,1,1,[1],0.0,0.0,0.0,0,0.0
1914,Fer_FPE03-04-05_18122021_42_12.jpg,92462529,6.0,6.0,5,7,"[5, 7]",6.0,2,12,"[5, 7]",1.0,0.0,5.0,0,7.0
1915,Fer_FPE03-04-05_18122021_92_25.jpg,92462530,1.0,1.0,1,1,[1],1.0,1,1,[1],0.0,0.0,0.0,0,0.0
1916,Fer_FPE03-04-05_18122021_104_20.jpg,92462532,2.0,1.95,2,2,[2],2.0,19,37,"[1, 1, 2, 2, 2, 2, 2, 2, 2, 2, 2, 2, 2, 2, 2, 2, 2, 2, 3]",2.0,0.0,5.0,0,0.0
1917,Fer_FPE03-04-05_18122021_121_9.jpg,92462536,1.0,1.0,1,1,[1],1.0,1,1,[1],0.0,0.0,0.0,0,0.0
1918,Fer_FPE03-04-05_18122021_55_36.jpg,92462537,4.0,4.0,4,4,[4],4.0,1,4,[4],0.0,0.0,0.0,0,0.0
1919,Fer_FPE03-04-05_18122021_76_16.jpg,92462538,1.0,1.0,1,1,[1],1.0,2,2,"[1, 1]",0.0,0.0,0.0,0,0.0
1920,Fer_FPE03-04-05_18122021_39_6.jpg,92462539,1.0,1.0,1,1,[1],1.0,7,7,"[1, 1, 1, 1, 1, 1, 1]",1.0,0.0,5.0,0,2.0
1921,Fer_FPE03-04-05_18122021_108_20.jpg,92462542,13.0,13.0,13,13,[13],13.0,1,13,[13],1.0,0.0,5.0,0,8.0
1922,Fer_FPE03-04-05_18122021_57_33.jpg,92462550,1.0,1.0,1,1,[1],1.0,1,1,[1],0.0,0.0,0.0,0,0.0
1923,Fer_FPE03-04-05_18122021_97_29.jpg,92462553,1.0,1.0,1,1,[1],1.0,1,1,[1],0.0,0.0,0.0,0,0.0
1924,Fer_FPE03-04-05_18122021_3_18.jpg,92462556,1.0,1.0,1,1,[1],1.0,9,9,"[1, 1, 1, 1, 1, 1, 1, 1, 1]",1.0,0.0,5.0,0,4.0
1925,Fer_FPE03-04-05_18122021_90_21.jpg,92462558,1.0,1.0,1,1,[1],1.0,19,19,"[1, 1, 1, 1, 1, 1, 1, 1, 1, 1, 1, 1, 1, 1, 1, 1, 1, 1, 1]",1.0,0.0,5.0,0,2.0
1926,Fer_FPE03-04-05_18122021_80_24.jpg,92462564,23.0,23.18,22,22,[22],22.0,17,394,"[4, 8, 9, 10, 21, 22, 22, 22, 23, 27, 27, 28, 32, 33, 34, 36, 36]",36.0,0.0,5.0,0,42.0
1927,Fer_FPE03-04-05_18122021_23_16.jpg,92462565,2.0,2.0,2,2,[2],2.0,1,2,[2],0.0,0.0,0.0,0,0.0
1928,Fer_FPE03-04-05_18122021_108_21.jpg,92462567,16.0,16.0,12,20,"[12, 20]",16.0,2,32,"[12, 20]",2.0,0.0,5.0,0,6.0
1929,Fer_FPE03-04-05_18122021_106_24.jpg,92462568,1.0,1.07,1,1,[1],1.0,14,15,"[1, 1, 1, 1, 1, 1, 1, 1, 1, 1, 1, 1, 1, 2]",1.0,0.0,5.0,0,10.0
1930,Fer_FPE03-04-05_18122021_55_37.jpg,92462571,1.0,1.08,1,1,[1],1.0,12,13,"[1, 1, 1, 1, 1, 1, 1, 1, 1, 1, 1, 2]",1.0,0.0,5.0,0,4.0
1931,Fer_FPE03-04-05_18122021_121_8.jpg,92462573,4.0,4.0,4,4,[4],4.0,1,4,[4],0.0,0.0,0.0,0,0.0
1932,Fer_FPE03-04-05_18122021_52_16.jpg,92462574,1.0,1.0,1,1,[1],1.0,2,2,"[1, 1]",0.0,0.0,0.0,0,0.0
1933,Fer_FPE03-04-05_18122021_41_7.jpg,92462576,5.0,4.67,7,7,[7],7.0,15,70,"[1, 1, 1, 2, 3, 3, 3, 5, 7, 7, 7, 7, 7, 8, 8]",5.0,0.0,5.0,0,0.0
1934,Fer_FPE03-04-05_18122021_104_21.jpg,92462578,17.0,16.82,6,27,"[6, 17, 21, 23, 27]",18.8,17,286,"[3, 6, 6, 7, 11, 12, 14, 17, 17, 19, 21, 21, 23, 23, 27, 27, 32]",25.0,0.0,5.0,0,20.0
1935,Fer_FPE03-04-05_18122021_20_6.jpg,92462580,3.0,3.67,1,7,"[1, 3, 7]",3.6666666666666665,3,11,"[1, 3, 7]",1.0,0.0,5.0,0,5.0
1936,Fer_FPE03-04-05_18122021_92_24.jpg,92462581,2.0,2.63,2,2,[2],2.0,19,50,"[2, 2, 2, 2, 2, 2, 2, 2, 2, 2, 2, 2, 2, 2, 2, 2, 2, 3, 13]",2.0,0.0,5.0,0,5.0
1937,Fer_FPE03-04-05_18122021_114_18.jpg,92462584,1.0,1.06,1,1,[1],1.0,16,17,"[1, 1, 1, 1, 1, 1, 1, 1, 1, 1, 1, 1, 1, 1, 1, 2]",1.0,0.0,5.0,0,9.0
1938,Fer_FPE03-04-05_18122021_64_15.jpg,92462586,1.0,1.0,1,1,[1],1.0,1,1,[1],0.0,0.0,0.0,0,0.0
1939,Fer_FPE03-04-05_18122021_63_20.jpg,92462588,2.0,2.0,2,2,[2],2.0,1,2,[2],0.0,0.0,0.0,0,0.0
1940,Fer_FPE03-04-05_18122021_92_26.jpg,92462589,2.0,2.0,2,2,[2],2.0,19,38,"[2, 2, 2, 2, 2, 2, 2, 2, 2, 2, 2, 2, 2, 2, 2, 2, 2, 2, 2]",2.0,0.0,5.0,0,0.0
1941,Fer_FPE03-04-05_18122021_19_15.jpg,92462590,1.0,1.0,1,1,[1],1.0,15,15,"[1, 1, 1, 1, 1, 1, 1, 1, 1, 1, 1, 1, 1, 1, 1]",1.0,0.0,5.0,0,9.0
1942,Fer_FPE03-04-05_18122021_73_19.jpg,92462595,1.0,1.0,1,1,[1],1.0,17,17,"[1, 1, 1, 1, 1, 1, 1, 1, 1, 1, 1, 1, 1, 1, 1, 1, 1]",1.0,0.0,5.0,0,11.0
1943,Fer_FPE03-04-05_18122021_82_23.jpg,92462597,1.0,1.26,1,1,[1],1.0,19,24,"[1, 1, 1, 1, 1, 1, 1, 1, 1, 1, 1, 1, 1, 1, 2, 2, 2, 2, 2]",3.0,0.0,5.0,0,1.0
1944,Fer_FPE03-04-05_18122021_39_5.jpg,92462599,1.0,1.0,1,1,[1],1.0,17,17,"[1, 1, 1, 1, 1, 1, 1, 1, 1, 1, 1, 1, 1, 1, 1, 1, 1]",1.0,0.0,5.0,0,0.0
1945,Fer_FPE03-04-05_18122021_108_23.jpg,92462600,1.0,1.06,1,1,[1],1.0,18,19,"[1, 1, 1, 1, 1, 1, 1, 1, 1, 1, 1, 1, 1, 1, 1, 1, 1, 2]",1.0,0.0,5.0,0,14.0
1946,Fer_FPE03-04-05_18122021_71_20.jpg,92462602,1.0,1.0,1,1,[1],1.0,1,1,[1],0.0,0.0,0.0,0,0.0
1947,Fer_FPE03-04-05_18122021_90_23.jpg,92462607,3.0,3.0,3,3,[3],3.0,1,3,[3],0.0,0.0,0.0,0,0.0
1948,Fer_FPE03-04-05_18122021_49_24.jpg,92462608,2.0,2.0,2,2,[2],2.0,1,2,[2],0.0,0.0,0.0,0,0.0
1949,Fer_FPE03-04-05_18122021_47_21.jpg,92462610,1.0,1.0,1,1,[1],1.0,19,19,"[1, 1, 1, 1, 1, 1, 1, 1, 1, 1, 1, 1, 1, 1, 1, 1, 1, 1, 1]",1.0,0.0,5.0,0,11.0
1950,Fer_FPE03-04-05_18122021_49_18.jpg,92462611,2.0,2.0,2,2,[2],2.0,20,40,"[2, 2, 2, 2, 2, 2, 2, 2, 2, 2, 2, 2, 2, 2, 2, 2, 2, 2, 2, 2]",2.0,0.0,5.0,0,0.0
1951,Fer_FPE03-04-05_18122021_49_19.jpg,92462614,3.0,3.0,3,3,[3],3.0,1,3,[3],0.0,0.0,0.0,0,0.0
1952,Fer_FPE03-04-05_18122021_49_25.jpg,92462615,1.0,1.0,1,1,[1],1.0,2,2,"[1, 1]",0.0,0.0,0.0,0,0.0
1953,Fer_FPE03-04-05_18122021_26_3.jpg,92462617,11.0,10.92,10,11,"[10, 11]",10.5,13,142,"[7, 8, 9, 10, 10, 10, 11, 11, 11, 12, 13, 14, 16]",13.0,0.0,5.0,0,4.0
1954,Fer_FPE03-04-05_18122021_90_22.jpg,92462619,2.0,2.06,2,2,[2],2.0,18,37,"[2, 2, 2, 2, 2, 2, 2, 2, 2, 2, 2, 2, 2, 2, 2, 2, 2, 3]",2.0,0.0,5.0,0,1.0
1955,Fer_FPE03-04-05_18122021_111_17.jpg,92462620,1.0,1.43,1,1,[1],1.0,14,20,"[1, 1, 1, 1, 1, 1, 1, 1, 2, 2, 2, 2, 2, 2]",2.0,0.0,5.0,0,0.0
1956,Fer_FPE03-04-05_18122021_61_18.jpg,92462621,1.0,1.0,1,1,[1],1.0,16,16,"[1, 1, 1, 1, 1, 1, 1, 1, 1, 1, 1, 1, 1, 1, 1, 1]",1.0,0.0,5.0,0,0.0
1957,Fer_FPE03-04-05_18122021_80_27.jpg,92462622,1.0,1.0,1,1,[1],1.0,1,1,[1],0.0,0.0,0.0,0,0.0
1958,Fer_FPE03-04-05_18122021_59_34.jpg,92462623,1.5,1.5,1,2,"[1, 2]",1.5,2,3,"[1, 2]",0.0,0.0,0.0,0,0.0
1959,Fer_FPE03-04-05_18122021_82_22.jpg,92462630,1.0,3.29,1,1,[1],1.0,7,23,"[1, 1, 1, 1, 2, 5, 12]",1.0,0.0,5.0,0,18.0
1960,Fer_FPE03-04-05_18122021_41_4.jpg,92462631,2.0,2.12,2,2,[2],2.0,17,36,"[1, 2, 2, 2, 2, 2, 2, 2, 2, 2, 2, 2, 2, 2, 3, 3, 3]",2.0,0.0,5.0,0,0.0
1961,Fer_FPE03-04-05_18122021_73_24.jpg,92462633,1.0,1.13,1,1,[1],1.0,15,17,"[1, 1, 1, 1, 1, 1, 1, 1, 1, 1, 1, 1, 1, 2, 2]",1.0,0.0,5.0,0,12.0
1962,Fer_FPE03-04-05_18122021_73_18.jpg,92462634,3.0,3.0,3,3,[3],3.0,1,3,[3],0.0,0.0,0.0,0,0.0
1963,Fer_FPE03-04-05_18122021_104_22.jpg,92462635,1.0,1.07,1,1,[1],1.0,14,15,"[1, 1, 1, 1, 1, 1, 1, 1, 1, 1, 1, 1, 1, 2]",1.0,0.0,5.0,0,10.0
1964,Fer_FPE03-04-05_18122021_92_27.jpg,92462639,1.0,1.0,1,1,[1],1.0,1,1,[1],0.0,0.0,0.0,0,0.0
1965,Fer_FPE03-04-05_18122021_20_5.jpg,92462641,2.0,2.0,1,3,"[1, 3]",2.0,4,8,"[1, 1, 3, 3]",1.0,0.0,5.0,0,3.0
1966,Fer_FPE03-04-05_18122021_114_16.jpg,92462646,1.0,1.0,1,1,[1],1.0,1,1,[1],0.0,0.0,0.0,0,0.0
1967,Fer_FPE03-04-05_18122021_123_4.jpg,92462648,14.5,14.78,16,16,[16],16.0,18,266,"[6, 10, 12, 12, 13, 13, 13, 14, 14, 15, 16, 16, 16, 16, 17, 20, 20, 23]",15.0,0.0,5.0,0,62.0
1968,Fer_FPE03-04-05_18122021_95_23.jpg,92462649,1.0,1.31,1,1,[1],1.0,13,17,"[1, 1, 1, 1, 1, 1, 1, 1, 1, 2, 2, 2, 2]",1.0,0.0,5.0,0,12.0
1969,Fer_FPE03-04-05_18122021_103_26.jpg,92462652,10.0,10.0,10,10,[10],10.0,1,10,[10],1.0,0.0,5.0,0,5.0
1970,Fer_FPE03-04-05_18122021_121_6.jpg,92462656,2.0,2.33,2,2,[2],2.0,15,35,"[1, 2, 2, 2, 2, 2, 2, 2, 2, 3, 3, 3, 3, 3, 3]",3.0,0.0,5.0,0,0.0
1971,Fer_FPE03-04-05_18122021_52_24.jpg,92462658,1.0,1.2,1,1,[1],1.0,10,12,"[1, 1, 1, 1, 1, 1, 1, 1, 2, 2]",1.0,0.0,5.0,0,7.0
1972,Fer_FPE03-04-05_18122021_39_9.jpg,92462659,1.0,1.41,1,1,[1],1.0,17,24,"[1, 1, 1, 1, 1, 1, 1, 1, 1, 1, 1, 1, 1, 1, 1, 1, 8]",1.0,0.0,5.0,0,19.0
1973,Fer_FPE03-04-05_18122021_78_20.jpg,92462661,1.0,1.0,1,1,[1],1.0,2,2,"[1, 1]",0.0,0.0,0.0,0,0.0
1974,Fer_FPE03-04-05_18122021_87_23.jpg,92462664,1.0,1.0,1,1,[1],1.0,1,1,[1],0.0,0.0,0.0,0,0.0
1975,Fer_FPE03-04-05_18122021_57_28.jpg,92462668,1.0,1.0,1,1,[1],1.0,15,15,"[1, 1, 1, 1, 1, 1, 1, 1, 1, 1, 1, 1, 1, 1, 1]",1.0,0.0,5.0,0,10.0
1976,Fer_FPE03-04-05_18122021_3_16.jpg,92462679,3.0,3.0,3,3,[3],3.0,1,3,[3],0.0,0.0,0.0,0,0.0
1977,Fer_FPE03-04-05_18122021_3_17.jpg,92462680,1.0,1.0,1,1,[1],1.0,1,1,[1],0.0,0.0,0.0,0,0.0
1978,Fer_FPE03-04-05_18122021_99_22.jpg,92462682,5.0,5.11,5,5,[5],5.0,19,97,"[4, 4, 5, 5, 5, 5, 5, 5, 5, 5, 5, 5, 5, 5, 5, 5, 6, 6, 7]",7.0,0.0,5.0,0,10.0
1979,Fer_FPE03-04-05_18122021_47_10.jpg,92462684,4.0,4.59,5,5,[5],5.0,17,78,"[1, 2, 2, 3, 3, 3, 4, 4, 4, 5, 5, 5, 5, 7, 7, 8, 10]",6.0,0.0,5.0,0,9.0
1980,Fer_FPE03-04-05_18122021_116_12.jpg,92462687,1.0,1.0,1,1,[1],1.0,1,1,[1],0.0,0.0,0.0,0,0.0
1981,Fer_FPE03-04-05_18122021_61_14.jpg,92462688,1.0,1.0,1,1,[1],1.0,1,1,[1],0.0,0.0,0.0,0,0.0
1982,Fer_FPE03-04-05_18122021_89_27.jpg,92462690,2.0,2.0,2,2,[2],2.0,1,2,[2],0.0,0.0,0.0,0,0.0
1983,Fer_FPE03-04-05_18122021_87_22.jpg,92462692,1.0,1.0,1,1,[1],1.0,1,1,[1],0.0,0.0,0.0,0,0.0
1984,Fer_FPE03-04-05_18122021_23_19.jpg,92462693,1.0,1.0,1,1,[1],1.0,1,1,[1],0.0,0.0,0.0,0,0.0
1985,Fer_FPE03-04-05_18122021_78_21.jpg,92462695,1.0,1.42,1,1,[1],1.0,19,27,"[1, 1, 1, 1, 1, 1, 1, 1, 1, 1, 1, 1, 1, 1, 1, 1, 1, 1, 9]",3.0,0.0,5.0,0,0.0
1986,Fer_FPE03-04-05_18122021_39_8.jpg,92462697,9.0,8.42,9,10,"[9, 10]",9.5,19,160,"[1, 1, 4, 5, 5, 6, 7, 8, 9, 9, 9, 10, 10, 10, 11, 12, 14, 14, 15]",14.0,0.0,5.0,0,7.0
1987,Fer_FPE03-04-05_18122021_121_7.jpg,92462699,1.0,1.0,1,1,[1],1.0,1,1,[1],0.0,0.0,0.0,0,0.0
1988,Fer_FPE03-04-05_18122021_41_8.jpg,92462700,12.0,11.33,11,14,"[11, 12, 14]",12.333333333333334,18,204,"[3, 3, 4, 11, 11, 11, 11, 12, 12, 12, 12, 13, 14, 14, 14, 14, 16, 17]",14.0,0.0,5.0,0,20.0
1989,Fer_FPE03-04-05_18122021_28_10.jpg,92462703,3.0,3.0,2,4,"[2, 4]",3.0,2,6,"[2, 4]",1.0,0.0,5.0,0,1.0
1990,Fer_FPE03-04-05_18122021_95_22.jpg,92462706,13.0,12.83,12,14,"[12, 13, 14]",13.0,18,231,"[7, 11, 12, 12, 12, 12, 12, 13, 13, 13, 13, 13, 14, 14, 14, 14, 14, 18]",17.0,0.0,5.0,0,6.0
1991,Fer_FPE03-04-05_18122021_123_5.jpg,92462707,1.0,1.0,1,1,[1],1.0,2,2,"[1, 1]",0.0,0.0,0.0,0,0.0
1992,Fer_FPE03-04-05_18122021_114_17.jpg,92462708,1.0,1.2,1,1,[1],1.0,10,12,"[1, 1, 1, 1, 1, 1, 1, 1, 2, 2]",2.0,0.0,5.0,0,2.0
1993,Fer_FPE03-04-05_18122021_114_15.jpg,92462713,12.0,12.0,10,14,"[10, 14]",12.0,2,24,"[10, 14]",2.0,0.0,5.0,0,1.0
1994,Fer_FPE03-04-05_18122021_95_20.jpg,92462715,3.0,2.89,3,3,[3],3.0,18,52,"[2, 2, 2, 3, 3, 3, 3, 3, 3, 3, 3, 3, 3, 3, 3, 3, 3, 4]",3.0,0.0,5.0,0,0.0
1995,Fer_FPE03-04-05_18122021_43_8.jpg,92462716,1.0,1.0,1,1,[1],1.0,1,1,[1],0.0,0.0,0.0,0,0.0
1996,Fer_FPE03-04-05_18122021_8_20.jpg,92462718,7.0,7.0,7,7,[7],7.0,1,7,[7],1.0,0.0,5.0,0,2.0
1997,Fer_FPE03-04-05_18122021_73_16.jpg,92462720,5.0,5.0,5,5,[5],5.0,1,5,[5],1.0,0.0,5.0,0,0.0
1998,Fer_FPE03-04-05_18122021_74_23.jpg,92462722,1.0,1.11,1,1,[1],1.0,19,21,"[1, 1, 1, 1, 1, 1, 1, 1, 1, 1, 1, 1, 1, 1, 1, 1, 1, 1, 3]",1.0,0.0,5.0,0,16.0
1999,Fer_FPE03-04-05_18122021_101_20.jpg,92462725,1.0,1.0,1,1,[1],1.0,2,2,"[1, 1]",0.0,0.0,0.0,0,0.0
2000,Fer_FPE03-04-05_18122021_78_23.jpg,92462726,1.0,1.09,1,1,[1],1.0,11,12,"[1, 1, 1, 1, 1, 1, 1, 1, 1, 1, 2]",1.0,0.0,5.0,0,7.0
2001,Fer_FPE03-04-05_18122021_76_26.jpg,92462727,1.0,1.33,1,1,[1],1.0,3,4,"[1, 1, 2]",0.0,0.0,0.0,0,0.0
2002,Fer_FPE03-04-05_18122021_89_19.jpg,92462728,1.0,1.0,1,1,[1],1.0,1,1,[1],0.0,0.0,0.0,0,0.0
2003,Fer_FPE03-04-05_18122021_37_5.jpg,92462730,2.0,2.0,2,2,[2],2.0,1,2,[2],0.0,0.0,0.0,0,0.0
2004,Fer_FPE03-04-05_18122021_120_11.jpg,92462732,1.0,1.0,1,1,[1],1.0,1,1,[1],0.0,0.0,0.0,0,0.0
2005,Fer_FPE03-04-05_18122021_50_22.jpg,92462734,1.0,1.0,1,1,[1],1.0,1,1,[1],0.0,0.0,0.0,0,0.0
2006,Fer_FPE03-04-05_18122021_118_15.jpg,92462735,10.0,10.0,10,10,[10],10.0,1,10,[10],1.0,0.0,5.0,0,5.0
2007,Fer_FPE03-04-05_18122021_61_16.jpg,92462736,2.0,2.0,2,2,[2],2.0,1,2,[2],0.0,0.0,0.0,0,0.0
2008,Fer_FPE03-04-05_18122021_66_23.jpg,92462737,1.0,1.0,1,1,[1],1.0,1,1,[1],0.0,0.0,0.0,0,0.0
2009,Fer_FPE03-04-05_18122021_116_10.jpg,92462738,1.0,1.0,1,1,[1],1.0,7,7,"[1, 1, 1, 1, 1, 1, 1]",1.0,0.0,5.0,0,2.0
2010,Fer_FPE03-04-05_18122021_111_19.jpg,92462739,30.0,28.47,1,49,"[1, 6, 10, 18, 19, 20, 23, 25, 30, 31, 36, 39, 41, 42, 46, 48, 49]",28.470588235294116,17,484,"[1, 6, 10, 18, 19, 20, 23, 25, 30, 31, 36, 39, 41, 42, 46, 48, 49]",44.0,0.0,5.0,0,68.0
2011,Fer_FPE03-04-05_18122021_35_7.jpg,92462740,1.0,1.08,1,1,[1],1.0,13,14,"[1, 1, 1, 1, 1, 1, 1, 1, 1, 1, 1, 1, 2]",1.0,0.0,5.0,0,9.0
2012,Fer_FPE03-04-05_18122021_97_25.jpg,92462741,1.0,1.0,1,1,[1],1.0,2,2,"[1, 1]",0.0,0.0,0.0,0,0.0
2013,Fer_FPE03-04-05_18122021_97_19.jpg,92462743,25.5,30.33,21,21,[21],21.0,18,546,"[15, 17, 21, 21, 21, 21, 23, 25, 25, 26, 33, 35, 37, 39, 41, 45, 47, 54]",42.0,0.0,5.0,0,60.0
2014,Fer_FPE03-04-05_18122021_99_20.jpg,92462744,9.0,8.11,9,9,[9],9.0,19,154,"[1, 5, 6, 6, 7, 8, 8, 8, 9, 9, 9, 9, 9, 9, 10, 10, 10, 10, 11]",10.0,0.0,5.0,0,12.0
2015,Fer_FPE03-04-05_18122021_12_13.jpg,92462745,1.0,1.06,1,1,[1],1.0,17,18,"[1, 1, 1, 1, 1, 1, 1, 1, 1, 1, 1, 1, 1, 1, 1, 1, 2]",2.0,0.0,5.0,0,0.0
2016,Fer_FPE03-04-05_18122021_97_18.jpg,92462749,1.0,1.12,1,1,[1],1.0,17,19,"[1, 1, 1, 1, 1, 1, 1, 1, 1, 1, 1, 1, 1, 1, 1, 1, 3]",1.0,0.0,5.0,0,12.0
2017,Fer_FPE03-04-05_18122021_116_11.jpg,92462753,1.0,1.0,1,1,[1],1.0,3,3,"[1, 1, 1]",0.0,0.0,0.0,0,0.0
2018,Fer_FPE03-04-05_18122021_111_18.jpg,92462754,9.0,9.1,9,9,[9],9.0,20,182,"[2, 8, 9, 9, 9, 9, 9, 9, 9, 9, 9, 9, 9, 9, 9, 9, 9, 10, 11, 16]",12.0,0.0,5.0,0,6.0
2019,Fer_FPE03-04-05_18122021_66_22.jpg,92462755,1.0,1.0,1,1,[1],1.0,1,1,[1],0.0,0.0,0.0,0,0.0
2020,Fer_FPE03-04-05_18122021_111_24.jpg,92462756,1.0,1.0,1,1,[1],1.0,19,19,"[1, 1, 1, 1, 1, 1, 1, 1, 1, 1, 1, 1, 1, 1, 1, 1, 1, 1, 1]",1.0,0.0,5.0,0,14.0
2021,Fer_FPE03-04-05_18122021_61_17.jpg,92462757,1.0,1.0,1,1,[1],1.0,1,1,[1],0.0,0.0,0.0,0,0.0
2022,Fer_FPE03-04-05_18122021_118_14.jpg,92462758,1.0,1.0,1,1,[1],1.0,18,18,"[1, 1, 1, 1, 1, 1, 1, 1, 1, 1, 1, 1, 1, 1, 1, 1, 1, 1]",2.0,0.0,5.0,0,0.0
2023,Fer_FPE03-04-05_18122021_87_21.jpg,92462763,1.0,1.0,1,1,[1],1.0,10,10,"[1, 1, 1, 1, 1, 1, 1, 1, 1, 1]",1.0,0.0,5.0,0,5.0
2024,Fer_FPE03-04-05_18122021_37_4.jpg,92462764,8.0,8.0,8,8,[8],8.0,1,8,[8],1.0,0.0,5.0,0,3.0
2025,Fer_FPE03-04-05_18122021_121_4.jpg,92462770,28.0,28.47,18,49,"[18, 28, 49]",31.666666666666668,17,484,"[4, 16, 18, 18, 21, 23, 25, 28, 28, 29, 30, 34, 36, 37, 39, 49, 49]",36.0,0.0,5.0,0,72.0
2026,Fer_FPE03-04-05_18122021_95_21.jpg,92462779,9.0,9.72,8,14,"[8, 14]",11.0,18,175,"[5, 6, 6, 7, 7, 8, 8, 8, 9, 9, 10, 11, 12, 12, 14, 14, 14, 15]",14.0,0.0,5.0,0,4.0
2027,Fer_FPE03-04-05_18122021_123_6.jpg,92462780,1.0,1.0,1,1,[1],1.0,1,1,[1],0.0,0.0,0.0,0,0.0
2028,Fer_FPE03-04-05_18122021_92_28.jpg,92462781,1.0,1.0,1,1,[1],1.0,17,17,"[1, 1, 1, 1, 1, 1, 1, 1, 1, 1, 1, 1, 1, 1, 1, 1, 1]",1.0,0.0,5.0,0,12.0
2029,Fer_FPE03-04-05_18122021_114_14.jpg,92462782,1.0,1.0,1,1,[1],1.0,3,3,"[1, 1, 1]",0.0,0.0,0.0,0,0.0
2030,Fer_FPE03-04-05_18122021_114_10.jpg,92462784,1.0,1.0,1,1,[1],1.0,1,1,[1],0.0,0.0,0.0,0,0.0
2031,Fer_FPE03-04-05_18122021_113_19.jpg,92462785,1.0,1.18,1,1,[1],1.0,11,13,"[1, 1, 1, 1, 1, 1, 1, 1, 1, 2, 2]",1.0,0.0,5.0,0,8.0
2032,Fer_FPE03-04-05_18122021_63_16.jpg,92462786,1.0,1.0,1,1,[1],1.0,18,18,"[1, 1, 1, 1, 1, 1, 1, 1, 1, 1, 1, 1, 1, 1, 1, 1, 1, 1]",1.0,0.0,5.0,0,12.0
2033,Fer_FPE03-04-05_18122021_118_4.jpg,92462787,2.0,1.6,2,2,[2],2.0,15,24,"[1, 1, 1, 1, 1, 1, 2, 2, 2, 2, 2, 2, 2, 2, 2]",2.0,0.0,5.0,0,1.0
2034,Fer_FPE03-04-05_18122021_45_12.jpg,92462790,4.0,3.78,4,4,[4],4.0,18,68,"[1, 3, 3, 3, 4, 4, 4, 4, 4, 4, 4, 4, 4, 4, 4, 4, 4, 6]",5.0,0.0,5.0,0,3.0
2035,Fer_FPE03-04-05_18122021_74_26.jpg,92462793,1.0,1.0,1,1,[1],1.0,1,1,[1],0.0,0.0,0.0,0,0.0
2036,Fer_FPE03-04-05_18122021_103_20.jpg,92462794,6.0,5.94,6,6,[6],6.0,17,101,"[4, 5, 5, 5, 5, 6, 6, 6, 6, 6, 6, 6, 6, 7, 7, 7, 8]",6.0,0.0,5.0,0,5.0
2037,Fer_FPE03-04-05_18122021_31_6.jpg,92462797,2.0,2.0,2,2,[2],2.0,1,2,[2],0.0,0.0,0.0,0,0.0
2038,Fer_FPE03-04-05_18122021_101_19.jpg,92462798,6.5,6.83,6,6,[6],6.0,18,123,"[4, 4, 5, 5, 5, 6, 6, 6, 6, 7, 7, 8, 8, 8, 9, 9, 10, 10]",9.0,0.0,5.0,0,2.0
2039,Fer_FPE03-04-05_18122021_49_6.jpg,92462802,1.0,1.06,1,1,[1],1.0,17,18,"[1, 1, 1, 1, 1, 1, 1, 1, 1, 1, 1, 1, 1, 1, 1, 1, 2]",2.0,0.0,5.0,0,1.0
2040,Fer_FPE03-04-05_18122021_89_20.jpg,92462803,1.0,1.0,1,1,[1],1.0,1,1,[1],0.0,0.0,0.0,0,0.0
2041,Fer_FPE03-04-05_18122021_47_9.jpg,92462804,10.5,11.78,3,20,"[3, 10, 13, 16, 20]",12.4,18,212,"[1, 3, 3, 5, 7, 8, 9, 10, 10, 11, 13, 13, 15, 16, 16, 20, 20, 32]",19.0,0.0,5.0,0,32.0
2042,Fer_FPE03-04-05_18122021_87_31.jpg,92462805,1.0,1.0,1,1,[1],1.0,1,1,[1],0.0,0.0,0.0,0,0.0
2043,Fer_FPE03-04-05_18122021_111_20.jpg,92462810,12.0,13.15,19,19,[19],19.0,13,171,"[1, 8, 10, 10, 11, 12, 12, 16, 17, 17, 19, 19, 19]",16.0,0.0,5.0,0,14.0
2044,Fer_FPE03-04-05_18122021_68_23.jpg,92462811,1.0,1.0,1,1,[1],1.0,1,1,[1],0.0,0.0,0.0,0,0.0
2045,Fer_FPE03-04-05_18122021_97_20.jpg,92462815,21.5,19.22,18,24,"[18, 22, 24]",21.333333333333332,18,346,"[6, 7, 9, 13, 17, 18, 18, 18, 21, 22, 22, 22, 24, 24, 24, 26, 26, 29]",23.0,0.0,5.0,0,34.0
2046,Fer_FPE03-04-05_18122021_99_19.jpg,92462818,15.0,14.83,16,16,[16],16.0,12,178,"[2, 4, 7, 8, 12, 14, 16, 16, 18, 21, 24, 36]",14.0,0.0,5.0,0,38.0
2047,Fer_FPE03-04-05_18122021_125_4.jpg,92462819,1.0,1.09,1,1,[1],1.0,11,12,"[1, 1, 1, 1, 1, 1, 1, 1, 1, 1, 2]",1.0,0.0,5.0,0,6.0
2048,Fer_FPE03-04-05_18122021_125_5.jpg,92462820,2.0,2.43,2,2,[2],2.0,14,34,"[1, 2, 2, 2, 2, 2, 2, 2, 3, 3, 3, 3, 3, 4]",3.0,0.0,5.0,0,2.0
2049,Fer_FPE03-04-05_18122021_99_18.jpg,92462821,11.0,11.22,10,10,[10],10.0,18,202,"[2, 9, 9, 10, 10, 10, 10, 10, 11, 11, 11, 11, 12, 13, 14, 16, 16, 17]",19.0,0.0,5.0,0,20.0
2050,Fer_FPE03-04-05_18122021_47_16.jpg,92462823,3.0,3.0,3,3,[3],3.0,1,3,[3],0.0,0.0,0.0,0,0.0
2051,Fer_FPE03-04-05_18122021_90_28.jpg,92462824,2.0,2.0,2,2,[2],2.0,1,2,[2],0.0,0.0,0.0,0,0.0
2052,Fer_FPE03-04-05_18122021_49_13.jpg,92462825,1.0,1.06,1,1,[1],1.0,17,18,"[1, 1, 1, 1, 1, 1, 1, 1, 1, 1, 1, 1, 1, 1, 1, 1, 2]",2.0,0.0,5.0,0,2.0
2053,Fer_FPE03-04-05_18122021_12_17.jpg,92462826,2.0,2.0,2,2,[2],2.0,1,2,[2],0.0,0.0,0.0,0,0.0
2054,Fer_FPE03-04-05_18122021_111_21.jpg,92462830,1.0,1.22,1,1,[1],1.0,9,11,"[1, 1, 1, 1, 1, 1, 1, 1, 3]",1.0,0.0,5.0,0,6.0
2055,Fer_FPE03-04-05_18122021_116_14.jpg,92462833,81.0,81.0,81,81,[81],81.0,1,81,[81],1.0,0.0,5.0,0,13.0
2056,Fer_FPE03-04-05_18122021_127_7.jpg,92462835,1.0,1.0,1,1,[1],1.0,2,2,"[1, 1]",0.0,0.0,0.0,0,0.0
2057,Fer_FPE03-04-05_18122021_47_8.jpg,92462836,1.0,1.36,1,1,[1],1.0,14,19,"[1, 1, 1, 1, 1, 1, 1, 1, 1, 2, 2, 2, 2, 2]",2.0,0.0,5.0,0,0.0
2058,Fer_FPE03-04-05_18122021_87_30.jpg,92462837,17.0,17.0,17,17,[17],17.0,1,17,[17],1.0,0.0,5.0,0,12.0
2059,Fer_FPE03-04-05_18122021_89_21.jpg,92462838,3.0,3.0,3,3,[3],3.0,1,3,[3],0.0,0.0,0.0,0,0.0
2060,Fer_FPE03-04-05_18122021_76_22.jpg,92462843,1.0,1.0,1,1,[1],1.0,15,15,"[1, 1, 1, 1, 1, 1, 1, 1, 1, 1, 1, 1, 1, 1, 1]",1.0,0.0,5.0,0,10.0
2061,Fer_FPE03-04-05_18122021_101_18.jpg,92462844,1.0,1.0,1,1,[1],1.0,18,18,"[1, 1, 1, 1, 1, 1, 1, 1, 1, 1, 1, 1, 1, 1, 1, 1, 1, 1]",1.0,0.0,5.0,0,13.0
2062,Fer_FPE03-04-05_18122021_114_8.jpg,92462846,1.0,1.0,1,1,[1],1.0,12,12,"[1, 1, 1, 1, 1, 1, 1, 1, 1, 1, 1, 1]",1.0,0.0,5.0,0,7.0
2063,Fer_FPE03-04-05_18122021_74_27.jpg,92462849,1.0,1.0,1,1,[1],1.0,14,14,"[1, 1, 1, 1, 1, 1, 1, 1, 1, 1, 1, 1, 1, 1]",1.0,0.0,5.0,0,9.0
2064,Fer_FPE03-04-05_18122021_45_13.jpg,92462850,1.0,1.22,1,1,[1],1.0,18,22,"[1, 1, 1, 1, 1, 1, 1, 1, 1, 1, 1, 1, 1, 1, 2, 2, 2, 2]",1.0,0.0,5.0,0,17.0
2065,Fer_FPE03-04-05_18122021_123_3.jpg,92462852,11.5,12.56,14,14,[14],14.0,18,226,"[9, 9, 10, 10, 10, 11, 11, 11, 11, 12, 14, 14, 14, 14, 14, 15, 15, 22]",15.0,0.0,5.0,0,24.0
2066,Fer_FPE03-04-05_18122021_95_18.jpg,92462853,1.0,1.0,1,1,[1],1.0,1,1,[1],0.0,0.0,0.0,0,0.0
2067,Fer_FPE03-04-05_18122021_118_5.jpg,92462854,1.0,2.1,1,1,[1],1.0,20,42,"[1, 1, 1, 1, 1, 1, 1, 1, 1, 1, 1, 1, 2, 3, 3, 3, 3, 4, 6, 6]",4.0,0.0,5.0,0,9.0
2068,Fer_FPE03-04-05_18122021_63_17.jpg,92462855,4.0,4.0,4,4,[4],4.0,1,4,[4],0.0,0.0,0.0,0,0.0
2069,Fer_FPE03-04-05_18122021_113_18.jpg,92462857,9.0,8.88,9,9,[9],9.0,17,151,"[6, 7, 7, 8, 8, 9, 9, 9, 9, 9, 9, 9, 10, 10, 10, 11, 11]",9.0,0.0,5.0,0,7.0
2070,Fer_FPE03-04-05_18122021_64_20.jpg,92462860,3.0,3.0,3,3,[3],3.0,1,3,[3],0.0,0.0,0.0,0,0.0
2071,Fer_FPE03-04-05_18122021_45_11.jpg,92462868,11.0,10.44,11,11,[11],11.0,18,188,"[7, 8, 8, 9, 9, 9, 10, 11, 11, 11, 11, 11, 11, 11, 12, 12, 13, 14]",12.0,0.0,5.0,0,10.0
2072,Fer_FPE03-04-05_18122021_74_25.jpg,92462869,1.0,1.0,1,1,[1],1.0,2,2,"[1, 1]",0.0,0.0,0.0,0,0.0
2073,Fer_FPE03-04-05_18122021_121_3.jpg,92462876,2.0,2.53,2,2,[2],2.0,17,43,"[2, 2, 2, 2, 2, 2, 2, 2, 2, 3, 3, 3, 3, 3, 3, 3, 4]",2.0,0.0,5.0,0,1.0
2074,Fer_FPE03-04-05_18122021_78_25.jpg,92462880,1.0,1.0,1,1,[1],1.0,5,5,"[1, 1, 1, 1, 1]",1.0,0.0,5.0,0,0.0
2075,Fer_FPE03-04-05_18122021_127_5.jpg,92462883,4.0,4.0,4,4,[4],4.0,18,72,"[4, 4, 4, 4, 4, 4, 4, 4, 4, 4, 4, 4, 4, 4, 4, 4, 4, 4]",4.0,0.0,5.0,0,1.0
2076,Fer_FPE03-04-05_18122021_37_3.jpg,92462886,12.0,12.0,12,12,[12],12.0,1,12,[12],1.0,0.0,5.0,0,7.0
2077,Fer_FPE03-04-05_18122021_116_16.jpg,92462887,5.0,5.0,5,5,[5],5.0,1,5,[5],1.0,0.0,5.0,0,0.0
2078,Fer_FPE03-04-05_18122021_66_31.jpg,92462888,1.0,1.09,1,1,[1],1.0,11,12,"[1, 1, 1, 1, 1, 1, 1, 1, 1, 1, 2]",1.0,0.0,5.0,0,7.0
2079,Fer_FPE03-04-05_18122021_68_20.jpg,92462889,1.0,1.0,1,1,[1],1.0,19,19,"[1, 1, 1, 1, 1, 1, 1, 1, 1, 1, 1, 1, 1, 1, 1, 1, 1, 1, 1]",2.0,0.0,5.0,0,1.0
2080,Fer_FPE03-04-05_18122021_28_4.jpg,92462892,1.0,1.0,1,1,[1],1.0,1,1,[1],0.0,0.0,0.0,0,0.0
2081,Fer_FPE03-04-05_18122021_125_7.jpg,92462895,1.0,1.0,1,1,[1],1.0,1,1,[1],0.0,0.0,0.0,0,0.0
2082,Fer_FPE03-04-05_18122021_47_14.jpg,92462898,1.0,1.0,1,1,[1],1.0,8,8,"[1, 1, 1, 1, 1, 1, 1, 1]",1.0,0.0,5.0,0,3.0
2083,Fer_FPE03-04-05_18122021_45_9.jpg,92462901,1.0,1.0,1,1,[1],1.0,1,1,[1],0.0,0.0,0.0,0,0.0
2084,Fer_FPE03-04-05_18122021_97_22.jpg,92462902,1.0,1.0,1,1,[1],1.0,1,1,[1],0.0,0.0,0.0,0,0.0
2085,Fer_FPE03-04-05_18122021_125_6.jpg,92462903,1.0,1.0,1,1,[1],1.0,1,1,[1],0.0,0.0,0.0,0,0.0
2086,Fer_FPE03-04-05_18122021_99_27.jpg,92462905,1.0,1.0,1,1,[1],1.0,1,1,[1],0.0,0.0,0.0,0,0.0
2087,Fer_FPE03-04-05_18122021_111_22.jpg,92462910,1.0,1.0,1,1,[1],1.0,1,1,[1],0.0,0.0,0.0,0,0.0
2088,Fer_FPE03-04-05_18122021_78_24.jpg,92462917,1.0,1.0,1,1,[1],1.0,1,1,[1],0.0,0.0,0.0,0,0.0
2089,Fer_FPE03-04-05_18122021_55_29.jpg,92462919,5.5,5.5,1,10,"[1, 10]",5.5,2,11,"[1, 10]",1.0,0.0,5.0,0,6.0
2090,Fer_FPE03-04-05_18122021_95_27.jpg,92462923,2.0,2.0,2,2,[2],2.0,1,2,[2],0.0,0.0,0.0,0,0.0
2091,Fer_FPE03-04-05_18122021_45_10.jpg,92462925,3.0,3.53,3,3,[3],3.0,17,60,"[1, 2, 3, 3, 3, 3, 3, 3, 3, 3, 3, 4, 4, 5, 5, 5, 7]",4.0,0.0,5.0,0,5.0
2092,Fer_FPE03-04-05_18122021_1_17.jpg,92462927,1.0,1.28,1,1,[1],1.0,18,23,"[1, 1, 1, 1, 1, 1, 1, 1, 1, 1, 1, 1, 1, 1, 1, 1, 2, 5]",1.0,0.0,5.0,0,18.0
2093,Fer_FPE03-04-05_18122021_118_6.jpg,92462929,1.0,1.67,1,1,[1],1.0,3,5,"[1, 1, 3]",1.0,0.0,5.0,0,0.0
2094,Fer_FPE03-04-05_18122021_64_21.jpg,92462930,1.0,1.0,1,1,[1],1.0,2,2,"[1, 1]",0.0,0.0,0.0,0,0.0
2095,Fer_FPE03-04-05_18122021_114_12.jpg,92462931,1.0,1.0,1,1,[1],1.0,1,1,[1],0.0,0.0,0.0,0,0.0
2096,Fer_FPE03-04-05_18122021_109_24.jpg,92462934,1.0,1.0,1,1,[1],1.0,1,1,[1],0.0,0.0,0.0,0,0.0
2097,Fer_FPE03-04-05_18122021_67_17.jpg,92462939,1.0,1.0,1,1,[1],1.0,1,1,[1],0.0,0.0,0.0,0,0.0
2098,Fer_FPE03-04-05_18122021_48_23.jpg,92462942,1.0,1.0,1,1,[1],1.0,3,3,"[1, 1, 1]",0.0,0.0,0.0,0,0.0
2099,Fer_FPE03-04-05_18122021_91_30.jpg,92462943,4.0,4.4,4,4,[4],4.0,20,88,"[4, 4, 4, 4, 4, 4, 4, 4, 4, 4, 4, 4, 5, 5, 5, 5, 5, 5, 5, 5]",5.0,0.0,5.0,0,0.0
2100,Fer_FPE03-04-05_18122021_120_5.jpg,92462947,3.0,2.77,2,2,[2],2.0,13,36,"[1, 2, 2, 2, 2, 2, 3, 3, 3, 3, 4, 4, 5]",4.0,0.0,5.0,0,10.0
2101,Fer_FPE03-04-05_18122021_93_21.jpg,92462948,9.0,7.8,9,9,[9],9.0,5,39,"[4, 8, 9, 9, 9]",4.0,0.0,5.0,0,14.0
2102,Fer_FPE03-04-05_18122021_94_28.jpg,92462949,1.0,1.0,1,1,[1],1.0,1,1,[1],0.0,0.0,0.0,0,0.0
2103,Fer_FPE03-04-05_18122021_0_18.jpg,92462951,1.0,1.46,1,1,[1],1.0,13,19,"[1, 1, 1, 1, 1, 1, 1, 1, 2, 2, 2, 2, 3]",2.0,0.0,5.0,0,1.0
2104,Fer_FPE03-04-05_18122021_75_17.jpg,92462952,1.5,1.5,1,2,"[1, 2]",1.5,2,3,"[1, 2]",0.0,0.0,0.0,0,0.0
2105,Fer_FPE03-04-05_18122021_72_22.jpg,92462954,1.0,1.0,1,1,[1],1.0,18,18,"[1, 1, 1, 1, 1, 1, 1, 1, 1, 1, 1, 1, 1, 1, 1, 1, 1, 1]",1.0,0.0,5.0,0,13.0
2106,Fer_FPE03-04-05_18122021_83_24.jpg,92462956,2.0,2.07,2,2,[2],2.0,15,31,"[1, 2, 2, 2, 2, 2, 2, 2, 2, 2, 2, 2, 2, 3, 3]",2.0,0.0,5.0,0,1.0
2107,Fer_FPE03-04-05_18122021_122_6.jpg,92462965,1.0,1.0,1,1,[1],1.0,1,1,[1],0.0,0.0,0.0,0,0.0
2108,Fer_FPE03-04-05_18122021_105_19.jpg,92462966,1.0,4.67,1,1,[1],1.0,6,28,"[1, 1, 1, 1, 2, 22]",2.0,0.0,5.0,0,5.0
2109,Fer_FPE03-04-05_18122021_72_23.jpg,92462967,1.0,1.0,1,1,[1],1.0,2,2,"[1, 1]",0.0,0.0,0.0,0,0.0
2110,Fer_FPE03-04-05_18122021_105_25.jpg,92462968,6.0,6.0,6,6,[6],6.0,1,6,[6],1.0,0.0,5.0,0,1.0
2111,Fer_FPE03-04-05_18122021_75_16.jpg,92462969,3.0,3.0,3,3,[3],3.0,1,3,[3],0.0,0.0,0.0,0,0.0
2112,Fer_FPE03-04-05_18122021_23_8.jpg,92462972,1.0,1.0,1,1,[1],1.0,2,2,"[1, 1]",0.0,0.0,0.0,0,0.0
2113,Fer_FPE03-04-05_18122021_120_4.jpg,92462973,1.0,1.43,1,1,[1],1.0,7,10,"[1, 1, 1, 1, 2, 2, 2]",1.0,0.0,5.0,0,5.0
2114,Fer_FPE03-04-05_18122021_112_15.jpg,92462974,1.0,1.0,1,1,[1],1.0,11,11,"[1, 1, 1, 1, 1, 1, 1, 1, 1, 1, 1]",1.0,0.0,5.0,0,6.0
2115,Fer_FPE03-04-05_18122021_14_13.jpg,92462976,1.5,1.5,1,2,"[1, 2]",1.5,2,3,"[1, 2]",0.0,0.0,0.0,0,0.0
2116,Fer_FPE03-04-05_18122021_48_22.jpg,92462979,1.0,1.0,1,1,[1],1.0,1,1,[1],0.0,0.0,0.0,0,0.0
2117,Fer_FPE03-04-05_18122021_56_36.jpg,92462981,1.0,1.0,1,1,[1],1.0,1,1,[1],0.0,0.0,0.0,0,0.0
2118,Fer_FPE03-04-05_18122021_34_6.jpg,92462983,1.0,1.0,1,1,[1],1.0,1,1,[1],0.0,0.0,0.0,0,0.0
2119,Fer_FPE03-04-05_18122021_51_17.jpg,92462984,2.0,2.0,2,2,[2],2.0,1,2,[2],0.0,0.0,0.0,0,0.0
2120,Fer_FPE03-04-05_18122021_70_26.jpg,92462987,3.0,3.0,3,3,[3],3.0,1,3,[3],0.0,0.0,0.0,0,0.0
2121,Fer_FPE03-04-05_18122021_107_20.jpg,92462988,26.5,26.5,25,28,"[25, 28]",26.5,2,53,"[25, 28]",1.0,0.0,5.0,0,11.0
2122,Fer_FPE03-04-05_18122021_107_22.jpg,92462989,1.0,1.0,1,1,[1],1.0,3,3,"[1, 1, 1]",0.0,0.0,0.0,0,0.0
2123,Fer_FPE03-04-05_18122021_124_2.jpg,92462992,1.0,1.0,1,1,[1],1.0,4,4,"[1, 1, 1, 1]",0.0,0.0,0.0,0,0.0
2124,Fer_FPE03-04-05_18122021_81_22.jpg,92462993,2.0,1.67,1,2,"[1, 2]",1.5,9,15,"[1, 1, 1, 1, 2, 2, 2, 2, 3]",2.0,0.0,5.0,0,0.0
2125,Fer_FPE03-04-05_18122021_60_21.jpg,92462998,2.0,2.0,2,2,[2],2.0,1,2,[2],0.0,0.0,0.0,0,0.0
2126,Fer_FPE03-04-05_18122021_91_27.jpg,92462999,1.0,1.0,1,1,[1],1.0,18,18,"[1, 1, 1, 1, 1, 1, 1, 1, 1, 1, 1, 1, 1, 1, 1, 1, 1, 1]",2.0,0.0,5.0,0,0.0
2127,Fer_FPE03-04-05_18122021_36_6.jpg,92463001,1.0,1.0,1,1,[1],1.0,17,17,"[1, 1, 1, 1, 1, 1, 1, 1, 1, 1, 1, 1, 1, 1, 1, 1, 1]",1.0,0.0,5.0,0,12.0
2128,Fer_FPE03-04-05_18122021_5_17.jpg,92463002,1.0,1.31,1,1,[1],1.0,16,21,"[1, 1, 1, 1, 1, 1, 1, 1, 1, 1, 1, 1, 1, 1, 1, 6]",1.0,0.0,5.0,0,16.0
2129,Fer_FPE03-04-05_18122021_112_17.jpg,92463004,1.0,1.27,1,1,[1],1.0,11,14,"[1, 1, 1, 1, 1, 1, 1, 1, 1, 2, 3]",1.0,0.0,5.0,0,9.0
2130,Fer_FPE03-04-05_18122021_93_22.jpg,92463007,12.0,11.67,12,12,[12],12.0,18,210,"[2, 10, 10, 12, 12, 12, 12, 12, 12, 12, 12, 12, 12, 13, 13, 13, 14, 15]",12.0,0.0,5.0,0,4.0
2131,Fer_FPE03-04-05_18122021_122_4.jpg,92463013,33.0,33.5,41,41,[41],41.0,16,536,"[20, 21, 24, 25, 25, 29, 30, 33, 33, 39, 41, 41, 41, 42, 43, 49]",43.0,0.0,5.0,0,75.0
2132,Fer_FPE03-04-05_18122021_54_31.jpg,92463015,1.0,1.0,1,1,[1],1.0,2,2,"[1, 1]",0.0,0.0,0.0,0,0.0
2133,Fer_FPE03-04-05_18122021_54_25.jpg,92463016,1.0,1.0,1,1,[1],1.0,9,9,"[1, 1, 1, 1, 1, 1, 1, 1, 1]",1.0,0.0,5.0,0,4.0
2134,Fer_FPE03-04-05_18122021_54_30.jpg,92463018,1.5,1.5,1,2,"[1, 2]",1.5,4,6,"[1, 1, 2, 2]",1.0,0.0,5.0,0,1.0
2135,Fer_FPE03-04-05_18122021_122_5.jpg,92463019,1.0,1.0,1,1,[1],1.0,9,9,"[1, 1, 1, 1, 1, 1, 1, 1, 1]",1.0,0.0,5.0,0,4.0
2136,Fer_FPE03-04-05_18122021_16_15.jpg,92463022,1.0,1.46,1,1,[1],1.0,13,19,"[1, 1, 1, 1, 1, 1, 1, 1, 2, 2, 2, 2, 3]",2.0,0.0,5.0,0,1.0
2137,Fer_FPE03-04-05_18122021_43_14.jpg,92463025,2.5,2.5,1,4,"[1, 4]",2.5,2,5,"[1, 4]",1.0,0.0,5.0,0,0.0
2138,Fer_FPE03-04-05_18122021_93_23.jpg,92463026,2.0,1.67,2,2,[2],2.0,3,5,"[1, 2, 2]",1.0,0.0,5.0,0,0.0
2139,Fer_FPE03-04-05_18122021_40_8.jpg,92463028,6.0,6.22,7,7,[7],7.0,18,112,"[2, 3, 5, 5, 5, 5, 6, 6, 6, 6, 7, 7, 7, 7, 7, 8, 10, 10]",7.0,0.0,5.0,0,7.0
2140,Fer_FPE03-04-05_18122021_112_16.jpg,92463029,1.0,1.0,1,1,[1],1.0,12,12,"[1, 1, 1, 1, 1, 1, 1, 1, 1, 1, 1, 1]",1.0,0.0,5.0,0,6.0
2141,Fer_FPE03-04-05_18122021_62_19.jpg,92463030,1.0,1.0,1,1,[1],1.0,1,1,[1],0.0,0.0,0.0,0,0.0
2142,Fer_FPE03-04-05_18122021_91_26.jpg,92463032,2.0,1.89,2,2,[2],2.0,18,34,"[1, 1, 2, 2, 2, 2, 2, 2, 2, 2, 2, 2, 2, 2, 2, 2, 2, 2]",2.0,0.0,5.0,0,0.0
2143,Fer_FPE03-04-05_18122021_38_8.jpg,92463035,2.0,2.0,2,2,[2],2.0,1,2,[2],0.0,0.0,0.0,0,0.0
2144,Fer_FPE03-04-05_18122021_56_35.jpg,92463036,1.0,1.0,1,1,[1],1.0,16,16,"[1, 1, 1, 1, 1, 1, 1, 1, 1, 1, 1, 1, 1, 1, 1, 1]",1.0,0.0,5.0,0,1.0
2145,Fer_FPE03-04-05_18122021_81_23.jpg,92463037,2.0,2.67,1,5,"[1, 2, 5]",2.6666666666666665,3,8,"[1, 2, 5]",1.0,0.0,5.0,0,3.0
2146,Fer_FPE03-04-05_18122021_70_19.jpg,92463039,4.0,4.0,4,4,[4],4.0,1,4,[4],0.0,0.0,0.0,0,0.0
2147,Fer_FPE03-04-05_18122021_107_23.jpg,92463040,1.0,1.0,1,1,[1],1.0,1,1,[1],0.0,0.0,0.0,0,0.0
2148,Fer_FPE03-04-05_18122021_22_15.jpg,92463041,1.5,1.5,1,2,"[1, 2]",1.5,2,3,"[1, 2]",0.0,0.0,0.0,0,0.0
2149,Fer_FPE03-04-05_18122021_110_17.jpg,92463052,2.0,2.16,2,2,[2],2.0,19,41,"[2, 2, 2, 2, 2, 2, 2, 2, 2, 2, 2, 2, 2, 2, 2, 2, 2, 2, 5]",2.0,0.0,5.0,0,3.0
2150,Fer_FPE03-04-05_18122021_60_18.jpg,92463053,2.0,2.0,2,2,[2],2.0,1,2,[2],0.0,0.0,0.0,0,0.0
2151,Fer_FPE03-04-05_18122021_14_14.jpg,92463055,1.0,1.0,1,1,[1],1.0,2,2,"[1, 1]",0.0,0.0,0.0,0,0.0
2152,Fer_FPE03-04-05_18122021_126_5.jpg,92463056,4.0,4.17,4,4,[4],4.0,18,75,"[2, 3, 3, 3, 4, 4, 4, 4, 4, 4, 4, 4, 5, 5, 5, 5, 6, 6]",5.0,0.0,5.0,0,4.0
2153,Fer_FPE03-04-05_18122021_91_22.jpg,92463057,1.0,1.0,1,1,[1],1.0,1,1,[1],0.0,0.0,0.0,0,0.0
2154,Fer_FPE03-04-05_18122021_11_18.jpg,92463060,1.0,1.0,1,1,[1],1.0,1,1,[1],0.0,0.0,0.0,0,0.0
2155,Fer_FPE03-04-05_18122021_16_11.jpg,92463061,3.0,3.38,3,3,[3],3.0,16,54,"[2, 2, 3, 3, 3, 3, 3, 3, 3, 3, 3, 3, 3, 3, 4, 10]",2.0,0.0,5.0,0,3.0
2156,Fer_FPE03-04-05_18122021_43_10.jpg,92463063,2.0,2.0,2,2,[2],2.0,1,2,[2],0.0,0.0,0.0,0,0.0
2157,Fer_FPE03-04-05_18122021_120_3.jpg,92463065,1.0,1.0,1,1,[1],1.0,1,1,[1],0.0,0.0,0.0,0,0.0
2158,Fer_FPE03-04-05_18122021_105_22.jpg,92463068,4.0,3.47,4,4,[4],4.0,19,66,"[1, 2, 2, 2, 3, 3, 3, 4, 4, 4, 4, 4, 4, 4, 4, 4, 4, 4, 6]",5.0,0.0,5.0,0,7.0
2159,Fer_FPE03-04-05_18122021_72_18.jpg,92463069,1.0,1.05,1,1,[1],1.0,19,20,"[1, 1, 1, 1, 1, 1, 1, 1, 1, 1, 1, 1, 1, 1, 1, 1, 1, 1, 2]",1.0,0.0,5.0,0,6.0
2160,Fer_FPE03-04-05_18122021_83_23.jpg,92463075,3.0,2.55,3,3,[3],3.0,20,51,"[2, 2, 2, 2, 2, 2, 2, 2, 2, 3, 3, 3, 3, 3, 3, 3, 3, 3, 3, 3]",3.0,0.0,5.0,0,0.0
2161,Fer_FPE03-04-05_18122021_117_9.jpg,92463076,1.0,1.0,1,1,[1],1.0,1,1,[1],0.0,0.0,0.0,0,0.0
2162,Fer_FPE03-04-05_18122021_32_6.jpg,92463077,2.0,2.0,2,2,[2],2.0,1,2,[2],0.0,0.0,0.0,0,0.0
2163,Fer_FPE03-04-05_18122021_54_35.jpg,92463079,1.0,1.0,1,1,[1],1.0,1,1,[1],0.0,0.0,0.0,0,0.0
2164,Fer_FPE03-04-05_18122021_72_19.jpg,92463080,1.0,1.12,1,1,[1],1.0,16,18,"[1, 1, 1, 1, 1, 1, 1, 1, 1, 1, 1, 1, 1, 1, 2, 2]",1.0,0.0,5.0,0,13.0
2165,Fer_FPE03-04-05_18122021_119_6.jpg,92463082,2.0,2.0,2,2,[2],2.0,1,2,[2],0.0,0.0,0.0,0,0.0
2166,Fer_FPE03-04-05_18122021_93_26.jpg,92463084,2.0,1.94,2,2,[2],2.0,16,31,"[1, 2, 2, 2, 2, 2, 2, 2, 2, 2, 2, 2, 2, 2, 2, 2]",2.0,0.0,5.0,0,0.0
2167,Fer_FPE03-04-05_18122021_91_23.jpg,92463093,5.0,5.05,5,5,[5],5.0,20,101,"[5, 5, 5, 5, 5, 5, 5, 5, 5, 5, 5, 5, 5, 5, 5, 5, 5, 5, 5, 6]",8.0,0.0,5.0,0,5.0
2168,Fer_FPE03-04-05_18122021_81_26.jpg,92463099,3.0,3.0,4,4,[4],4.0,15,45,"[1, 1, 2, 2, 3, 3, 3, 3, 3, 4, 4, 4, 4, 4, 4]",4.0,0.0,5.0,0,0.0
2169,Fer_FPE03-04-05_18122021_29_5.jpg,92463103,1.0,1.17,1,1,[1],1.0,18,21,"[1, 1, 1, 1, 1, 1, 1, 1, 1, 1, 1, 1, 1, 1, 1, 1, 2, 3]",2.0,0.0,5.0,0,3.0
2170,Fer_FPE03-04-05_18122021_109_23.jpg,92463104,1.0,1.41,1,1,[1],1.0,17,24,"[1, 1, 1, 1, 1, 1, 1, 1, 1, 1, 2, 2, 2, 2, 2, 2, 2]",2.0,0.0,5.0,0,0.0
2171,Fer_FPE03-04-05_18122021_22_16.jpg,92463108,1.0,1.11,1,1,[1],1.0,18,20,"[1, 1, 1, 1, 1, 1, 1, 1, 1, 1, 1, 1, 1, 1, 1, 1, 2, 2]",1.0,0.0,5.0,0,14.0
2172,Fer_FPE03-04-05_18122021_81_24.jpg,92463113,3.0,3.0,3,3,[3],3.0,13,39,"[1, 3, 3, 3, 3, 3, 3, 3, 3, 3, 3, 4, 4]",2.0,0.0,5.0,0,0.0
2173,Fer_FPE03-04-05_18122021_69_17.jpg,92463115,1.0,1.0,1,1,[1],1.0,1,1,[1],0.0,0.0,0.0,0,0.0
2174,Fer_FPE03-04-05_18122021_48_6.jpg,92463117,3.0,3.59,3,3,[3],3.0,17,61,"[3, 3, 3, 3, 3, 3, 3, 3, 3, 3, 3, 3, 3, 3, 3, 4, 12]",3.0,0.0,5.0,0,3.0
2175,Fer_FPE03-04-05_18122021_14_17.jpg,92463118,4.0,5.33,1,11,"[1, 4, 11]",5.333333333333333,3,16,"[1, 4, 11]",1.0,0.0,5.0,0,11.0
2176,Fer_FPE03-04-05_18122021_2_18.jpg,92463119,3.0,2.74,3,3,[3],3.0,19,52,"[1, 2, 2, 2, 2, 2, 3, 3, 3, 3, 3, 3, 3, 3, 3, 3, 3, 4, 4]",3.0,0.0,5.0,0,3.0
2177,Fer_FPE03-04-05_18122021_46_9.jpg,92463120,47.0,48.5,47,47,[47],47.0,18,873,"[18, 20, 27, 34, 38, 39, 42, 44, 47, 47, 50, 51, 55, 63, 67, 69, 80, 82]",66.0,0.0,5.0,0,113.0
2178,Fer_FPE03-04-05_18122021_91_21.jpg,92463121,1.0,1.11,1,1,[1],1.0,18,20,"[1, 1, 1, 1, 1, 1, 1, 1, 1, 1, 1, 1, 1, 1, 1, 1, 2, 2]",1.0,0.0,5.0,0,6.0
2179,Fer_FPE03-04-05_18122021_18_17.jpg,92463131,1.0,1.0,1,1,[1],1.0,1,1,[1],0.0,0.0,0.0,0,0.0
2180,Fer_FPE03-04-05_18122021_119_4.jpg,92463133,1.0,1.38,1,1,[1],1.0,8,11,"[1, 1, 1, 1, 1, 2, 2, 2]",1.0,0.0,5.0,0,6.0
2181,Fer_FPE03-04-05_18122021_105_21.jpg,92463134,1.0,1.07,1,1,[1],1.0,14,15,"[1, 1, 1, 1, 1, 1, 1, 1, 1, 1, 1, 1, 1, 2]",1.0,0.0,5.0,0,9.0
2182,Fer_FPE03-04-05_18122021_84_29.jpg,92463139,1.0,1.0,1,1,[1],1.0,16,16,"[1, 1, 1, 1, 1, 1, 1, 1, 1, 1, 1, 1, 1, 1, 1, 1]",1.0,0.0,5.0,0,1.0
2183,Fer_FPE03-04-05_18122021_122_3.jpg,92463140,34.5,35.06,34,34,[34],34.0,18,631,"[18, 21, 24, 32, 33, 34, 34, 34, 34, 35, 37, 38, 39, 40, 42, 44, 46, 46]",44.0,0.0,5.0,0,56.0
2184,Fer_FPE03-04-05_18122021_119_5.jpg,92463142,5.0,4.44,5,5,[5],5.0,18,80,"[1, 3, 3, 3, 4, 4, 4, 4, 5, 5, 5, 5, 5, 5, 6, 6, 6, 6]",6.0,0.0,5.0,0,0.0
2185,Fer_FPE03-04-05_18122021_30_7.jpg,92463144,1.0,1.0,1,1,[1],1.0,1,1,[1],0.0,0.0,0.0,0,0.0
2186,Fer_FPE03-04-05_18122021_93_25.jpg,92463146,1.0,1.0,1,1,[1],1.0,1,1,[1],0.0,0.0,0.0,0,0.0
2187,Fer_FPE03-04-05_18122021_62_23.jpg,92463151,2.0,2.0,2,2,[2],2.0,1,2,[2],0.0,0.0,0.0,0,0.0
2188,Fer_FPE03-04-05_18122021_27_9.jpg,92463160,2.0,2.0,2,2,[2],2.0,1,2,[2],0.0,0.0,0.0,0,0.0
2189,Fer_FPE03-04-05_18122021_81_25.jpg,92463161,1.0,1.1,1,1,[1],1.0,10,11,"[1, 1, 1, 1, 1, 1, 1, 1, 1, 2]",1.0,0.0,5.0,0,6.0
2190,Fer_FPE03-04-05_18122021_88_29.jpg,92463162,1.0,1.0,1,1,[1],1.0,4,4,"[1, 1, 1, 1]",0.0,0.0,0.0,0,0.0
2191,Fer_FPE03-04-05_18122021_107_25.jpg,92463165,1.0,1.0,1,1,[1],1.0,4,4,"[1, 1, 1, 1]",0.0,0.0,0.0,0,0.0
2192,Fer_FPM01-02_20012023_34_5.jpg,92463171,2.0,2.38,2,2,[2],2.0,21,50,"[2, 2, 2, 2, 2, 2, 2, 2, 2, 2, 2, 2, 2, 3, 3, 3, 3, 3, 3, 3, 3]",4.0,0.0,5.0,0,2.0
2193,Fer_FPM01-02_20012023_23_107.jpg,92463174,1.0,1.0,1,1,[1],1.0,2,2,"[1, 1]",0.0,0.0,0.0,0,0.0
2194,Fer_FPM01-02_20012023_23_113.jpg,92463175,8.0,8.0,8,8,[8],8.0,1,8,[8],1.0,0.0,5.0,0,3.0
2195,Fer_FPM01-02_20012023_33_107.jpg,92463176,5.0,6.11,4,4,[4],4.0,9,55,"[3, 4, 4, 4, 5, 6, 7, 8, 14]",5.0,0.0,5.0,0,11.0
2196,Fer_FPM01-02_20012023_15_111.jpg,92463178,4.0,3.65,4,4,[4],4.0,17,62,"[1, 2, 2, 3, 3, 3, 3, 4, 4, 4, 4, 4, 4, 5, 5, 5, 6]",3.0,0.0,5.0,0,3.0
2197,Fer_FPM01-02_20012023_36_7.jpg,92463179,2.0,2.29,2,2,[2],2.0,17,39,"[2, 2, 2, 2, 2, 2, 2, 2, 2, 2, 2, 2, 3, 3, 3, 3, 3]",4.0,0.0,5.0,0,0.0
2198,Fer_FPM01-02_20012023_28_11.jpg,92463180,20.0,20.0,20,20,[20],20.0,1,20,[20],1.0,0.0,5.0,0,0.0
2199,Fer_FPM01-02_20012023_7_125.jpg,92463182,1.5,1.5,1,2,"[1, 2]",1.5,4,6,"[1, 1, 2, 2]",1.0,0.0,5.0,0,1.0
2200,Fer_FPM01-02_20012023_41_64.jpg,92463185,2.0,2.0,2,2,[2],2.0,1,2,[2],0.0,0.0,0.0,0,0.0
2201,Fer_FPM01-02_20012023_32_102.jpg,92463186,2.0,2.0,2,2,[2],2.0,1,2,[2],0.0,0.0,0.0,0,0.0
2202,Fer_FPM01-02_20012023_35_97.jpg,92463187,1.0,1.0,1,1,[1],1.0,1,1,[1],0.0,0.0,0.0,0,0.0
2203,Fer_FPM01-02_20012023_24_11.jpg,92463195,1.0,1.0,1,1,[1],1.0,1,1,[1],0.0,0.0,0.0,0,0.0
2204,Fer_FPM01-02_20012023_40_102.jpg,92463196,11.0,11.17,11,13,"[11, 13]",12.0,18,201,"[1, 9, 9, 10, 10, 10, 11, 11, 11, 11, 12, 12, 13, 13, 13, 13, 15, 17]",12.0,0.0,5.0,0,10.0
2205,Fer_FPM01-02_20012023_11_119.jpg,92463197,38.0,38.94,44,44,[44],44.0,17,662,"[4, 19, 22, 26, 30, 31, 33, 37, 38, 39, 43, 44, 44, 52, 60, 63, 77]",52.0,0.0,5.0,0,80.0
2206,Fer_FPM01-02_20012023_27_127.jpg,92463198,29.0,21.0,1,33,"[1, 29, 33]",21.0,3,63,"[1, 29, 33]",3.0,0.0,5.0,0,2.0
2207,Fer_FPM01-02_20012023_37_92.jpg,92463199,1.0,1.0,1,1,[1],1.0,1,1,[1],0.0,0.0,0.0,0,0.0
2208,Fer_FPM01-02_20012023_39_97.jpg,92463200,1.0,1.0,1,1,[1],1.0,1,1,[1],0.0,0.0,0.0,0,0.0
2209,Fer_FPM01-02_20012023_11_125.jpg,92463201,1.0,1.14,1,1,[1],1.0,14,16,"[1, 1, 1, 1, 1, 1, 1, 1, 1, 1, 1, 1, 2, 2]",1.0,0.0,5.0,0,10.0
2210,Fer_FPM01-02_20012023_26_122.jpg,92463204,1.0,1.42,1,1,[1],1.0,12,17,"[1, 1, 1, 1, 1, 1, 1, 2, 2, 2, 2, 2]",1.0,0.0,5.0,0,12.0
2211,Fer_FPM01-02_20012023_10_120.jpg,92463205,8.0,7.95,5,10,"[5, 8, 9, 10]",8.0,19,151,"[4, 5, 5, 5, 6, 6, 7, 7, 8, 8, 8, 9, 9, 9, 10, 10, 10, 11, 14]",10.0,0.0,5.0,0,6.0
2212,Fer_FPM01-02_20012023_10_121.jpg,92463206,13.0,12.33,7,16,"[7, 11, 13, 16]",11.75,18,222,"[5, 7, 7, 7, 10, 11, 11, 11, 13, 13, 13, 14, 16, 16, 16, 17, 17, 18]",16.0,0.0,5.0,0,16.0
2213,Fer_FPM01-02_20012023_26_123.jpg,92463207,5.0,5.44,4,5,"[4, 5]",4.5,18,98,"[4, 4, 4, 4, 4, 4, 5, 5, 5, 5, 5, 5, 6, 6, 7, 7, 7, 11]",8.0,0.0,5.0,0,3.0
2214,Fer_FPM01-02_20012023_41_106.jpg,92463208,1.0,1.67,1,1,[1],1.0,3,5,"[1, 1, 3]",1.0,0.0,5.0,0,0.0
2215,Fer_FPM01-02_20012023_39_96.jpg,92463210,5.0,5.11,4,4,[4],4.0,18,92,"[4, 4, 4, 4, 4, 4, 4, 4, 5, 5, 6, 6, 6, 6, 6, 6, 7, 7]",7.0,0.0,5.0,0,4.0
2216,Fer_FPM01-02_20012023_11_124.jpg,92463211,2.0,2.0,1,3,"[1, 3]",2.0,17,34,"[1, 1, 1, 1, 1, 1, 1, 2, 2, 2, 3, 3, 3, 3, 3, 3, 3]",3.0,0.0,5.0,0,0.0
2217,Fer_FPM01-02_20012023_27_126.jpg,92463212,3.0,3.54,2,2,[2],2.0,13,46,"[2, 2, 2, 2, 3, 3, 3, 4, 4, 4, 5, 5, 7]",4.0,0.0,5.0,0,3.0
2218,Fer_FPM01-02_20012023_11_118.jpg,92463214,24.5,53.93,18,18,[18],18.0,14,755,"[8, 13, 15, 17, 18, 18, 23, 26, 32, 33, 40, 42, 80, 390]",56.0,0.0,5.0,0,90.0
2219,Fer_FPM01-02_20012023_40_103.jpg,92463216,37.0,36.65,45,45,[45],45.0,17,623,"[5, 28, 30, 34, 35, 35, 36, 37, 37, 40, 41, 42, 44, 44, 45, 45, 45]",49.0,0.0,5.0,0,41.0
2220,Fer_FPM01-02_20012023_37_78.jpg,92463217,5.0,5.0,3,7,"[3, 7]",5.0,2,10,"[3, 7]",1.0,0.0,5.0,0,5.0
2221,Fer_FPM01-02_20012023_40_9.jpg,92463218,1.0,1.0,1,1,[1],1.0,1,1,[1],0.0,0.0,0.0,0,0.0
2222,Fer_FPM01-02_20012023_39_69.jpg,92463219,2.5,2.5,1,4,"[1, 4]",2.5,2,5,"[1, 4]",1.0,0.0,5.0,0,0.0
2223,Fer_FPM01-02_20012023_19_122.jpg,92463220,19.0,19.0,19,19,[19],19.0,1,19,[19],1.0,0.0,5.0,0,14.0
2224,Fer_FPM01-02_20012023_41_59.jpg,92463221,1.5,1.5,1,2,"[1, 2]",1.5,2,3,"[1, 2]",0.0,0.0,0.0,0,0.0
2225,Fer_FPM01-02_20012023_38_9.jpg,92463223,1.0,1.0,1,1,[1],1.0,1,1,[1],0.0,0.0,0.0,0,0.0
2226,Fer_FPM01-02_20012023_7_124.jpg,92463227,1.0,1.0,1,1,[1],1.0,1,1,[1],0.0,0.0,0.0,0,0.0
2227,Fer_FPM01-02_20012023_36_6.jpg,92463230,1.0,1.0,1,1,[1],1.0,8,8,"[1, 1, 1, 1, 1, 1, 1, 1]",1.0,0.0,5.0,0,3.0
2228,Fer_FPM01-02_20012023_18_127.jpg,92463231,5.0,5.5,5,5,[5],5.0,18,99,"[3, 4, 4, 4, 4, 5, 5, 5, 5, 5, 5, 6, 6, 6, 6, 8, 9, 9]",6.0,0.0,5.0,0,4.0
2229,Fer_FPM01-02_20012023_15_110.jpg,92463232,6.5,7.79,6,6,[6],6.0,14,109,"[1, 3, 4, 5, 6, 6, 6, 7, 8, 9, 11, 11, 14, 18]",10.0,0.0,5.0,0,16.0
2230,Fer_FPM01-02_20012023_33_106.jpg,92463234,1.0,1.0,1,1,[1],1.0,1,1,[1],0.0,0.0,0.0,0,0.0
2231,Fer_FPM01-02_20012023_23_106.jpg,92463235,5.0,5.0,5,5,[5],5.0,1,5,[5],1.0,0.0,5.0,0,0.0
2232,Fer_FPM01-02_20012023_36_10.jpg,92463237,1.0,1.0,1,1,[1],1.0,14,14,"[1, 1, 1, 1, 1, 1, 1, 1, 1, 1, 1, 1, 1, 1]",1.0,0.0,5.0,0,8.0
2233,Fer_FPM01-02_20012023_34_6.jpg,92463238,8.0,8.0,3,13,"[3, 13]",8.0,2,16,"[3, 13]",1.0,0.0,5.0,0,2.0
2234,Fer_FPM01-02_20012023_33_104.jpg,92463240,1.0,1.0,1,1,[1],1.0,3,3,"[1, 1, 1]",0.0,0.0,0.0,0,0.0
2235,Fer_FPM01-02_20012023_23_110.jpg,92463241,12.0,11.0,4,16,"[4, 7, 10, 14, 15, 16]",11.0,6,66,"[4, 7, 10, 14, 15, 16]",8.0,0.0,5.0,0,3.0
2236,Fer_FPM01-02_20012023_18_119.jpg,92463243,5.0,5.0,5,5,[5],5.0,1,5,[5],1.0,0.0,5.0,0,0.0
2237,Fer_FPM01-02_20012023_28_12.jpg,92463246,3.0,3.0,3,3,[3],3.0,1,3,[3],0.0,0.0,0.0,0,0.0
2238,Fer_FPM01-02_20012023_41_98.jpg,92463247,4.0,3.38,4,4,[4],4.0,13,44,"[1, 2, 2, 2, 3, 3, 4, 4, 4, 4, 5, 5, 5]",5.0,0.0,5.0,0,0.0
2239,Fer_FPM01-02_20012023_41_73.jpg,92463248,1.0,1.0,1,1,[1],1.0,10,10,"[1, 1, 1, 1, 1, 1, 1, 1, 1, 1]",1.0,0.0,5.0,0,5.0
2240,Fer_FPM01-02_20012023_32_101.jpg,92463249,1.0,1.0,1,1,[1],1.0,4,4,"[1, 1, 1, 1]",0.0,0.0,0.0,0,0.0
2241,Fer_FPM01-02_20012023_22_115.jpg,92463250,1.0,1.0,1,1,[1],1.0,3,3,"[1, 1, 1]",0.0,0.0,0.0,0,0.0
2242,Fer_FPM01-02_20012023_41_67.jpg,92463251,6.0,5.11,1,8,"[1, 7, 8]",5.333333333333333,9,46,"[1, 1, 3, 5, 6, 7, 7, 8, 8]",4.0,0.0,5.0,0,15.0
2243,Fer_FPM01-02_20012023_19_120.jpg,92463253,1.0,1.0,1,1,[1],1.0,1,1,[1],0.0,0.0,0.0,0,0.0
2244,Fer_FPM01-02_20012023_24_12.jpg,92463257,1.5,1.5,1,2,"[1, 2]",1.5,2,3,"[1, 2]",0.0,0.0,0.0,0,0.0
2245,Fer_FPM01-02_20012023_37_91.jpg,92463258,7.0,8.06,5,10,"[5, 10]",7.5,18,145,"[1, 3, 4, 5, 5, 5, 6, 6, 7, 7, 10, 10, 10, 12, 12, 13, 13, 16]",10.0,0.0,5.0,0,25.0
2246,Fer_FPM01-02_20012023_27_124.jpg,92463259,27.0,25.93,30,30,[30],30.0,15,389,"[15, 22, 22, 23, 23, 24, 25, 27, 28, 28, 30, 30, 30, 30, 32]",29.0,0.0,5.0,0,29.0
2247,Fer_FPM01-02_20012023_27_130.jpg,92463260,1.0,1.0,1,1,[1],1.0,2,2,"[1, 1]",0.0,0.0,0.0,0,0.0
2248,Fer_FPM01-02_20012023_27_118.jpg,92463262,2.0,2.36,2,2,[2],2.0,11,26,"[1, 1, 1, 2, 2, 2, 2, 3, 3, 3, 6]",2.0,0.0,5.0,0,7.0
2249,Fer_FPM01-02_20012023_11_126.jpg,92463263,10.0,10.35,9,9,[9],9.0,17,176,"[2, 7, 7, 8, 9, 9, 9, 10, 10, 11, 12, 12, 13, 13, 14, 15, 15]",12.0,0.0,5.0,0,3.0
2250,Fer_FPM01-02_20012023_39_94.jpg,92463264,1.0,1.0,1,1,[1],1.0,3,3,"[1, 1, 1]",0.0,0.0,0.0,0,0.0
2251,Fer_FPM01-02_20012023_41_104.jpg,92463266,1.0,1.0,1,1,[1],1.0,2,2,"[1, 1]",0.0,0.0,0.0,0,0.0
2252,Fer_FPM01-02_20012023_26_109.jpg,92463268,9.0,8.74,12,13,"[12, 13]",12.5,19,166,"[2, 3, 4, 6, 6, 7, 7, 8, 8, 9, 10, 10, 11, 12, 12, 12, 13, 13, 13]",15.0,0.0,5.0,0,6.0
2253,Fer_FPM01-02_20012023_10_123.jpg,92463270,3.0,3.0,3,3,[3],3.0,1,3,[3],0.0,0.0,0.0,0,0.0
2254,Fer_FPM01-02_20012023_36_108.jpg,92463271,1.0,1.33,1,1,[1],1.0,3,4,"[1, 1, 2]",0.0,0.0,0.0,0,0.0
2255,Fer_FPM01-02_20012023_10_122.jpg,92463272,5.5,5.28,6,6,[6],6.0,18,95,"[1, 3, 5, 5, 5, 5, 5, 5, 5, 6, 6, 6, 6, 6, 6, 6, 6, 8]",7.0,0.0,5.0,0,3.0
2256,Fer_FPM01-02_20012023_26_108.jpg,92463273,6.0,5.14,6,6,[6],6.0,14,72,"[2, 3, 3, 3, 5, 5, 6, 6, 6, 6, 6, 6, 7, 8]",6.0,0.0,5.0,0,0.0
2257,Fer_FPM01-02_20012023_26_120.jpg,92463274,2.0,2.0,2,2,[2],2.0,1,2,[2],0.0,0.0,0.0,0,0.0
2258,Fer_FPM01-02_20012023_41_105.jpg,92463275,2.0,3.0,2,2,[2],2.0,11,33,"[1, 1, 2, 2, 2, 2, 3, 3, 4, 5, 8]",4.0,0.0,5.0,0,5.0
2259,Fer_FPM01-02_20012023_42_8.jpg,92463276,1.0,1.0,1,1,[1],1.0,1,1,[1],0.0,0.0,0.0,0,0.0
2260,Fer_FPM01-02_20012023_39_95.jpg,92463277,1.0,1.18,1,1,[1],1.0,17,20,"[1, 1, 1, 1, 1, 1, 1, 1, 1, 1, 1, 1, 1, 1, 2, 2, 2]",1.0,0.0,5.0,0,15.0
2261,Fer_FPM01-02_20012023_27_119.jpg,92463279,4.0,4.62,4,4,[4],4.0,13,60,"[1, 3, 3, 4, 4, 4, 4, 4, 4, 5, 5, 9, 10]",4.0,0.0,5.0,0,5.0
2262,Fer_FPM01-02_20012023_37_90.jpg,92463280,6.0,5.89,6,7,"[6, 7]",6.5,19,112,"[1, 5, 5, 5, 5, 5, 6, 6, 6, 6, 6, 6, 7, 7, 7, 7, 7, 7, 8]",7.0,0.0,5.0,0,0.0
2263,Fer_FPM01-02_20012023_27_125.jpg,92463282,7.0,7.37,7,7,[7],7.0,19,140,"[4, 4, 4, 4, 5, 5, 6, 6, 7, 7, 7, 7, 7, 7, 11, 11, 12, 12, 14]",14.0,0.0,5.0,0,6.0
2264,Fer_FPM01-02_20012023_40_100.jpg,92463283,1.0,1.9,1,1,[1],1.0,10,19,"[1, 1, 1, 1, 1, 1, 1, 1, 3, 8]",2.0,0.0,5.0,0,3.0
2265,Fer_FPM01-02_20012023_23_9.jpg,92463285,1.0,1.0,1,1,[1],1.0,1,1,[1],0.0,0.0,0.0,0,0.0
2266,Fer_FPM01-02_20012023_22_128.jpg,92463286,2.0,1.67,1,2,"[1, 2]",1.5,9,15,"[1, 1, 1, 1, 2, 2, 2, 2, 3]",2.0,0.0,5.0,0,0.0
2267,Fer_FPM01-02_20012023_19_121.jpg,92463288,1.0,1.57,1,1,[1],1.0,14,22,"[1, 1, 1, 1, 1, 1, 1, 1, 1, 1, 1, 2, 4, 5]",2.0,0.0,5.0,0,10.0
2268,Fer_FPM01-02_20012023_41_66.jpg,92463290,1.0,1.33,1,1,[1],1.0,3,4,"[1, 1, 2]",0.0,0.0,0.0,0,0.0
2269,Fer_FPM01-02_20012023_22_114.jpg,92463291,1.0,1.0,1,1,[1],1.0,1,1,[1],0.0,0.0,0.0,0,0.0
2270,Fer_FPM01-02_20012023_41_99.jpg,92463293,5.0,4.88,1,1,[1],1.0,17,83,"[1, 1, 1, 1, 1, 2, 2, 3, 5, 5, 5, 6, 6, 8, 10, 11, 15]",8.0,0.0,5.0,0,8.0
2271,Fer_FPM01-02_20012023_36_5.jpg,92463294,1.0,1.0,1,1,[1],1.0,1,1,[1],0.0,0.0,0.0,0,0.0
2272,Fer_FPM01-02_20012023_18_124.jpg,92463295,1.0,1.0,1,1,[1],1.0,1,1,[1],0.0,0.0,0.0,0,0.0
2273,Fer_FPM01-02_20012023_15_107.jpg,92463296,1.0,1.0,1,1,[1],1.0,1,1,[1],0.0,0.0,0.0,0,0.0
2274,Fer_FPM01-02_20012023_23_105.jpg,92463297,2.5,2.5,1,4,"[1, 4]",2.5,2,5,"[1, 4]",1.0,0.0,5.0,0,0.0
2275,Fer_FPM01-02_20012023_18_118.jpg,92463298,1.0,1.33,1,1,[1],1.0,3,4,"[1, 1, 2]",0.0,0.0,0.0,0,0.0
2276,Fer_FPM01-02_20012023_33_105.jpg,92463299,1.0,1.12,1,1,[1],1.0,17,19,"[1, 1, 1, 1, 1, 1, 1, 1, 1, 1, 1, 1, 1, 1, 1, 1, 3]",1.0,0.0,5.0,0,14.0
2277,Fer_FPM01-02_20012023_23_111.jpg,92463300,10.0,11.14,8,8,[8],8.0,21,234,"[6, 7, 7, 8, 8, 8, 8, 9, 9, 10, 10, 11, 12, 13, 14, 14, 15, 15, 16, 17, 17]",14.0,0.0,5.0,0,13.0
2278,Fer_FPM01-02_20012023_6_122.jpg,92463301,4.0,4.67,1,9,"[1, 4, 9]",4.666666666666667,3,14,"[1, 4, 9]",1.0,0.0,5.0,0,2.0
2279,Fer_FPM01-02_20012023_34_7.jpg,92463302,2.0,2.0,2,2,[2],2.0,11,22,"[1, 1, 2, 2, 2, 2, 2, 2, 2, 2, 4]",2.0,0.0,5.0,0,1.0
2280,Fer_FPM01-02_20012023_38_12.jpg,92463304,2.0,2.44,2,2,[2],2.0,16,39,"[1, 2, 2, 2, 2, 2, 2, 2, 2, 2, 2, 2, 3, 4, 4, 5]",2.0,0.0,5.0,0,10.0
2281,Fer_FPM01-02_20012023_23_129.jpg,92463305,1.0,1.27,1,1,[1],1.0,11,14,"[1, 1, 1, 1, 1, 1, 1, 1, 2, 2, 2]",1.0,0.0,5.0,0,9.0
2282,Fer_FPM01-02_20012023_18_120.jpg,92463307,1.0,1.0,1,1,[1],1.0,1,1,[1],0.0,0.0,0.0,0,0.0
2283,Fer_FPM01-02_20012023_15_117.jpg,92463308,12.5,12.5,1,24,"[1, 24]",12.5,2,25,"[1, 24]",1.0,0.0,5.0,0,20.0
2284,Fer_FPM01-02_20012023_23_115.jpg,92463309,1.0,1.13,1,1,[1],1.0,15,17,"[1, 1, 1, 1, 1, 1, 1, 1, 1, 1, 1, 1, 1, 2, 2]",1.0,0.0,5.0,0,3.0
2285,Fer_FPM01-02_20012023_33_101.jpg,92463310,9.0,9.0,9,9,[9],9.0,1,9,[9],1.0,0.0,5.0,0,4.0
2286,Fer_FPM01-02_20012023_26_12.jpg,92463313,1.0,1.0,1,1,[1],1.0,1,1,[1],0.0,0.0,0.0,0,0.0
2287,Fer_FPM01-02_20012023_19_119.jpg,92463315,2.0,3.67,1,8,"[1, 2, 8]",3.6666666666666665,3,11,"[1, 2, 8]",1.0,0.0,5.0,0,6.0
2288,Fer_FPM01-02_20012023_41_76.jpg,92463318,30.0,26.37,30,30,[30],30.0,19,501,"[2, 12, 14, 20, 22, 22, 22, 25, 25, 30, 30, 30, 30, 31, 32, 33, 34, 43, 44]",36.0,0.0,5.0,0,35.0
2289,Fer_FPM01-02_20012023_22_110.jpg,92463319,4.0,3.73,4,4,[4],4.0,15,56,"[1, 2, 3, 3, 3, 3, 3, 4, 4, 4, 4, 4, 4, 7, 7]",4.0,0.0,5.0,0,4.0
2290,Fer_FPM01-02_20012023_40_104.jpg,92463322,9.5,11.39,9,9,[9],9.0,18,205,"[5, 6, 8, 9, 9, 9, 9, 9, 9, 10, 12, 12, 13, 13, 15, 15, 18, 24]",17.0,0.0,5.0,0,8.0
2291,Fer_FPM01-02_20012023_27_109.jpg,92463325,1.0,1.53,1,1,[1],1.0,15,23,"[1, 1, 1, 1, 1, 1, 1, 1, 1, 1, 1, 1, 2, 3, 6]",1.0,0.0,5.0,0,18.0
2292,Fer_FPM01-02_20012023_11_123.jpg,92463326,2.0,2.43,2,2,[2],2.0,14,34,"[1, 1, 1, 1, 2, 2, 2, 2, 2, 3, 3, 4, 4, 6]",3.0,0.0,5.0,0,2.0
2293,Fer_FPM01-02_20012023_27_121.jpg,92463327,2.0,1.73,2,2,[2],2.0,15,26,"[1, 1, 1, 1, 2, 2, 2, 2, 2, 2, 2, 2, 2, 2, 2]",2.0,0.0,5.0,0,0.0
2294,Fer_FPM01-02_20012023_37_94.jpg,92463328,2.0,2.25,2,2,[2],2.0,12,27,"[2, 2, 2, 2, 2, 2, 2, 2, 2, 3, 3, 3]",2.0,0.0,5.0,0,3.0
2295,Fer_FPM01-02_20012023_37_80.jpg,92463329,1.0,1.0,1,1,[1],1.0,1,1,[1],0.0,0.0,0.0,0,0.0
2296,Fer_FPM01-02_20012023_41_101.jpg,92463331,44.0,43.24,30,33,"[30, 33]",31.5,17,735,"[4, 23, 29, 30, 30, 33, 33, 39, 44, 51, 52, 53, 54, 59, 64, 68, 69]",62.0,0.0,5.0,0,63.0
2297,Fer_FPM01-02_20012023_26_118.jpg,92463332,3.5,4.7,3,3,[3],3.0,20,94,"[2, 2, 3, 3, 3, 3, 3, 3, 3, 3, 4, 4, 4, 5, 5, 5, 9, 9, 10, 11]",7.0,0.0,5.0,0,4.0
2298,Fer_FPM01-02_20012023_26_130.jpg,92463333,1.0,1.79,1,1,[1],1.0,14,25,"[1, 1, 1, 1, 1, 1, 1, 1, 1, 1, 3, 3, 4, 5]",2.0,0.0,5.0,0,3.0
2299,Fer_FPM01-02_20012023_26_124.jpg,92463334,3.0,3.31,5,5,[5],5.0,13,43,"[1, 1, 1, 2, 3, 3, 3, 4, 5, 5, 5, 5, 5]",5.0,0.0,5.0,0,1.0
2300,Fer_FPM01-02_20012023_26_125.jpg,92463335,7.0,10.06,5,7,"[5, 7]",6.0,18,181,"[1, 2, 5, 5, 5, 6, 6, 7, 7, 7, 8, 9, 9, 13, 14, 15, 16, 46]",12.0,0.0,5.0,0,10.0
2301,Fer_FPM01-02_20012023_26_131.jpg,92463336,12.0,12.82,10,12,"[10, 11, 12]",11.0,11,141,"[3, 10, 10, 11, 11, 12, 12, 14, 18, 19, 21]",15.0,0.0,5.0,0,13.0
2302,Fer_FPM01-02_20012023_26_119.jpg,92463337,2.0,1.53,2,2,[2],2.0,17,26,"[1, 1, 1, 1, 1, 1, 1, 1, 2, 2, 2, 2, 2, 2, 2, 2, 2]",2.0,0.0,5.0,0,0.0
2303,Fer_FPM01-02_20012023_41_100.jpg,92463338,13.0,25.77,3,13,"[3, 13]",8.0,13,335,"[1, 3, 3, 8, 12, 13, 13, 21, 29, 39, 43, 70, 80]",32.0,0.0,5.0,0,84.0
2304,Fer_FPM01-02_20012023_37_95.jpg,92463341,1.0,1.5,1,1,[1],1.0,16,24,"[1, 1, 1, 1, 1, 1, 1, 1, 1, 1, 1, 1, 2, 2, 4, 4]",1.0,0.0,5.0,0,11.0
2305,Fer_FPM01-02_20012023_39_90.jpg,92463342,1.0,1.0,1,1,[1],1.0,1,1,[1],0.0,0.0,0.0,0,0.0
2306,Fer_FPM01-02_20012023_11_122.jpg,92463343,17.0,15.13,17,17,[17],17.0,15,227,"[8, 8, 11, 13, 14, 14, 16, 17, 17, 17, 17, 17, 18, 20, 20]",19.0,0.0,5.0,0,12.0
2307,Fer_FPM01-02_20012023_27_108.jpg,92463344,1.0,1.18,1,1,[1],1.0,11,13,"[1, 1, 1, 1, 1, 1, 1, 1, 1, 1, 3]",1.0,0.0,5.0,0,8.0
2308,Fer_FPM01-02_20012023_40_105.jpg,92463346,2.0,1.53,2,2,[2],2.0,17,26,"[1, 1, 1, 1, 1, 1, 1, 1, 2, 2, 2, 2, 2, 2, 2, 2, 2]",2.0,0.0,5.0,0,0.0
2309,Fer_FPM01-02_20012023_41_63.jpg,92463347,1.0,1.0,1,1,[1],1.0,1,1,[1],0.0,0.0,0.0,0,0.0
2310,Fer_FPM01-02_20012023_22_111.jpg,92463348,1.0,1.0,1,1,[1],1.0,15,15,"[1, 1, 1, 1, 1, 1, 1, 1, 1, 1, 1, 1, 1, 1, 1]",1.0,0.0,5.0,0,10.0
2311,Fer_FPM01-02_20012023_32_105.jpg,92463349,1.0,1.5,1,1,[1],1.0,10,15,"[1, 1, 1, 1, 1, 1, 1, 1, 2, 5]",2.0,0.0,5.0,0,0.0
2312,Fer_FPM01-02_20012023_41_77.jpg,92463351,15.0,18.5,7,7,[7],7.0,18,333,"[6, 7, 7, 7, 8, 8, 9, 13, 14, 16, 18, 20, 24, 26, 31, 33, 33, 53]",27.0,0.0,5.0,0,52.0
2313,Fer_FPM01-02_20012023_19_124.jpg,92463354,23.0,23.0,23,23,[23],23.0,1,23,[23],1.0,0.0,5.0,0,17.0
2314,Fer_FPM01-02_20012023_33_100.jpg,92463360,1.0,1.0,1,1,[1],1.0,1,1,[1],0.0,0.0,0.0,0,0.0
2315,Fer_FPM01-02_20012023_18_121.jpg,92463361,2.5,2.5,1,4,"[1, 4]",2.5,2,5,"[1, 4]",1.0,0.0,5.0,0,0.0
2316,Fer_FPM01-02_20012023_23_128.jpg,92463363,1.5,1.71,1,1,[1],1.0,14,24,"[1, 1, 1, 1, 1, 1, 1, 2, 2, 2, 2, 3, 3, 3]",2.0,0.0,5.0,0,0.0
2317,Fer_FPM01-02_20012023_38_13.jpg,92463364,1.0,1.0,1,1,[1],1.0,1,1,[1],0.0,0.0,0.0,0,0.0
2318,Fer_FPM01-02_20012023_6_125.jpg,92463366,1.5,1.5,1,2,"[1, 2]",1.5,14,21,"[1, 1, 1, 1, 1, 1, 1, 2, 2, 2, 2, 2, 2, 2]",2.0,0.0,5.0,0,0.0
2319,Fer_FPM01-02_20012023_6_119.jpg,92463367,1.0,1.07,1,1,[1],1.0,15,16,"[1, 1, 1, 1, 1, 1, 1, 1, 1, 1, 1, 1, 1, 1, 2]",1.0,0.0,5.0,0,11.0
2320,Fer_FPM01-02_20012023_38_11.jpg,92463368,1.0,1.0,1,1,[1],1.0,1,1,[1],0.0,0.0,0.0,0,0.0
2321,Fer_FPM01-02_20012023_18_123.jpg,92463369,1.0,1.67,1,1,[1],1.0,3,5,"[1, 1, 3]",1.0,0.0,5.0,0,0.0
2322,Fer_FPM01-02_20012023_42_18.jpg,92463370,1.0,1.29,1,1,[1],1.0,17,22,"[1, 1, 1, 1, 1, 1, 1, 1, 1, 1, 1, 1, 2, 2, 2, 2, 2]",2.0,0.0,5.0,0,0.0
2323,Fer_FPM01-02_20012023_7_120.jpg,92463375,1.0,1.0,1,1,[1],1.0,4,4,"[1, 1, 1, 1]",0.0,0.0,0.0,0,0.0
2324,Fer_FPM01-02_20012023_14_111.jpg,92463378,9.0,8.54,3,13,"[3, 9, 10, 13]",8.75,13,111,"[3, 3, 5, 6, 7, 9, 9, 10, 10, 11, 12, 13, 13]",11.0,0.0,5.0,0,13.0
2325,Fer_FPM01-02_20012023_19_126.jpg,92463379,1.0,1.14,1,1,[1],1.0,7,8,"[1, 1, 1, 1, 1, 1, 2]",1.0,0.0,5.0,0,3.0
2326,Fer_FPM01-02_20012023_32_107.jpg,92463380,10.0,10.0,10,10,[10],10.0,1,10,[10],1.0,0.0,5.0,0,5.0
2327,Fer_FPM01-02_20012023_22_113.jpg,92463381,1.0,1.0,1,1,[1],1.0,1,1,[1],0.0,0.0,0.0,0,0.0
2328,Fer_FPM01-02_20012023_41_61.jpg,92463382,1.0,1.0,1,1,[1],1.0,1,1,[1],0.0,0.0,0.0,0,0.0
2329,Fer_FPM01-02_20012023_22_107.jpg,92463383,5.0,5.0,5,5,[5],5.0,1,5,[5],1.0,0.0,5.0,0,0.0
2330,Fer_FPM01-02_20012023_41_75.jpg,92463384,8.5,8.75,7,7,[7],7.0,16,140,"[2, 5, 5, 6, 7, 7, 7, 8, 9, 10, 10, 11, 12, 13, 14, 14]",11.0,0.0,5.0,0,8.0
2331,Fer_FPM01-02_20012023_40_107.jpg,92463385,3.0,3.29,3,3,[3],3.0,7,23,"[2, 2, 3, 3, 3, 4, 6]",3.0,0.0,5.0,0,3.0
2332,Fer_FPM01-02_20012023_39_45.jpg,92463386,1.0,1.0,1,1,[1],1.0,1,1,[1],0.0,0.0,0.0,0,0.0
2333,Fer_FPM01-02_20012023_37_68.jpg,92463387,1.0,1.0,1,1,[1],1.0,17,17,"[1, 1, 1, 1, 1, 1, 1, 1, 1, 1, 1, 1, 1, 1, 1, 1, 1]",1.0,0.0,5.0,0,12.0
2334,Fer_FPM01-02_20012023_39_79.jpg,92463388,1.5,1.5,1,2,"[1, 2]",1.5,4,6,"[1, 1, 2, 2]",1.0,0.0,5.0,0,1.0
2335,Fer_FPM01-02_20012023_11_120.jpg,92463389,44.0,41.26,51,69,"[51, 60, 69]",60.0,19,784,"[6, 12, 13, 22, 28, 29, 32, 33, 43, 44, 45, 49, 51, 51, 60, 60, 68, 69, 69]",62.0,0.0,5.0,0,36.0
2336,Fer_FPM01-02_20012023_37_97.jpg,92463391,1.0,1.0,1,1,[1],1.0,2,2,"[1, 1]",0.0,0.0,0.0,0,0.0
2337,Fer_FPM01-02_20012023_27_122.jpg,92463392,10.0,9.59,7,10,"[7, 10]",8.5,17,163,"[4, 4, 7, 7, 7, 9, 9, 10, 10, 10, 11, 11, 12, 12, 13, 13, 14]",12.0,0.0,5.0,0,4.0
2338,Fer_FPM01-02_20012023_41_102.jpg,92463393,3.0,2.67,3,3,[3],3.0,18,48,"[2, 2, 2, 2, 2, 2, 3, 3, 3, 3, 3, 3, 3, 3, 3, 3, 3, 3]",3.0,0.0,5.0,0,0.0
2339,Fer_FPM01-02_20012023_32_6.jpg,92463394,1.5,1.56,1,1,[1],1.0,16,25,"[1, 1, 1, 1, 1, 1, 1, 1, 2, 2, 2, 2, 2, 2, 2, 3]",2.0,0.0,5.0,0,0.0
2340,Fer_FPM01-02_20012023_10_125.jpg,92463395,2.0,2.29,2,3,"[2, 3]",2.5,14,32,"[1, 1, 1, 2, 2, 2, 2, 2, 3, 3, 3, 3, 3, 4]",3.0,0.0,5.0,0,1.0
2341,Fer_FPM01-02_20012023_26_127.jpg,92463396,1.0,1.4,1,1,[1],1.0,5,7,"[1, 1, 1, 1, 3]",1.0,0.0,5.0,0,2.0
2342,Fer_FPM01-02_20012023_10_119.jpg,92463397,7.0,7.0,6,6,[6],6.0,17,119,"[1, 6, 6, 6, 6, 6, 6, 6, 7, 7, 7, 7, 7, 8, 8, 9, 16]",12.0,0.0,5.0,0,8.0
2343,Fer_FPM01-02_20012023_10_118.jpg,92463399,8.0,7.4,8,9,"[8, 9]",8.5,15,111,"[4, 6, 6, 6, 7, 7, 7, 8, 8, 8, 8, 9, 9, 9, 9]",9.0,0.0,5.0,0,8.0
2344,Fer_FPM01-02_20012023_26_126.jpg,92463400,5.0,6.24,2,10,"[2, 10]",6.0,17,106,"[1, 1, 2, 2, 2, 3, 4, 5, 5, 6, 6, 10, 10, 10, 12, 13, 14]",9.0,0.0,5.0,0,5.0
2345,Fer_FPM01-02_20012023_10_124.jpg,92463401,4.0,3.43,4,4,[4],4.0,14,48,"[2, 2, 2, 3, 3, 3, 4, 4, 4, 4, 4, 4, 4, 5]",4.0,0.0,5.0,0,0.0
2346,Fer_FPM01-02_20012023_32_7.jpg,92463402,1.0,1.0,1,1,[1],1.0,1,1,[1],0.0,0.0,0.0,0,0.0
2347,Fer_FPM01-02_20012023_41_103.jpg,92463403,8.0,7.44,3,8,"[3, 8]",5.5,9,67,"[1, 3, 3, 8, 8, 9, 10, 11, 14]",8.0,0.0,5.0,0,9.0
2348,Fer_FPM01-02_20012023_34_10.jpg,92463404,13.0,13.69,9,9,[9],9.0,13,178,"[1, 3, 9, 9, 10, 12, 13, 14, 15, 16, 24, 25, 27]",20.0,0.0,5.0,0,6.0
2349,Fer_FPM01-02_20012023_27_123.jpg,92463407,6.0,6.0,6,6,[6],6.0,17,102,"[2, 5, 5, 5, 5, 6, 6, 6, 6, 6, 6, 6, 6, 7, 7, 9, 9]",8.0,0.0,5.0,0,3.0
2350,Fer_FPM01-02_20012023_39_87.jpg,92463408,3.0,3.0,1,5,"[1, 5]",3.0,2,6,"[1, 5]",1.0,0.0,5.0,0,1.0
2351,Fer_FPM01-02_20012023_11_121.jpg,92463409,20.0,18.93,19,23,"[19, 23]",21.0,15,284,"[3, 5, 6, 13, 17, 19, 19, 20, 22, 23, 23, 24, 25, 31, 34]",28.0,0.0,5.0,0,14.0
2352,Fer_FPM01-02_20012023_39_78.jpg,92463411,2.0,2.0,2,2,[2],2.0,1,2,[2],0.0,0.0,0.0,0,0.0
2353,Fer_FPM01-02_20012023_37_69.jpg,92463412,1.0,1.0,1,1,[1],1.0,9,9,"[1, 1, 1, 1, 1, 1, 1, 1, 1]",1.0,0.0,5.0,0,4.0
2354,Fer_FPM01-02_20012023_39_44.jpg,92463413,1.0,1.0,1,1,[1],1.0,1,1,[1],0.0,0.0,0.0,0,0.0
2355,Fer_FPM01-02_20012023_41_74.jpg,92463415,7.0,6.35,7,7,[7],7.0,17,108,"[3, 3, 6, 6, 6, 6, 7, 7, 7, 7, 7, 7, 7, 7, 7, 7, 8]",6.0,0.0,5.0,0,2.0
2356,Fer_FPM01-02_20012023_41_60.jpg,92463418,5.0,5.0,5,5,[5],5.0,1,5,[5],1.0,0.0,5.0,0,0.0
2357,Fer_FPM01-02_20012023_14_110.jpg,92463420,10.0,10.19,10,16,"[10, 16]",13.0,16,163,"[3, 5, 6, 6, 9, 9, 10, 10, 10, 11, 11, 12, 13, 16, 16, 16]",13.0,0.0,5.0,0,25.0
2358,Fer_FPM01-02_20012023_19_127.jpg,92463422,1.0,1.14,1,1,[1],1.0,14,16,"[1, 1, 1, 1, 1, 1, 1, 1, 1, 1, 1, 1, 2, 2]",1.0,0.0,5.0,0,11.0
2359,Fer_FPM01-02_20012023_42_19.jpg,92463427,2.0,2.12,1,2,"[1, 2]",1.5,16,34,"[1, 1, 1, 1, 1, 1, 2, 2, 2, 2, 2, 2, 3, 3, 3, 7]",2.0,0.0,5.0,0,3.0
2360,Fer_FPM01-02_20012023_18_122.jpg,92463430,3.0,3.0,2,4,"[2, 4]",3.0,2,6,"[2, 4]",1.0,0.0,5.0,0,1.0
2361,Fer_FPM01-02_20012023_6_118.jpg,92463432,1.0,1.29,1,1,[1],1.0,7,9,"[1, 1, 1, 1, 1, 2, 2]",1.0,0.0,5.0,0,4.0
2362,Fer_FPM01-02_20012023_6_124.jpg,92463433,1.0,1.2,1,1,[1],1.0,10,12,"[1, 1, 1, 1, 1, 1, 1, 1, 2, 2]",1.0,0.0,5.0,0,7.0
2363,Fer_FPM01-02_20012023_28_102.jpg,92463434,1.0,1.0,1,1,[1],1.0,1,1,[1],0.0,0.0,0.0,0,0.0
2364,Fer_FPM01-02_20012023_38_102.jpg,92463435,4.0,4.78,4,4,[4],4.0,9,43,"[2, 3, 3, 4, 4, 4, 5, 8, 10]",3.0,0.0,5.0,0,18.0
2365,Fer_FPM01-02_20012023_25_121.jpg,92463436,1.0,1.0,1,1,[1],1.0,1,1,[1],0.0,0.0,0.0,0,0.0
2366,Fer_FPM01-02_20012023_38_77.jpg,92463437,2.0,2.17,2,2,[2],2.0,18,39,"[2, 2, 2, 2, 2, 2, 2, 2, 2, 2, 2, 2, 2, 2, 2, 2, 3, 4]",2.0,0.0,5.0,0,1.0
2367,Fer_FPM01-02_20012023_42_95.jpg,92463439,1.0,1.0,1,1,[1],1.0,1,1,[1],0.0,0.0,0.0,0,0.0
2368,Fer_FPM01-02_20012023_25_109.jpg,92463441,7.0,7.0,2,9,"[2, 9]",5.5,17,119,"[1, 1, 2, 2, 2, 4, 4, 6, 7, 8, 9, 9, 9, 10, 13, 16, 16]",9.0,0.0,5.0,0,14.0
2369,Fer_FPM01-02_20012023_42_81.jpg,92463442,2.0,2.45,2,2,[2],2.0,11,27,"[1, 1, 2, 2, 2, 2, 2, 3, 3, 4, 5]",3.0,0.0,5.0,0,1.0
2370,Fer_FPM01-02_20012023_22_13.jpg,92463443,1.0,1.0,1,1,[1],1.0,1,1,[1],0.0,0.0,0.0,0,0.0
2371,Fer_FPM01-02_20012023_36_99.jpg,92463445,1.0,1.0,1,1,[1],1.0,14,14,"[1, 1, 1, 1, 1, 1, 1, 1, 1, 1, 1, 1, 1, 1]",1.0,0.0,5.0,0,8.0
2372,Fer_FPM01-02_20012023_42_42.jpg,92463446,4.0,4.06,4,4,[4],4.0,18,73,"[2, 3, 3, 4, 4, 4, 4, 4, 4, 4, 4, 4, 4, 4, 5, 5, 5, 6]",6.0,0.0,5.0,0,12.0
2373,Fer_FPM01-02_20012023_38_88.jpg,92463448,1.0,1.0,1,1,[1],1.0,1,1,[1],0.0,0.0,0.0,0,0.0
2374,Fer_FPM01-02_20012023_24_124.jpg,92463449,1.0,1.0,1,1,[1],1.0,13,13,"[1, 1, 1, 1, 1, 1, 1, 1, 1, 1, 1, 1, 1]",1.0,0.0,5.0,0,8.0
2375,Fer_FPM01-02_20012023_39_107.jpg,92463450,2.0,2.0,2,2,[2],2.0,1,2,[2],0.0,0.0,0.0,0,0.0
2376,Fer_FPM01-02_20012023_24_118.jpg,92463454,1.0,1.0,1,1,[1],1.0,7,7,"[1, 1, 1, 1, 1, 1, 1]",1.0,0.0,5.0,0,2.0
2377,Fer_FPM01-02_20012023_12_126.jpg,92463455,1.0,1.0,1,1,[1],1.0,3,3,"[1, 1, 1]",0.0,0.0,0.0,0,0.0
2378,Fer_FPM01-02_20012023_41_13.jpg,92463456,4.0,3.36,4,4,[4],4.0,11,37,"[1, 1, 2, 2, 4, 4, 4, 4, 5, 5, 5]",4.0,0.0,5.0,0,4.0
2379,Fer_FPM01-02_20012023_31_101.jpg,92463458,1.0,1.0,1,1,[1],1.0,12,12,"[1, 1, 1, 1, 1, 1, 1, 1, 1, 1, 1, 1]",1.0,0.0,5.0,0,7.0
2380,Fer_FPM01-02_20012023_31_129.jpg,92463459,14.0,12.28,17,17,[17],17.0,18,221,"[1, 1, 3, 3, 5, 9, 10, 12, 13, 15, 15, 17, 17, 17, 17, 21, 22, 23]",15.0,0.0,5.0,0,28.0
2381,Fer_FPM01-02_20012023_17_117.jpg,92463460,1.0,1.0,1,1,[1],1.0,1,1,[1],0.0,0.0,0.0,0,0.0
2382,Fer_FPM01-02_20012023_18_12.jpg,92463462,2.0,2.0,2,2,[2],2.0,1,2,[2],0.0,0.0,0.0,0,0.0
2383,Fer_FPM01-02_20012023_20_110.jpg,92463463,13.0,14.29,6,6,[6],6.0,17,243,"[4, 6, 6, 6, 6, 12, 12, 12, 13, 14, 14, 15, 16, 21, 28, 28, 30]",20.0,0.0,5.0,0,34.0
2384,Fer_FPM01-02_20012023_16_112.jpg,92463467,1.0,1.3,1,1,[1],1.0,10,13,"[1, 1, 1, 1, 1, 1, 1, 2, 2, 2]",1.0,0.0,5.0,0,8.0
2385,Fer_FPM01-02_20012023_5_123.jpg,92463469,1.0,1.0,1,1,[1],1.0,1,1,[1],0.0,0.0,0.0,0,0.0
2386,Fer_FPM01-02_20012023_5_122.jpg,92463471,1.0,1.93,1,1,[1],1.0,14,27,"[1, 1, 1, 1, 1, 1, 1, 1, 1, 1, 1, 2, 2, 12]",2.0,0.0,5.0,0,0.0
2387,Fer_FPM01-02_20012023_16_113.jpg,92463476,1.0,1.0,1,1,[1],1.0,4,4,"[1, 1, 1, 1]",0.0,0.0,0.0,0,0.0
2388,Fer_FPM01-02_20012023_16_107.jpg,92463477,13.0,13.0,13,13,[13],13.0,1,13,[13],1.0,0.0,5.0,0,8.0
2389,Fer_FPM01-02_20012023_35_7.jpg,92463480,2.0,2.0,2,2,[2],2.0,13,26,"[1, 1, 1, 1, 2, 2, 2, 2, 2, 2, 2, 2, 6]",2.0,0.0,5.0,0,4.0
2390,Fer_FPM01-02_20012023_20_111.jpg,92463481,13.0,12.06,5,5,[5],5.0,17,205,"[1, 3, 5, 5, 5, 6, 6, 10, 13, 13, 15, 16, 16, 18, 22, 22, 29]",19.0,0.0,5.0,0,9.0
2391,Fer_FPM01-02_20012023_30_105.jpg,92463482,1.0,1.0,1,1,[1],1.0,3,3,"[1, 1, 1]",0.0,0.0,0.0,0,0.0
2392,Fer_FPM01-02_20012023_18_13.jpg,92463483,1.0,1.0,1,1,[1],1.0,1,1,[1],0.0,0.0,0.0,0,0.0
2393,Fer_FPM01-02_20012023_21_128.jpg,92463484,2.0,1.57,2,2,[2],2.0,7,11,"[1, 1, 1, 2, 2, 2, 2]",1.0,0.0,5.0,0,6.0
2394,Fer_FPM01-02_20012023_31_128.jpg,92463485,3.5,3.42,4,4,[4],4.0,12,41,"[1, 2, 2, 3, 3, 3, 4, 4, 4, 4, 5, 6]",4.0,0.0,5.0,0,0.0
2395,Fer_FPM01-02_20012023_21_114.jpg,92463488,1.0,1.0,1,1,[1],1.0,1,1,[1],0.0,0.0,0.0,0,0.0
2396,Fer_FPM01-02_20012023_41_12.jpg,92463490,2.0,1.8,1,2,"[1, 2]",1.5,10,18,"[1, 1, 1, 1, 2, 2, 2, 2, 3, 3]",2.0,0.0,5.0,0,2.0
2397,Fer_FPM01-02_20012023_24_131.jpg,92463493,1.0,1.43,1,1,[1],1.0,14,20,"[1, 1, 1, 1, 1, 1, 1, 1, 2, 2, 2, 2, 2, 2]",2.0,0.0,5.0,0,0.0
2398,Fer_FPM01-02_20012023_22_9.jpg,92463494,2.0,2.0,2,2,[2],2.0,1,2,[2],0.0,0.0,0.0,0,0.0
2399,Fer_FPM01-02_20012023_24_125.jpg,92463495,2.0,2.0,2,2,[2],2.0,12,24,"[1, 1, 1, 1, 2, 2, 2, 2, 2, 3, 3, 4]",3.0,0.0,5.0,0,0.0
2400,Fer_FPM01-02_20012023_39_106.jpg,92463496,1.0,1.12,1,1,[1],1.0,8,9,"[1, 1, 1, 1, 1, 1, 1, 2]",1.0,0.0,5.0,0,4.0
2401,Fer_FPM01-02_20012023_42_43.jpg,92463497,1.0,1.0,1,1,[1],1.0,7,7,"[1, 1, 1, 1, 1, 1, 1]",1.0,0.0,5.0,0,2.0
2402,Fer_FPM01-02_20012023_38_89.jpg,92463498,2.0,2.28,2,2,[2],2.0,18,41,"[2, 2, 2, 2, 2, 2, 2, 2, 2, 2, 2, 2, 2, 2, 2, 2, 2, 7]",2.0,0.0,5.0,0,0.0
2403,Fer_FPM01-02_20012023_36_98.jpg,92463500,1.0,1.33,1,1,[1],1.0,6,8,"[1, 1, 1, 1, 2, 2]",1.0,0.0,5.0,0,3.0
2404,Fer_FPM01-02_20012023_42_80.jpg,92463501,1.0,1.82,1,1,[1],1.0,11,20,"[1, 1, 1, 1, 1, 1, 1, 1, 2, 2, 8]",1.0,0.0,5.0,0,15.0
2405,Fer_FPM01-02_20012023_22_12.jpg,92463503,1.0,1.0,1,1,[1],1.0,1,1,[1],0.0,0.0,0.0,0,0.0
2406,Fer_FPM01-02_20012023_25_108.jpg,92463505,4.0,3.57,1,5,"[1, 5]",3.0,7,25,"[1, 1, 3, 4, 5, 5, 6]",1.0,0.0,5.0,0,10.0
2407,Fer_FPM01-02_20012023_13_122.jpg,92463506,2.0,2.0,2,2,[2],2.0,1,2,[2],0.0,0.0,0.0,0,0.0
2408,Fer_FPM01-02_20012023_42_94.jpg,92463507,1.0,1.17,1,1,[1],1.0,6,7,"[1, 1, 1, 1, 1, 2]",1.0,0.0,5.0,0,2.0
2409,Fer_FPM01-02_20012023_38_103.jpg,92463508,5.0,5.12,5,7,"[5, 7]",6.0,8,41,"[1, 3, 4, 5, 5, 7, 7, 9]",5.0,0.0,5.0,0,5.0
2410,Fer_FPM01-02_20012023_25_120.jpg,92463509,1.0,1.13,1,1,[1],1.0,15,17,"[1, 1, 1, 1, 1, 1, 1, 1, 1, 1, 1, 1, 1, 2, 2]",1.0,0.0,5.0,0,8.0
2411,Fer_FPM01-02_20012023_38_76.jpg,92463511,1.0,1.0,1,1,[1],1.0,16,16,"[1, 1, 1, 1, 1, 1, 1, 1, 1, 1, 1, 1, 1, 1, 1, 1]",1.0,0.0,5.0,0,2.0
2412,Fer_FPM01-02_20012023_38_74.jpg,92463513,2.0,2.0,2,2,[2],2.0,1,2,[2],0.0,0.0,0.0,0,0.0
2413,Fer_FPM01-02_20012023_28_115.jpg,92463514,1.0,1.6,1,1,[1],1.0,5,8,"[1, 1, 1, 1, 4]",1.0,0.0,5.0,0,3.0
2414,Fer_FPM01-02_20012023_25_122.jpg,92463515,6.0,5.0,2,7,"[2, 6, 7]",5.0,13,65,"[2, 2, 2, 3, 4, 4, 6, 6, 6, 7, 7, 7, 9]",7.0,0.0,5.0,0,7.0
2415,Fer_FPM01-02_20012023_38_101.jpg,92463516,18.0,19.09,1,41,"[1, 2, 4, 7, 16, 18, 20, 28, 34, 39, 41]",19.09090909090909,11,210,"[1, 2, 4, 7, 16, 18, 20, 28, 34, 39, 41]",19.0,0.0,5.0,0,33.0
2416,Fer_FPM01-02_20012023_28_129.jpg,92463517,2.0,2.29,1,2,"[1, 2]",1.5,14,32,"[1, 1, 1, 1, 1, 2, 2, 2, 2, 2, 3, 3, 5, 6]",4.0,0.0,5.0,0,1.0
2417,Fer_FPM01-02_20012023_42_82.jpg,92463520,1.0,1.0,1,1,[1],1.0,1,1,[1],0.0,0.0,0.0,0,0.0
2418,Fer_FPM01-02_20012023_42_96.jpg,92463521,4.0,4.0,4,4,[4],4.0,6,24,"[3, 3, 4, 4, 4, 6]",2.0,0.0,5.0,0,2.0
2419,Fer_FPM01-02_20012023_13_120.jpg,92463522,7.0,6.94,7,7,[7],7.0,17,118,"[1, 1, 6, 7, 7, 7, 7, 7, 7, 8, 8, 8, 8, 8, 9, 9, 10]",8.0,0.0,5.0,0,9.0
2420,Fer_FPM01-02_20012023_36_71.jpg,92463523,2.0,2.24,2,2,[2],2.0,17,38,"[2, 2, 2, 2, 2, 2, 2, 2, 2, 2, 2, 2, 2, 3, 3, 3, 3]",2.0,0.0,5.0,0,4.0
2421,Fer_FPM01-02_20012023_42_41.jpg,92463525,1.0,1.33,1,1,[1],1.0,3,4,"[1, 1, 2]",0.0,0.0,0.0,0,0.0
2422,Fer_FPM01-02_20012023_12_119.jpg,92463526,2.0,2.11,2,2,[2],2.0,9,19,"[1, 1, 2, 2, 2, 2, 3, 3, 3]",2.0,0.0,5.0,0,4.0
2423,Fer_FPM01-02_20012023_39_104.jpg,92463529,5.0,5.11,5,5,[5],5.0,19,97,"[1, 3, 4, 4, 4, 4, 5, 5, 5, 5, 5, 5, 6, 6, 7, 7, 7, 7, 7]",7.0,0.0,5.0,0,3.0
2424,Fer_FPM01-02_20012023_24_127.jpg,92463530,3.0,2.67,3,3,[3],3.0,18,48,"[1, 2, 2, 2, 2, 2, 3, 3, 3, 3, 3, 3, 3, 3, 3, 3, 3, 4]",3.0,0.0,5.0,0,0.0
2425,Fer_FPM01-02_20012023_31_102.jpg,92463533,1.0,1.3,1,1,[1],1.0,10,13,"[1, 1, 1, 1, 1, 1, 1, 2, 2, 2]",1.0,0.0,5.0,0,8.0
2426,Fer_FPM01-02_20012023_30_10.jpg,92463537,3.0,3.0,3,3,[3],3.0,1,3,[3],0.0,0.0,0.0,0,0.0
2427,Fer_FPM01-02_20012023_4_119.jpg,92463540,1.0,1.0,1,1,[1],1.0,16,16,"[1, 1, 1, 1, 1, 1, 1, 1, 1, 1, 1, 1, 1, 1, 1, 1]",1.0,0.0,5.0,0,3.0
2428,Fer_FPM01-02_20012023_30_107.jpg,92463544,13.0,13.0,13,13,[13],13.0,1,13,[13],1.0,0.0,5.0,0,8.0
2429,Fer_FPM01-02_20012023_20_113.jpg,92463545,11.0,11.94,11,11,[11],11.0,16,191,"[5, 7, 9, 9, 10, 10, 11, 11, 11, 12, 12, 13, 14, 17, 18, 22]",14.0,0.0,5.0,0,20.0
2430,Fer_FPM01-02_20012023_16_111.jpg,92463546,3.0,2.69,3,3,[3],3.0,16,43,"[1, 1, 1, 1, 2, 2, 3, 3, 3, 3, 3, 3, 3, 4, 4, 6]",5.0,0.0,5.0,0,2.0
2431,Fer_FPM01-02_20012023_40_93.jpg,92463548,3.0,3.0,3,3,[3],3.0,1,3,[3],0.0,0.0,0.0,0,0.0
2432,Fer_FPM01-02_20012023_40_78.jpg,92463549,3.0,2.43,1,3,"[1, 3]",2.0,7,17,"[1, 1, 1, 3, 3, 3, 5]",2.0,0.0,5.0,0,1.0
2433,Fer_FPM01-02_20012023_40_44.jpg,92463550,2.0,2.0,2,2,[2],2.0,6,12,"[2, 2, 2, 2, 2, 2]",2.0,0.0,5.0,0,0.0
2434,Fer_FPM01-02_20012023_8_116.jpg,92463552,2.0,2.0,1,3,"[1, 2, 3]",2.0,3,6,"[1, 2, 3]",1.0,0.0,5.0,0,1.0
2435,Fer_FPM01-02_20012023_40_79.jpg,92463555,2.5,3.12,1,2,"[1, 2]",1.5,8,25,"[1, 1, 2, 2, 3, 4, 5, 7]",3.0,0.0,5.0,0,2.0
2436,Fer_FPM01-02_20012023_40_86.jpg,92463558,1.0,1.36,1,1,[1],1.0,14,19,"[1, 1, 1, 1, 1, 1, 1, 1, 1, 1, 1, 1, 1, 6]",1.0,0.0,5.0,0,14.0
2437,Fer_FPM01-02_20012023_16_110.jpg,92463559,1.0,1.12,1,1,[1],1.0,8,9,"[1, 1, 1, 1, 1, 1, 1, 2]",1.0,0.0,5.0,0,4.0
2438,Fer_FPM01-02_20012023_20_14.jpg,92463560,1.0,1.0,1,1,[1],1.0,1,1,[1],0.0,0.0,0.0,0,0.0
2439,Fer_FPM01-02_20012023_20_112.jpg,92463562,14.5,15.75,19,19,[19],19.0,16,252,"[4, 7, 9, 12, 13, 14, 14, 14, 15, 19, 19, 19, 19, 23, 24, 27]",19.0,0.0,5.0,0,18.0
2440,Fer_FPM01-02_20012023_20_106.jpg,92463563,6.0,6.0,3,9,"[3, 9]",6.0,2,12,"[3, 9]",1.0,0.0,5.0,0,7.0
2441,Fer_FPM01-02_20012023_9_113.jpg,92463564,1.0,1.0,1,1,[1],1.0,3,3,"[1, 1, 1]",0.0,0.0,0.0,0,0.0
2442,Fer_FPM01-02_20012023_4_124.jpg,92463565,1.0,1.0,1,1,[1],1.0,6,6,"[1, 1, 1, 1, 1, 1]",1.0,0.0,5.0,0,1.0
2443,Fer_FPM01-02_20012023_18_10.jpg,92463567,1.0,1.0,1,1,[1],1.0,1,1,[1],0.0,0.0,0.0,0,0.0
2444,Fer_FPM01-02_20012023_17_115.jpg,92463568,1.0,1.0,1,1,[1],1.0,1,1,[1],0.0,0.0,0.0,0,0.0
2445,Fer_FPM01-02_20012023_31_103.jpg,92463570,1.0,1.0,1,1,[1],1.0,2,2,"[1, 1]",0.0,0.0,0.0,0,0.0
2446,Fer_FPM01-02_20012023_37_6.jpg,92463571,2.0,2.0,2,2,[2],2.0,1,2,[2],0.0,0.0,0.0,0,0.0
2447,Fer_FPM01-02_20012023_21_117.jpg,92463572,2.0,1.64,2,2,[2],2.0,14,23,"[1, 1, 1, 1, 1, 2, 2, 2, 2, 2, 2, 2, 2, 2]",2.0,0.0,5.0,0,0.0
2448,Fer_FPM01-02_20012023_41_11.jpg,92463573,1.0,1.0,1,1,[1],1.0,1,1,[1],0.0,0.0,0.0,0,0.0
2449,Fer_FPM01-02_20012023_39_105.jpg,92463576,2.0,2.06,2,2,[2],2.0,17,35,"[1, 1, 2, 2, 2, 2, 2, 2, 2, 2, 2, 2, 2, 2, 2, 3, 4]",2.0,0.0,5.0,0,0.0
2450,Fer_FPM01-02_20012023_24_126.jpg,92463577,1.0,1.12,1,1,[1],1.0,8,9,"[1, 1, 1, 1, 1, 1, 1, 2]",1.0,0.0,5.0,0,4.0
2451,Fer_FPM01-02_20012023_12_118.jpg,92463578,2.0,2.64,2,2,[2],2.0,11,29,"[1, 2, 2, 2, 2, 2, 2, 3, 3, 3, 7]",3.0,0.0,5.0,0,2.0
2452,Fer_FPM01-02_20012023_24_132.jpg,92463579,11.0,10.63,11,11,[11],11.0,19,202,"[8, 9, 10, 10, 10, 10, 11, 11, 11, 11, 11, 11, 11, 11, 11, 11, 11, 12, 12]",11.0,0.0,5.0,0,8.0
2453,Fer_FPM01-02_20012023_13_121.jpg,92463582,27.0,26.71,20,20,[20],20.0,14,374,"[16, 20, 20, 20, 23, 24, 26, 28, 29, 30, 31, 31, 38, 38]",30.0,0.0,5.0,0,20.0
2454,Fer_FPM01-02_20012023_42_97.jpg,92463583,3.0,2.69,3,3,[3],3.0,13,35,"[2, 2, 2, 2, 3, 3, 3, 3, 3, 3, 3, 3, 3]",3.0,0.0,5.0,0,0.0
2455,Fer_FPM01-02_20012023_36_70.jpg,92463584,1.0,1.0,1,1,[1],1.0,8,8,"[1, 1, 1, 1, 1, 1, 1, 1]",1.0,0.0,5.0,0,3.0
2456,Fer_FPM01-02_20012023_22_11.jpg,92463585,5.0,5.0,1,9,"[1, 9]",5.0,2,10,"[1, 9]",1.0,0.0,5.0,0,5.0
2457,Fer_FPM01-02_20012023_28_128.jpg,92463586,4.0,4.0,4,5,"[4, 5]",4.5,7,28,"[1, 3, 4, 4, 5, 5, 6]",4.0,0.0,5.0,0,6.0
2458,Fer_FPM01-02_20012023_42_83.jpg,92463588,1.0,1.0,1,1,[1],1.0,1,1,[1],0.0,0.0,0.0,0,0.0
2459,Fer_FPM01-02_20012023_28_114.jpg,92463589,1.0,3.0,1,1,[1],1.0,7,21,"[1, 1, 1, 1, 1, 4, 12]",2.0,0.0,5.0,0,0.0
2460,Fer_FPM01-02_20012023_25_123.jpg,92463591,2.0,2.45,2,2,[2],2.0,11,27,"[1, 1, 2, 2, 2, 2, 2, 3, 3, 4, 5]",2.0,0.0,5.0,0,4.0
2461,Fer_FPM01-02_20012023_42_87.jpg,92463593,1.0,1.0,1,1,[1],1.0,1,1,[1],0.0,0.0,0.0,0,0.0
2462,Fer_FPM01-02_20012023_42_93.jpg,92463596,1.0,1.0,1,1,[1],1.0,1,1,[1],0.0,0.0,0.0,0,0.0
2463,Fer_FPM01-02_20012023_38_104.jpg,92463597,8.0,7.72,9,9,[9],9.0,18,139,"[3, 4, 5, 6, 6, 6, 7, 7, 8, 8, 8, 9, 9, 9, 9, 10, 11, 14]",9.0,0.0,5.0,0,1.0
2464,Fer_FPM01-02_20012023_25_127.jpg,92463598,1.0,1.0,1,1,[1],1.0,1,1,[1],0.0,0.0,0.0,0,0.0
2465,Fer_FPM01-02_20012023_38_71.jpg,92463599,2.0,2.0,2,2,[2],2.0,1,2,[2],0.0,0.0,0.0,0,0.0
2466,Fer_FPM01-02_20012023_33_6.jpg,92463602,13.0,12.68,13,13,[13],13.0,19,241,"[9, 9, 11, 11, 12, 12, 12, 13, 13, 13, 13, 13, 13, 13, 14, 14, 14, 15, 17]",13.0,0.0,5.0,0,13.0
2467,Fer_FPM01-02_20012023_13_119.jpg,92463603,2.0,2.16,2,2,[2],2.0,19,41,"[1, 1, 2, 2, 2, 2, 2, 2, 2, 2, 2, 2, 2, 2, 3, 3, 3, 3, 3]",2.0,0.0,5.0,0,0.0
2468,Fer_FPM01-02_20012023_42_44.jpg,92463604,1.0,1.11,1,1,[1],1.0,9,10,"[1, 1, 1, 1, 1, 1, 1, 1, 2]",1.0,0.0,5.0,0,5.0
2469,Fer_FPM01-02_20012023_42_78.jpg,92463606,18.0,18.0,12,12,[12],12.0,13,234,"[3, 5, 12, 12, 12, 16, 18, 20, 23, 23, 26, 26, 38]",22.0,0.0,5.0,0,35.0
2470,Fer_FPM01-02_20012023_12_120.jpg,92463607,4.0,4.22,6,6,[6],6.0,9,38,"[1, 1, 2, 4, 4, 6, 6, 6, 8]",5.0,0.0,5.0,0,1.0
2471,Fer_FPM01-02_20012023_32_10.jpg,92463608,2.0,2.33,1,2,"[1, 2]",1.5,6,14,"[1, 1, 2, 2, 3, 5]",1.0,0.0,5.0,0,9.0
2472,Fer_FPM01-02_20012023_29_101.jpg,92463610,1.0,1.0,1,1,[1],1.0,1,1,[1],0.0,0.0,0.0,0,0.0
2473,Fer_FPM01-02_20012023_24_122.jpg,92463611,1.5,2.0,1,1,[1],1.0,18,36,"[1, 1, 1, 1, 1, 1, 1, 1, 1, 2, 2, 2, 2, 2, 3, 4, 5, 5]",3.0,0.0,5.0,0,3.0
2474,Fer_FPM01-02_20012023_39_101.jpg,92463612,7.0,7.82,2,11,"[2, 5, 7, 8, 9, 11]",7.0,17,133,"[1, 2, 2, 4, 5, 5, 6, 7, 7, 8, 8, 9, 9, 11, 11, 16, 22]",10.0,0.0,5.0,0,33.0
2475,Fer_FPM01-02_20012023_17_111.jpg,92463614,2.0,1.85,2,2,[2],2.0,13,24,"[1, 1, 1, 1, 1, 2, 2, 2, 2, 2, 2, 3, 4]",2.0,0.0,5.0,0,0.0
2476,Fer_FPM01-02_20012023_21_113.jpg,92463615,1.0,1.12,1,1,[1],1.0,8,9,"[1, 1, 1, 1, 1, 1, 1, 2]",1.0,0.0,5.0,0,4.0
2477,Fer_FPM01-02_20012023_31_107.jpg,92463616,1.0,1.0,1,1,[1],1.0,3,3,"[1, 1, 1]",0.0,0.0,0.0,0,0.0
2478,Fer_FPM01-02_20012023_4_120.jpg,92463619,1.0,1.17,1,1,[1],1.0,18,21,"[1, 1, 1, 1, 1, 1, 1, 1, 1, 1, 1, 1, 1, 1, 1, 1, 2, 3]",1.0,0.0,5.0,0,14.0
2479,Fer_FPM01-02_20012023_9_117.jpg,92463620,2.0,2.0,2,2,[2],2.0,1,2,[2],0.0,0.0,0.0,0,0.0
2480,Fer_FPM01-02_20012023_40_96.jpg,92463624,1.0,1.0,1,1,[1],1.0,1,1,[1],0.0,0.0,0.0,0,0.0
2481,Fer_FPM01-02_20012023_30_102.jpg,92463626,1.0,1.0,1,1,[1],1.0,2,2,"[1, 1]",0.0,0.0,0.0,0,0.0
2482,Fer_FPM01-02_20012023_5_125.jpg,92463627,2.0,1.67,2,2,[2],2.0,3,5,"[1, 2, 2]",1.0,0.0,5.0,0,0.0
2483,Fer_FPM01-02_20012023_40_68.jpg,92463630,3.5,3.5,1,6,"[1, 6]",3.5,2,7,"[1, 6]",1.0,0.0,5.0,0,2.0
2484,Fer_FPM01-02_20012023_5_118.jpg,92463631,2.0,2.0,2,2,[2],2.0,1,2,[2],0.0,0.0,0.0,0,0.0
2485,Fer_FPM01-02_20012023_30_103.jpg,92463634,2.0,2.45,1,1,[1],1.0,11,27,"[1, 1, 1, 1, 1, 2, 2, 3, 4, 5, 6]",3.0,0.0,5.0,0,0.0
2486,Fer_FPM01-02_20012023_40_97.jpg,92463635,8.0,8.33,7,10,"[7, 8, 10]",8.333333333333334,3,25,"[7, 8, 10]",1.0,0.0,5.0,0,4.0
2487,Fer_FPM01-02_20012023_40_83.jpg,92463638,1.0,1.23,1,1,[1],1.0,13,16,"[1, 1, 1, 1, 1, 1, 1, 1, 1, 1, 1, 2, 3]",1.0,0.0,5.0,0,11.0
2488,Fer_FPM01-02_20012023_21_112.jpg,92463643,6.0,5.94,6,7,"[6, 7]",6.5,17,101,"[1, 3, 3, 4, 4, 5, 6, 6, 6, 6, 7, 7, 7, 7, 8, 9, 12]",8.0,0.0,5.0,0,4.0
2489,Fer_FPM01-02_20012023_17_110.jpg,92463645,3.0,3.0,3,3,[3],3.0,1,3,[3],0.0,0.0,0.0,0,0.0
2490,Fer_FPM01-02_20012023_19_9.jpg,92463647,1.0,2.0,1,1,[1],1.0,4,8,"[1, 1, 1, 5]",1.0,0.0,5.0,0,3.0
2491,Fer_FPM01-02_20012023_24_123.jpg,92463649,9.0,11.18,8,8,[8],8.0,17,190,"[4, 5, 6, 7, 7, 8, 8, 8, 9, 10, 12, 14, 15, 15, 17, 19, 26]",14.0,0.0,5.0,0,22.0
2492,Fer_FPM01-02_20012023_39_100.jpg,92463650,5.0,6.36,1,2,"[1, 2]",1.5,11,70,"[1, 1, 2, 2, 4, 5, 7, 9, 10, 13, 16]",7.0,0.0,5.0,0,7.0
2493,Fer_FPM01-02_20012023_32_11.jpg,92463653,1.0,1.0,1,1,[1],1.0,1,1,[1],0.0,0.0,0.0,0,0.0
2494,Fer_FPM01-02_20012023_12_121.jpg,92463654,1.0,1.36,1,1,[1],1.0,11,15,"[1, 1, 1, 1, 1, 1, 1, 1, 2, 2, 3]",1.0,0.0,5.0,0,10.0
2495,Fer_FPM01-02_20012023_42_79.jpg,92463655,2.0,2.29,2,2,[2],2.0,14,32,"[1, 1, 1, 2, 2, 2, 2, 2, 2, 2, 3, 3, 3, 6]",2.0,0.0,5.0,0,2.0
2496,Fer_FPM01-02_20012023_42_45.jpg,92463657,1.0,1.0,1,1,[1],1.0,2,2,"[1, 1]",0.0,0.0,0.0,0,0.0
2497,Fer_FPM01-02_20012023_13_118.jpg,92463659,4.0,3.65,4,4,[4],4.0,17,62,"[2, 2, 2, 3, 3, 4, 4, 4, 4, 4, 4, 4, 4, 4, 4, 5, 5]",4.0,0.0,5.0,0,0.0
2498,Fer_FPM01-02_20012023_25_132.jpg,92463660,4.0,3.94,4,4,[4],4.0,16,63,"[2, 4, 4, 4, 4, 4, 4, 4, 4, 4, 4, 4, 4, 4, 4, 5]",4.0,0.0,5.0,0,0.0
2499,Fer_FPM01-02_20012023_33_7.jpg,92463661,41.0,39.0,33,49,"[33, 41, 43, 48, 49]",42.8,19,741,"[19, 24, 31, 32, 33, 33, 34, 35, 40, 41, 41, 43, 43, 46, 48, 48, 49, 49, 52]",45.0,0.0,5.0,0,54.0
2500,Fer_FPM01-02_20012023_38_105.jpg,92463662,1.0,1.0,1,1,[1],1.0,17,17,"[1, 1, 1, 1, 1, 1, 1, 1, 1, 1, 1, 1, 1, 1, 1, 1, 1]",1.0,0.0,5.0,0,11.0
2501,Fer_FPM01-02_20012023_25_126.jpg,92463663,5.0,5.4,5,7,"[5, 7]",6.0,15,81,"[1, 4, 4, 4, 5, 5, 5, 5, 6, 6, 7, 7, 7, 7, 8]",7.0,0.0,5.0,0,1.0
2502,Fer_FPM01-02_20012023_38_70.jpg,92463664,1.0,1.0,1,1,[1],1.0,2,2,"[1, 1]",0.0,0.0,0.0,0,0.0
2503,Fer_FPM01-02_20012023_42_86.jpg,92463669,1.0,1.0,1,1,[1],1.0,1,1,[1],0.0,0.0,0.0,0,0.0
2504,Fer_FPM01-02_20012023_13_126.jpg,92463670,1.0,1.0,1,1,[1],1.0,2,2,"[1, 1]",0.0,0.0,0.0,0,0.0
2505,Fer_FPM01-02_20012023_25_118.jpg,92463672,9.0,10.56,5,5,[5],5.0,18,190,"[1, 4, 5, 5, 5, 7, 7, 8, 8, 10, 10, 11, 11, 12, 13, 19, 20, 34]",10.0,0.0,5.0,0,55.0
2506,Fer_FPM01-02_20012023_42_84.jpg,92463673,3.0,3.0,3,3,[3],3.0,1,3,[3],0.0,0.0,0.0,0,0.0
2507,Fer_FPM01-02_20012023_25_130.jpg,92463674,1.0,1.12,1,1,[1],1.0,8,9,"[1, 1, 1, 1, 1, 1, 1, 2]",1.0,0.0,5.0,0,4.0
2508,Fer_FPM01-02_20012023_33_5.jpg,92463675,3.0,3.11,3,3,[3],3.0,18,56,"[2, 2, 3, 3, 3, 3, 3, 3, 3, 3, 3, 3, 3, 3, 3, 3, 5, 5]",2.0,0.0,5.0,0,0.0
2509,Fer_FPM01-02_20012023_28_113.jpg,92463679,2.0,2.0,2,2,[2],2.0,3,6,"[2, 2, 2]",1.0,0.0,5.0,0,1.0
2510,Fer_FPM01-02_20012023_25_124.jpg,92463680,1.0,1.0,1,1,[1],1.0,1,1,[1],0.0,0.0,0.0,0,0.0
2511,Fer_FPM01-02_20012023_38_99.jpg,92463682,3.0,3.0,3,3,[3],3.0,1,3,[3],0.0,0.0,0.0,0,0.0
2512,Fer_FPM01-02_20012023_42_101.jpg,92463683,23.0,24.18,11,11,[11],11.0,17,411,"[9, 10, 11, 11, 11, 14, 19, 21, 23, 27, 29, 30, 31, 34, 35, 47, 49]",35.0,0.0,5.0,0,24.0
2513,Fer_FPM01-02_20012023_12_123.jpg,92463685,1.0,1.0,1,1,[1],1.0,1,1,[1],0.0,0.0,0.0,0,0.0
2514,Fer_FPM01-02_20012023_24_109.jpg,92463686,3.0,4.12,2,2,[2],2.0,17,70,"[1, 2, 2, 2, 2, 2, 3, 3, 3, 3, 4, 5, 5, 6, 9, 9, 9]",6.0,0.0,5.0,0,7.0
2515,Fer_FPM01-02_20012023_39_102.jpg,92463687,8.0,11.83,2,2,[2],2.0,12,142,"[2, 2, 2, 5, 7, 8, 8, 12, 14, 20, 29, 33]",14.0,0.0,5.0,0,27.0
2516,Fer_FPM01-02_20012023_29_102.jpg,92463689,1.0,1.0,1,1,[1],1.0,1,1,[1],0.0,0.0,0.0,0,0.0
2517,Fer_FPM01-02_20012023_21_110.jpg,92463692,4.0,4.06,4,4,[4],4.0,16,65,"[2, 3, 3, 3, 3, 4, 4, 4, 4, 4, 4, 5, 5, 5, 6, 6]",5.0,0.0,5.0,0,2.0
2518,Fer_FPM01-02_20012023_9_114.jpg,92463693,1.0,1.11,1,1,[1],1.0,18,20,"[1, 1, 1, 1, 1, 1, 1, 1, 1, 1, 1, 1, 1, 1, 1, 1, 2, 2]",1.0,0.0,5.0,0,8.0
2519,Fer_FPM01-02_20012023_20_129.jpg,92463695,3.0,2.7,3,3,[3],3.0,10,27,"[1, 2, 2, 3, 3, 3, 3, 3, 3, 4]",3.0,0.0,5.0,0,2.0
2520,Fer_FPM01-02_20012023_16_117.jpg,92463697,1.0,1.0,1,1,[1],1.0,1,1,[1],0.0,0.0,0.0,0,0.0
2521,Fer_FPM01-02_20012023_40_81.jpg,92463698,1.0,1.0,1,1,[1],1.0,1,1,[1],0.0,0.0,0.0,0,0.0
2522,Fer_FPM01-02_20012023_30_129.jpg,92463700,4.0,3.56,4,4,[4],4.0,9,32,"[3, 3, 3, 3, 4, 4, 4, 4, 4]",4.0,0.0,5.0,0,0.0
2523,Fer_FPM01-02_20012023_34_99.jpg,92463705,2.0,2.0,2,2,[2],2.0,1,2,[2],0.0,0.0,0.0,0,0.0
2524,Fer_FPM01-02_20012023_28_7.jpg,92463706,1.0,1.0,1,1,[1],1.0,2,2,"[1, 1]",0.0,0.0,0.0,0,0.0
2525,Fer_FPM01-02_20012023_34_98.jpg,92463707,1.0,1.0,1,1,[1],1.0,2,2,"[1, 1]",0.0,0.0,0.0,0,0.0
2526,Fer_FPM01-02_20012023_26_8.jpg,92463710,1.0,1.33,1,1,[1],1.0,3,4,"[1, 1, 2]",0.0,0.0,0.0,0,0.0
2527,Fer_FPM01-02_20012023_20_12.jpg,92463714,1.0,1.0,1,1,[1],1.0,1,1,[1],0.0,0.0,0.0,0,0.0
2528,Fer_FPM01-02_20012023_20_128.jpg,92463716,2.0,2.14,2,2,[2],2.0,7,15,"[1, 1, 2, 2, 2, 3, 4]",1.0,0.0,5.0,0,10.0
2529,Fer_FPM01-02_20012023_31_105.jpg,92463719,1.0,1.0,1,1,[1],1.0,1,1,[1],0.0,0.0,0.0,0,0.0
2530,Fer_FPM01-02_20012023_21_111.jpg,92463720,20.0,21.76,20,20,[20],20.0,17,370,"[10, 16, 17, 17, 17, 20, 20, 20, 20, 23, 23, 25, 25, 28, 29, 29, 31]",29.0,0.0,5.0,0,30.0
2531,Fer_FPM01-02_20012023_29_103.jpg,92463723,1.0,1.0,1,1,[1],1.0,2,2,"[1, 1]",0.0,0.0,0.0,0,0.0
2532,Fer_FPM01-02_20012023_29_117.jpg,92463724,1.0,1.18,1,1,[1],1.0,11,13,"[1, 1, 1, 1, 1, 1, 1, 1, 1, 1, 3]",1.0,0.0,5.0,0,8.0
2533,Fer_FPM01-02_20012023_39_103.jpg,92463725,16.0,15.47,16,19,"[16, 19]",17.5,17,263,"[1, 4, 11, 13, 15, 15, 16, 16, 16, 17, 18, 19, 19, 19, 20, 22, 22]",20.0,0.0,5.0,0,7.0
2534,Fer_FPM01-02_20012023_12_122.jpg,92463729,3.0,2.82,3,3,[3],3.0,17,48,"[1, 2, 2, 2, 2, 2, 2, 3, 3, 3, 3, 3, 3, 3, 4, 5, 5]",3.0,0.0,5.0,0,3.0
2535,Fer_FPM01-02_20012023_42_100.jpg,92463730,12.0,12.45,13,13,[13],13.0,20,249,"[3, 5, 5, 6, 6, 7, 7, 8, 10, 11, 13, 13, 13, 13, 14, 18, 22, 23, 25, 27]",21.0,0.0,5.0,0,22.0
2536,Fer_FPM01-02_20012023_25_125.jpg,92463735,5.0,6.31,3,6,"[3, 6]",4.5,13,82,"[1, 3, 3, 3, 4, 4, 5, 6, 6, 6, 11, 11, 19]",6.0,0.0,5.0,0,9.0
2537,Fer_FPM01-02_20012023_38_106.jpg,92463736,1.0,1.33,1,1,[1],1.0,6,8,"[1, 1, 1, 1, 2, 2]",1.0,0.0,5.0,0,3.0
2538,Fer_FPM01-02_20012023_25_131.jpg,92463737,1.5,1.75,1,1,[1],1.0,4,7,"[1, 1, 2, 3]",1.0,0.0,5.0,0,2.0
2539,Fer_FPM01-02_20012023_38_67.jpg,92463738,2.0,2.0,2,2,[2],2.0,1,2,[2],0.0,0.0,0.0,0,0.0
2540,Fer_FPM01-02_20012023_42_85.jpg,92463740,2.0,2.0,2,2,[2],2.0,1,2,[2],0.0,0.0,0.0,0,0.0
2541,Fer_FPM01-02_20012023_28_123.jpg,92463744,9.0,9.0,8,8,[8],8.0,15,135,"[6, 7, 7, 8, 8, 8, 8, 9, 9, 10, 10, 11, 11, 11, 12]",9.0,0.0,5.0,0,6.0
2542,Fer_FPM01-02_20012023_25_13.jpg,92463745,19.0,19.0,19,19,[19],19.0,1,19,[19],1.0,0.0,5.0,0,14.0
2543,Fer_FPM01-02_20012023_25_114.jpg,92463747,1.0,2.0,1,1,[1],1.0,5,10,"[1, 1, 1, 2, 5]",1.0,0.0,5.0,0,5.0
2544,Fer_FPM01-02_20012023_25_128.jpg,92463748,1.0,1.0,1,1,[1],1.0,1,1,[1],0.0,0.0,0.0,0,0.0
2545,Fer_FPM01-02_20012023_33_9.jpg,92463749,1.0,1.29,1,1,[1],1.0,7,9,"[1, 1, 1, 1, 1, 2, 2]",1.0,0.0,5.0,0,4.0
2546,Fer_FPM01-02_20012023_38_81.jpg,92463750,1.0,1.0,1,1,[1],1.0,4,4,"[1, 1, 1, 1]",0.0,0.0,0.0,0,0.0
2547,Fer_FPM01-02_20012023_38_95.jpg,92463751,5.0,5.0,5,5,[5],5.0,19,95,"[4, 4, 4, 4, 4, 4, 5, 5, 5, 5, 5, 5, 5, 6, 6, 6, 6, 6, 6]",6.0,0.0,5.0,0,3.0
2548,Fer_FPM01-02_20012023_42_77.jpg,92463752,11.0,11.59,11,11,[11],11.0,17,197,"[9, 11, 11, 11, 11, 11, 11, 11, 11, 11, 12, 12, 12, 13, 13, 13, 14]",12.0,0.0,5.0,0,7.0
2549,Fer_FPM01-02_20012023_31_99.jpg,92463753,10.0,10.0,10,10,[10],10.0,1,10,[10],1.0,0.0,5.0,0,5.0
2550,Fer_FPM01-02_20012023_42_63.jpg,92463754,1.0,1.0,1,1,[1],1.0,16,16,"[1, 1, 1, 1, 1, 1, 1, 1, 1, 1, 1, 1, 1, 1, 1, 1]",1.0,0.0,5.0,0,1.0
2551,Fer_FPM01-02_20012023_24_111.jpg,92463758,14.0,14.0,17,17,[17],17.0,18,252,"[2, 10, 11, 11, 12, 12, 12, 13, 13, 15, 16, 17, 17, 17, 17, 19, 19, 19]",17.0,0.0,5.0,0,16.0
2552,Fer_FPM01-02_20012023_1_122.jpg,92463759,1.0,1.0,1,1,[1],1.0,10,10,"[1, 1, 1, 1, 1, 1, 1, 1, 1, 1]",1.0,0.0,5.0,0,5.0
2553,Fer_FPM01-02_20012023_37_13.jpg,92463761,2.0,2.0,2,2,[2],2.0,14,28,"[2, 2, 2, 2, 2, 2, 2, 2, 2, 2, 2, 2, 2, 2]",2.0,0.0,5.0,0,0.0
2554,Fer_FPM01-02_20012023_31_108.jpg,92463762,1.5,1.5,1,2,"[1, 2]",1.5,2,3,"[1, 2]",0.0,0.0,0.0,0,0.0
2555,Fer_FPM01-02_20012023_17_122.jpg,92463763,4.0,4.0,4,4,[4],4.0,1,4,[4],0.0,0.0,0.0,0,0.0
2556,Fer_FPM01-02_20012023_9_118.jpg,92463765,1.0,1.0,1,1,[1],1.0,2,2,"[1, 1]",0.0,0.0,0.0,0,0.0
2557,Fer_FPM01-02_20012023_9_124.jpg,92463766,1.0,1.0,1,1,[1],1.0,2,2,"[1, 1]",0.0,0.0,0.0,0,0.0
2558,Fer_FPM01-02_20012023_20_131.jpg,92463767,1.0,2.0,1,1,[1],1.0,3,6,"[1, 1, 4]",1.0,0.0,5.0,0,1.0
2559,Fer_FPM01-02_20012023_30_125.jpg,92463768,3.0,2.71,4,4,[4],4.0,14,38,"[1, 1, 1, 1, 2, 3, 3, 3, 3, 4, 4, 4, 4, 4]",3.0,0.0,5.0,0,0.0
2560,Fer_FPM01-02_20012023_20_125.jpg,92463770,2.0,2.25,2,2,[2],2.0,8,18,"[2, 2, 2, 2, 2, 2, 3, 3]",2.0,0.0,5.0,0,2.0
2561,Fer_FPM01-02_20012023_30_119.jpg,92463771,4.0,3.67,4,4,[4],4.0,9,33,"[2, 2, 3, 4, 4, 4, 4, 4, 6]",3.0,0.0,5.0,0,0.0
2562,Fer_FPM01-02_20012023_40_72.jpg,92463773,3.0,2.62,3,3,[3],3.0,16,42,"[1, 1, 2, 2, 3, 3, 3, 3, 3, 3, 3, 3, 3, 3, 3, 3]",3.0,0.0,5.0,0,0.0
2563,Fer_FPM01-02_20012023_8_121.jpg,92463774,1.0,1.0,1,1,[1],1.0,1,1,[1],0.0,0.0,0.0,0,0.0
2564,Fer_FPM01-02_20012023_40_73.jpg,92463778,4.0,4.47,4,4,[4],4.0,17,76,"[2, 2, 3, 4, 4, 4, 4, 4, 4, 4, 5, 5, 6, 6, 6, 6, 7]",6.0,0.0,5.0,0,0.0
2565,Fer_FPM01-02_20012023_16_126.jpg,92463782,1.0,1.83,1,1,[1],1.0,18,33,"[1, 1, 1, 1, 1, 1, 1, 1, 1, 1, 1, 2, 3, 3, 3, 3, 4, 4]",3.0,0.0,5.0,0,0.0
2566,Fer_FPM01-02_20012023_30_118.jpg,92463783,9.5,9.42,6,6,[6],6.0,12,113,"[1, 6, 6, 7, 8, 9, 10, 11, 12, 13, 14, 16]",11.0,0.0,5.0,0,12.0
2567,Fer_FPM01-02_20012023_40_98.jpg,92463785,1.0,1.0,1,1,[1],1.0,1,1,[1],0.0,0.0,0.0,0,0.0
2568,Fer_FPM01-02_20012023_20_130.jpg,92463787,1.0,1.0,1,1,[1],1.0,3,3,"[1, 1, 1]",0.0,0.0,0.0,0,0.0
2569,Fer_FPM01-02_20012023_30_124.jpg,92463788,1.0,1.0,1,1,[1],1.0,7,7,"[1, 1, 1, 1, 1, 1, 1]",1.0,0.0,5.0,0,2.0
2570,Fer_FPM01-02_20012023_9_125.jpg,92463789,4.0,3.58,4,4,[4],4.0,12,43,"[2, 3, 3, 3, 3, 4, 4, 4, 4, 4, 4, 5]",4.0,0.0,5.0,0,2.0
2571,Fer_FPM01-02_20012023_21_109.jpg,92463791,1.0,1.12,1,1,[1],1.0,8,9,"[1, 1, 1, 1, 1, 1, 1, 2]",1.0,0.0,5.0,0,4.0
2572,Fer_FPM01-02_20012023_37_12.jpg,92463793,1.0,1.0,1,1,[1],1.0,2,2,"[1, 1]",0.0,0.0,0.0,0,0.0
2573,Fer_FPM01-02_20012023_21_121.jpg,92463794,7.0,7.0,5,9,"[5, 9]",7.0,2,14,"[5, 9]",1.0,0.0,5.0,0,9.0
2574,Fer_FPM01-02_20012023_41_3.jpg,92463796,1.0,1.0,1,1,[1],1.0,1,1,[1],0.0,0.0,0.0,0,0.0
2575,Fer_FPM01-02_20012023_34_104.jpg,92463799,5.0,5.27,5,5,[5],5.0,15,79,"[2, 3, 4, 5, 5, 5, 5, 5, 5, 5, 6, 6, 7, 7, 9]",5.0,0.0,5.0,0,11.0
2576,Fer_FPM01-02_20012023_24_110.jpg,92463800,17.0,23.06,11,45,"[11, 17, 45]",24.333333333333332,17,392,"[4, 6, 8, 11, 11, 12, 16, 17, 17, 18, 21, 29, 35, 39, 45, 45, 58]",30.0,0.0,5.0,0,60.0
2577,Fer_FPM01-02_20012023_42_76.jpg,92463802,1.0,1.38,1,1,[1],1.0,8,11,"[1, 1, 1, 1, 1, 2, 2, 2]",1.0,0.0,5.0,0,6.0
2578,Fer_FPM01-02_20012023_38_94.jpg,92463803,2.0,2.0,1,3,"[1, 2, 3]",2.0,3,6,"[1, 2, 3]",1.0,0.0,5.0,0,1.0
2579,Fer_FPM01-02_20012023_33_8.jpg,92463805,24.5,26.67,16,40,"[16, 22, 40]",26.0,18,480,"[14, 15, 16, 16, 19, 21, 22, 22, 24, 25, 28, 30, 33, 35, 37, 40, 40, 43]",36.0,0.0,5.0,0,33.0
2580,Fer_FPM01-02_20012023_13_117.jpg,92463806,1.0,1.67,1,1,[1],1.0,6,10,"[1, 1, 1, 1, 2, 4]",1.0,0.0,5.0,0,5.0
2581,Fer_FPM01-02_20012023_25_129.jpg,92463807,1.0,1.0,1,1,[1],1.0,1,1,[1],0.0,0.0,0.0,0,0.0
2582,Fer_FPM01-02_20012023_28_122.jpg,92463809,11.5,10.72,13,13,[13],13.0,18,193,"[1, 2, 6, 8, 8, 8, 10, 10, 11, 12, 13, 13, 13, 13, 15, 15, 17, 18]",13.0,0.0,5.0,0,17.0
2583,Fer_FPM01-02_20012023_25_117.jpg,92463815,1.5,1.5,1,2,"[1, 2]",1.5,10,15,"[1, 1, 1, 1, 1, 2, 2, 2, 2, 2]",1.0,0.0,5.0,0,10.0
2584,Fer_FPM01-02_20012023_28_120.jpg,92463816,3.0,3.0,3,3,[3],3.0,16,48,"[2, 2, 2, 3, 3, 3, 3, 3, 3, 3, 3, 3, 3, 4, 4, 4]",4.0,0.0,5.0,0,0.0
2585,Fer_FPM01-02_20012023_35_103.jpg,92463817,2.0,1.82,2,2,[2],2.0,11,20,"[1, 1, 1, 1, 2, 2, 2, 2, 2, 2, 4]",2.0,0.0,5.0,0,2.0
2586,Fer_FPM01-02_20012023_38_69.jpg,92463818,1.0,2.0,1,1,[1],1.0,12,24,"[1, 1, 1, 1, 1, 1, 1, 1, 1, 1, 1, 13]",1.0,0.0,5.0,0,19.0
2587,Fer_FPM01-02_20012023_38_96.jpg,92463821,3.0,3.5,3,3,[3],3.0,8,28,"[3, 3, 3, 3, 3, 4, 4, 5]",3.0,0.0,5.0,0,3.0
2588,Fer_FPM01-02_20012023_24_112.jpg,92463825,2.0,1.73,2,2,[2],2.0,11,19,"[1, 1, 1, 2, 2, 2, 2, 2, 2, 2, 2]",2.0,0.0,5.0,0,0.0
2589,Fer_FPM01-02_20012023_29_125.jpg,92463827,2.0,2.0,2,2,[2],2.0,5,10,"[1, 2, 2, 2, 3]",1.0,0.0,5.0,0,5.0
2590,Fer_FPM01-02_20012023_24_106.jpg,92463828,7.0,7.0,7,7,[7],7.0,1,7,[7],1.0,0.0,5.0,0,2.0
2591,Fer_FPM01-02_20012023_29_119.jpg,92463829,1.0,1.5,1,1,[1],1.0,8,12,"[1, 1, 1, 1, 1, 1, 2, 4]",2.0,0.0,5.0,0,0.0
2592,Fer_FPM01-02_20012023_1_121.jpg,92463830,8.0,8.0,3,13,"[3, 13]",8.0,2,16,"[3, 13]",1.0,0.0,5.0,0,11.0
2593,Fer_FPM01-02_20012023_31_123.jpg,92463831,8.0,8.0,1,13,"[1, 6, 10, 13]",7.5,13,104,"[1, 1, 5, 6, 6, 7, 8, 9, 10, 10, 13, 13, 15]",12.0,0.0,5.0,0,3.0
2594,Fer_FPM01-02_20012023_21_123.jpg,92463834,1.0,1.0,1,1,[1],1.0,2,2,"[1, 1]",0.0,0.0,0.0,0,0.0
2595,Fer_FPM01-02_20012023_39_15.jpg,92463836,1.0,1.0,1,1,[1],1.0,1,1,[1],0.0,0.0,0.0,0,0.0
2596,Fer_FPM01-02_20012023_30_126.jpg,92463838,1.0,5.17,1,1,[1],1.0,12,62,"[1, 1, 1, 1, 1, 1, 1, 1, 1, 1, 5, 47]",3.0,0.0,5.0,0,28.0
2597,Fer_FPM01-02_20012023_16_124.jpg,92463842,1.0,1.5,1,1,[1],1.0,8,12,"[1, 1, 1, 1, 1, 2, 2, 3]",2.0,0.0,5.0,0,0.0
2598,Fer_FPM01-02_20012023_34_96.jpg,92463843,2.0,2.0,1,3,"[1, 3]",2.0,2,4,"[1, 3]",0.0,0.0,0.0,0,0.0
2599,Fer_FPM01-02_20012023_40_71.jpg,92463844,3.0,3.0,3,3,[3],3.0,1,3,[3],0.0,0.0,0.0,0,0.0
2600,Fer_FPM01-02_20012023_28_9.jpg,92463845,1.5,1.5,1,2,"[1, 2]",1.5,2,3,"[1, 2]",0.0,0.0,0.0,0,0.0
2601,Fer_FPM01-02_20012023_34_97.jpg,92463847,2.0,2.0,2,2,[2],2.0,2,4,"[2, 2]",0.0,0.0,0.0,0,0.0
2602,Fer_FPM01-02_20012023_8_123.jpg,92463848,1.0,1.0,1,1,[1],1.0,1,1,[1],0.0,0.0,0.0,0,0.0
2603,Fer_FPM01-02_20012023_28_8.jpg,92463849,2.0,2.0,2,2,[2],2.0,1,2,[2],0.0,0.0,0.0,0,0.0
2604,Fer_FPM01-02_20012023_40_70.jpg,92463851,1.5,1.5,1,2,"[1, 2]",1.5,2,3,"[1, 2]",0.0,0.0,0.0,0,0.0
2605,Fer_FPM01-02_20012023_16_125.jpg,92463852,1.5,1.5,1,2,"[1, 2]",1.5,2,3,"[1, 2]",0.0,0.0,0.0,0,0.0
2606,Fer_FPM01-02_20012023_41_18.jpg,92463862,4.0,3.75,4,4,[4],4.0,8,30,"[3, 3, 3, 4, 4, 4, 4, 5]",2.0,0.0,5.0,0,1.0
2607,Fer_FPM01-02_20012023_31_9.jpg,92463865,1.0,1.0,1,1,[1],1.0,1,1,[1],0.0,0.0,0.0,0,0.0
2608,Fer_FPM01-02_20012023_29_118.jpg,92463866,3.5,3.4,5,5,[5],5.0,10,34,"[1, 1, 2, 2, 3, 4, 5, 5, 5, 6]",4.0,0.0,5.0,0,4.0
2609,Fer_FPM01-02_20012023_24_107.jpg,92463867,1.0,1.0,1,1,[1],1.0,3,3,"[1, 1, 1]",0.0,0.0,0.0,0,0.0
2610,Fer_FPM01-02_20012023_24_113.jpg,92463868,13.0,13.0,13,13,[13],13.0,1,13,[13],1.0,0.0,5.0,0,8.0
2611,Fer_FPM01-02_20012023_34_107.jpg,92463869,4.0,3.38,4,4,[4],4.0,13,44,"[1, 1, 1, 3, 3, 3, 4, 4, 4, 4, 5, 5, 6]",5.0,0.0,5.0,0,0.0
2612,Fer_FPM01-02_20012023_38_97.jpg,92463874,1.0,1.0,1,1,[1],1.0,10,10,"[1, 1, 1, 1, 1, 1, 1, 1, 1, 1]",1.0,0.0,5.0,0,5.0
2613,Fer_FPM01-02_20012023_28_109.jpg,92463875,2.0,1.88,2,2,[2],2.0,8,15,"[1, 1, 1, 2, 2, 2, 2, 4]",2.0,0.0,5.0,0,2.0
2614,Fer_FPM01-02_20012023_38_68.jpg,92463876,1.0,1.0,1,1,[1],1.0,3,3,"[1, 1, 1]",0.0,0.0,0.0,0,0.0
2615,Fer_FPM01-02_20012023_25_116.jpg,92463877,1.0,1.0,1,1,[1],1.0,1,1,[1],0.0,0.0,0.0,0,0.0
2616,Fer_FPM01-02_20012023_25_11.jpg,92463878,2.0,2.0,2,2,[2],2.0,1,2,[2],0.0,0.0,0.0,0,0.0
2617,Fer_FPM01-02_20012023_28_121.jpg,92463879,3.0,2.85,3,3,[3],3.0,13,37,"[2, 2, 2, 2, 3, 3, 3, 3, 3, 3, 3, 4, 4]",4.0,0.0,5.0,0,0.0
2618,Fer_FPM01-02_20012023_35_102.jpg,92463880,15.0,15.0,15,15,[15],15.0,1,15,[15],1.0,0.0,5.0,0,10.0
2619,Fer_FPM01-02_20012023_38_78.jpg,92463883,54.0,54.0,54,54,[54],54.0,1,54,[54],1.0,0.0,5.0,0,36.0
2620,Fer_FPM01-02_20012023_35_106.jpg,92463885,2.0,2.44,2,2,[2],2.0,9,22,"[1, 2, 2, 2, 2, 3, 3, 3, 4]",2.0,0.0,5.0,0,6.0
2621,Fer_FPM01-02_20012023_28_125.jpg,92463886,3.0,3.5,2,3,"[2, 3]",2.5,16,56,"[1, 2, 2, 2, 2, 3, 3, 3, 3, 4, 4, 5, 5, 5, 6, 6]",5.0,0.0,5.0,0,0.0
2622,Fer_FPM01-02_20012023_25_112.jpg,92463887,2.0,2.25,2,2,[2],2.0,4,9,"[1, 2, 2, 4]",1.0,0.0,5.0,0,4.0
2623,Fer_FPM01-02_20012023_0_121.jpg,92463889,2.0,2.09,2,2,[2],2.0,11,23,"[1, 2, 2, 2, 2, 2, 2, 2, 2, 2, 4]",2.0,0.0,5.0,0,0.0
2624,Fer_FPM01-02_20012023_42_71.jpg,92463891,1.0,1.25,1,1,[1],1.0,8,10,"[1, 1, 1, 1, 1, 1, 1, 3]",1.0,0.0,5.0,0,5.0
2625,Fer_FPM01-02_20012023_12_115.jpg,92463896,1.0,1.0,1,1,[1],1.0,4,4,"[1, 1, 1, 1]",0.0,0.0,0.0,0,0.0
2626,Fer_FPM01-02_20012023_29_120.jpg,92463898,1.0,1.0,1,1,[1],1.0,1,1,[1],0.0,0.0,0.0,0,0.0
2627,Fer_FPM01-02_20012023_34_103.jpg,92463899,2.0,1.94,2,2,[2],2.0,16,31,"[1, 1, 2, 2, 2, 2, 2, 2, 2, 2, 2, 2, 2, 2, 2, 3]",2.0,0.0,5.0,0,2.0
2628,Fer_FPM01-02_20012023_35_10.jpg,92463900,32.0,32.44,22,50,"[22, 27, 50]",33.0,18,584,"[8, 11, 20, 22, 22, 27, 27, 30, 31, 33, 35, 37, 39, 40, 48, 50, 50, 54]",45.0,0.0,5.0,0,68.0
2629,Fer_FPM01-02_20012023_1_124.jpg,92463902,2.0,2.0,2,2,[2],2.0,15,30,"[2, 2, 2, 2, 2, 2, 2, 2, 2, 2, 2, 2, 2, 2, 2]",2.0,0.0,5.0,0,0.0
2630,Fer_FPM01-02_20012023_21_132.jpg,92463905,2.0,1.82,2,2,[2],2.0,11,20,"[1, 1, 2, 2, 2, 2, 2, 2, 2, 2, 2]",2.0,0.0,5.0,0,0.0
2631,Fer_FPM01-02_20012023_31_126.jpg,92463907,2.0,2.0,2,2,[2],2.0,18,36,"[1, 1, 2, 2, 2, 2, 2, 2, 2, 2, 2, 2, 2, 2, 2, 2, 3, 3]",2.0,0.0,5.0,0,0.0
2632,Fer_FPM01-02_20012023_21_126.jpg,92463908,2.0,1.93,2,2,[2],2.0,14,27,"[1, 1, 1, 2, 2, 2, 2, 2, 2, 2, 2, 2, 2, 4]",2.0,0.0,5.0,0,2.0
2633,Fer_FPM01-02_20012023_9_122.jpg,92463910,3.5,3.5,1,6,"[1, 6]",3.5,2,7,"[1, 6]",1.0,0.0,5.0,0,2.0
2634,Fer_FPM01-02_20012023_16_121.jpg,92463911,1.0,1.0,1,1,[1],1.0,1,1,[1],0.0,0.0,0.0,0,0.0
2635,Fer_FPM01-02_20012023_35_9.jpg,92463912,17.0,18.72,22,22,[22],22.0,18,337,"[9, 12, 13, 13, 14, 15, 15, 16, 16, 18, 22, 22, 22, 22, 24, 27, 28, 29]",26.0,0.0,5.0,0,27.0
2636,Fer_FPM01-02_20012023_27_10.jpg,92463915,1.0,1.0,1,1,[1],1.0,2,2,"[1, 1]",0.0,0.0,0.0,0,0.0
2637,Fer_FPM01-02_20012023_30_123.jpg,92463916,2.0,1.73,2,2,[2],2.0,15,26,"[1, 1, 1, 1, 2, 2, 2, 2, 2, 2, 2, 2, 2, 2, 2]",2.0,0.0,5.0,0,0.0
2638,Fer_FPM01-02_20012023_40_60.jpg,92463917,1.0,1.0,1,1,[1],1.0,1,1,[1],0.0,0.0,0.0,0,0.0
2639,Fer_FPM01-02_20012023_40_74.jpg,92463918,29.0,31.41,29,29,[29],29.0,17,534,"[12, 19, 22, 25, 27, 29, 29, 29, 29, 33, 35, 38, 38, 40, 40, 43, 46]",37.0,0.0,5.0,0,21.0
2640,Fer_FPM01-02_20012023_40_48.jpg,92463920,2.0,2.0,2,2,[2],2.0,1,2,[2],0.0,0.0,0.0,0,0.0
2641,Fer_FPM01-02_20012023_40_75.jpg,92463921,64.5,59.22,39,73,"[39, 72, 73]",61.333333333333336,18,1066,"[29, 30, 33, 34, 39, 39, 44, 49, 60, 69, 71, 72, 72, 73, 73, 86, 93, 100]",84.0,0.0,5.0,0,52.0
2642,Fer_FPM01-02_20012023_30_122.jpg,92463924,1.0,1.77,1,1,[1],1.0,13,23,"[1, 1, 1, 1, 1, 1, 1, 2, 2, 3, 3, 3, 3]",3.0,0.0,5.0,0,0.0
2643,Fer_FPM01-02_20012023_16_108.jpg,92463926,2.0,2.0,2,2,[2],2.0,5,10,"[1, 2, 2, 2, 3]",2.0,0.0,5.0,0,0.0
2644,Fer_FPM01-02_20012023_9_123.jpg,92463929,1.0,1.0,1,1,[1],1.0,4,4,"[1, 1, 1, 1]",0.0,0.0,0.0,0,0.0
2645,Fer_FPM01-02_20012023_39_5.jpg,92463930,1.0,1.0,1,1,[1],1.0,2,2,"[1, 1]",0.0,0.0,0.0,0,0.0
2646,Fer_FPM01-02_20012023_39_11.jpg,92463933,1.0,1.0,1,1,[1],1.0,1,1,[1],0.0,0.0,0.0,0,0.0
2647,Fer_FPM01-02_20012023_29_121.jpg,92463935,2.0,2.35,3,3,[3],3.0,17,40,"[1, 1, 1, 1, 2, 2, 2, 2, 2, 3, 3, 3, 3, 3, 3, 4, 4]",4.0,0.0,5.0,0,1.0
2648,Fer_FPM01-02_20012023_24_116.jpg,92463937,1.0,1.0,1,1,[1],1.0,1,1,[1],0.0,0.0,0.0,0,0.0
2649,Fer_FPM01-02_20012023_35_11.jpg,92463938,15.0,17.94,2,31,"[2, 3, 31]",12.0,17,305,"[2, 2, 3, 3, 6, 11, 12, 14, 15, 16, 19, 21, 29, 31, 31, 41, 49]",25.0,0.0,5.0,0,59.0
2650,Fer_FPM01-02_20012023_29_109.jpg,92463941,10.0,10.0,7,13,"[7, 13]",10.0,2,20,"[7, 13]",1.0,0.0,5.0,0,15.0
2651,Fer_FPM01-02_20012023_41_5.jpg,92463942,1.0,2.88,1,1,[1],1.0,8,23,"[1, 1, 1, 1, 1, 1, 3, 14]",2.0,0.0,5.0,0,0.0
2652,Fer_FPM01-02_20012023_38_92.jpg,92463944,3.0,3.25,3,3,[3],3.0,16,52,"[3, 3, 3, 3, 3, 3, 3, 3, 3, 3, 3, 3, 4, 4, 4, 4]",4.0,0.0,5.0,0,1.0
2653,Fer_FPM01-02_20012023_36_97.jpg,92463945,1.0,1.0,1,1,[1],1.0,1,1,[1],0.0,0.0,0.0,0,0.0
2654,Fer_FPM01-02_20012023_42_70.jpg,92463946,2.5,2.5,2,3,"[2, 3]",2.5,2,5,"[2, 3]",1.0,0.0,5.0,0,0.0
2655,Fer_FPM01-02_20012023_0_120.jpg,92463948,3.0,2.75,3,3,[3],3.0,16,44,"[1, 2, 2, 3, 3, 3, 3, 3, 3, 3, 3, 3, 3, 3, 3, 3]",4.0,0.0,5.0,0,0.0
2656,Fer_FPM01-02_20012023_35_107.jpg,92463949,1.5,1.75,1,1,[1],1.0,4,7,"[1, 1, 2, 3]",1.0,0.0,5.0,0,2.0
2657,Fer_FPM01-02_20012023_28_124.jpg,92463950,15.5,15.25,13,13,[13],13.0,16,244,"[11, 12, 13, 13, 13, 13, 13, 15, 16, 17, 17, 17, 18, 18, 19, 19]",19.0,0.0,5.0,0,14.0
2658,Fer_FPM01-02_20012023_25_113.jpg,92463951,1.0,1.2,1,1,[1],1.0,10,12,"[1, 1, 1, 1, 1, 1, 1, 1, 1, 3]",1.0,0.0,5.0,0,7.0
2659,Fer_FPM01-02_20012023_28_130.jpg,92463953,1.0,1.0,1,1,[1],1.0,3,3,"[1, 1, 1]",0.0,0.0,0.0,0,0.0
2660,Fer_FPM01-02_20012023_38_79.jpg,92463954,1.0,1.0,1,1,[1],1.0,2,2,"[1, 1]",0.0,0.0,0.0,0,0.0
2661,Fer_FPM01-02_20012023_28_118.jpg,92463955,7.0,6.15,1,1,[1],1.0,13,80,"[1, 1, 1, 1, 6, 6, 7, 8, 8, 8, 9, 11, 13]",7.0,0.0,5.0,0,9.0
2662,Fer_FPM01-02_20012023_25_111.jpg,92463956,23.0,23.11,23,23,[23],23.0,18,416,"[13, 18, 20, 20, 21, 22, 22, 23, 23, 23, 23, 24, 25, 25, 26, 28, 30, 30]",25.0,0.0,5.0,0,52.0
2663,Fer_FPM01-02_20012023_28_126.jpg,92463957,1.0,1.0,1,1,[1],1.0,6,6,"[1, 1, 1, 1, 1, 1]",1.0,0.0,5.0,0,1.0
2664,Fer_FPM01-02_20012023_35_105.jpg,92463958,1.0,1.83,1,1,[1],1.0,12,22,"[1, 1, 1, 1, 1, 1, 1, 2, 2, 2, 2, 7]",1.0,0.0,5.0,0,17.0
2665,Fer_FPM01-02_20012023_25_105.jpg,92463959,16.0,16.0,16,16,[16],16.0,1,16,[16],1.0,0.0,5.0,0,11.0
2666,Fer_FPM01-02_20012023_42_99.jpg,92463960,9.0,8.57,10,10,[10],10.0,21,180,"[4, 4, 6, 6, 7, 8, 8, 8, 8, 8, 9, 9, 9, 10, 10, 10, 10, 10, 10, 11, 15]",10.0,0.0,5.0,0,12.0
2667,Fer_FPM01-02_20012023_42_72.jpg,92463961,1.0,1.0,1,1,[1],1.0,18,18,"[1, 1, 1, 1, 1, 1, 1, 1, 1, 1, 1, 1, 1, 1, 1, 1, 1, 1]",1.0,0.0,5.0,0,3.0
2668,Fer_FPM01-02_20012023_36_95.jpg,92463962,1.0,2.1,1,1,[1],1.0,10,21,"[1, 1, 1, 1, 1, 1, 2, 2, 2, 9]",1.0,0.0,5.0,0,16.0
2669,Fer_FPM01-02_20012023_42_66.jpg,92463963,4.0,3.62,5,5,[5],5.0,13,47,"[1, 1, 1, 2, 3, 4, 4, 4, 5, 5, 5, 5, 7]",5.0,0.0,5.0,0,6.0
2670,Fer_FPM01-02_20012023_38_90.jpg,92463964,9.0,8.32,9,9,[9],9.0,19,158,"[6, 6, 7, 7, 7, 8, 8, 9, 9, 9, 9, 9, 9, 9, 9, 9, 9, 9, 10]",11.0,0.0,5.0,0,11.0
2671,Fer_FPM01-02_20012023_12_116.jpg,92463965,1.5,1.5,1,2,"[1, 2]",1.5,6,9,"[1, 1, 1, 2, 2, 2]",1.0,0.0,5.0,0,4.0
2672,Fer_FPM01-02_20012023_24_128.jpg,92463966,1.0,1.0,1,1,[1],1.0,1,1,[1],0.0,0.0,0.0,0,0.0
2673,Fer_FPM01-02_20012023_24_114.jpg,92463969,2.0,2.11,2,2,[2],2.0,18,38,"[2, 2, 2, 2, 2, 2, 2, 2, 2, 2, 2, 2, 2, 2, 2, 2, 3, 3]",2.0,0.0,5.0,0,3.0
2674,Fer_FPM01-02_20012023_29_123.jpg,92463971,1.0,1.0,1,1,[1],1.0,5,5,"[1, 1, 1, 1, 1]",1.0,0.0,5.0,0,0.0
2675,Fer_FPM01-02_20012023_39_13.jpg,92463973,2.0,1.69,1,1,[1],1.0,13,22,"[1, 1, 1, 1, 1, 1, 2, 2, 2, 2, 2, 3, 3]",3.0,0.0,5.0,0,3.0
2676,Fer_FPM01-02_20012023_31_119.jpg,92463975,7.5,6.3,9,9,[9],9.0,10,63,"[1, 1, 2, 7, 7, 8, 9, 9, 9, 10]",8.0,0.0,5.0,0,0.0
2677,Fer_FPM01-02_20012023_21_125.jpg,92463976,1.5,1.5,1,2,"[1, 2]",1.5,2,3,"[1, 2]",0.0,0.0,0.0,0,0.0
2678,Fer_FPM01-02_20012023_31_125.jpg,92463977,3.0,4.43,2,2,[2],2.0,14,62,"[1, 1, 1, 2, 2, 2, 2, 4, 5, 5, 6, 9, 11, 11]",5.0,0.0,5.0,0,6.0
2679,Fer_FPM01-02_20012023_9_121.jpg,92463980,2.0,1.67,2,2,[2],2.0,15,25,"[1, 1, 1, 1, 1, 2, 2, 2, 2, 2, 2, 2, 2, 2, 2]",2.0,0.0,5.0,0,0.0
2680,Fer_FPM01-02_20012023_16_122.jpg,92463981,2.0,2.0,2,2,[2],2.0,1,2,[2],0.0,0.0,0.0,0,0.0
2681,Fer_FPM01-02_20012023_20_108.jpg,92463982,1.0,1.0,1,1,[1],1.0,1,1,[1],0.0,0.0,0.0,0,0.0
2682,Fer_FPM01-02_20012023_30_108.jpg,92463983,1.0,1.0,1,1,[1],1.0,5,5,"[1, 1, 1, 1, 1]",1.0,0.0,5.0,0,0.0
2683,Fer_FPM01-02_20012023_20_120.jpg,92463985,1.0,1.0,1,1,[1],1.0,1,1,[1],0.0,0.0,0.0,0,0.0
2684,Fer_FPM01-02_20012023_40_77.jpg,92463986,6.0,6.25,6,7,"[6, 7]",6.5,16,100,"[1, 4, 5, 5, 5, 6, 6, 6, 6, 7, 7, 7, 7, 9, 9, 10]",8.0,0.0,5.0,0,6.0
2685,Fer_FPM01-02_20012023_40_62.jpg,92463989,4.0,4.0,4,4,[4],4.0,1,4,[4],0.0,0.0,0.0,0,0.0
2686,Fer_FPM01-02_20012023_33_98.jpg,92463990,1.0,1.0,1,1,[1],1.0,1,1,[1],0.0,0.0,0.0,0,0.0
2687,Fer_FPM01-02_20012023_40_76.jpg,92463992,30.0,31.24,28,30,"[28, 30]",29.0,17,531,"[18, 24, 25, 28, 28, 28, 30, 30, 30, 32, 32, 35, 36, 37, 38, 40, 40]",39.0,0.0,5.0,0,25.0
2688,Fer_FPM01-02_20012023_30_121.jpg,92463995,1.0,1.2,1,1,[1],1.0,10,12,"[1, 1, 1, 1, 1, 1, 1, 1, 2, 2]",1.0,0.0,5.0,0,7.0
2689,Fer_FPM01-02_20012023_40_89.jpg,92463996,1.0,1.38,1,1,[1],1.0,16,22,"[1, 1, 1, 1, 1, 1, 1, 1, 1, 1, 1, 1, 1, 1, 1, 7]",2.0,0.0,5.0,0,0.0
2690,Fer_FPM01-02_20012023_30_109.jpg,92463998,2.5,2.5,1,4,"[1, 4]",2.5,2,5,"[1, 4]",1.0,0.0,5.0,0,0.0
2691,Fer_FPM01-02_20012023_20_109.jpg,92463999,1.0,1.27,1,1,[1],1.0,11,14,"[1, 1, 1, 1, 1, 1, 1, 1, 1, 1, 4]",1.0,0.0,5.0,0,9.0
2692,Fer_FPM01-02_20012023_9_120.jpg,92464001,3.0,2.73,3,3,[3],3.0,15,41,"[1, 1, 2, 2, 2, 3, 3, 3, 3, 3, 3, 3, 3, 4, 5]",4.0,0.0,5.0,0,1.0
2693,Fer_FPM01-02_20012023_31_124.jpg,92464003,3.0,3.08,3,3,[3],3.0,13,40,"[1, 1, 1, 2, 3, 3, 3, 3, 4, 4, 5, 5, 5]",4.0,0.0,5.0,0,4.0
2694,Fer_FPM01-02_20012023_21_130.jpg,92464004,1.0,1.0,1,1,[1],1.0,1,1,[1],0.0,0.0,0.0,0,0.0
2695,Fer_FPM01-02_20012023_31_118.jpg,92464006,1.0,1.57,1,1,[1],1.0,7,11,"[1, 1, 1, 1, 2, 2, 3]",1.0,0.0,5.0,0,6.0
2696,Fer_FPM01-02_20012023_17_126.jpg,92464007,2.0,2.06,2,2,[2],2.0,16,33,"[1, 1, 1, 1, 1, 1, 2, 2, 2, 2, 2, 2, 2, 3, 3, 7]",3.0,0.0,5.0,0,5.0
2697,Fer_FPM01-02_20012023_37_9.jpg,92464008,5.0,5.0,5,5,[5],5.0,1,5,[5],1.0,0.0,5.0,0,0.0
2698,Fer_FPM01-02_20012023_39_12.jpg,92464009,1.0,1.0,1,1,[1],1.0,5,5,"[1, 1, 1, 1, 1]",1.0,0.0,5.0,0,0.0
2699,Fer_FPM01-02_20012023_24_115.jpg,92464011,1.0,1.24,1,1,[1],1.0,17,21,"[1, 1, 1, 1, 1, 1, 1, 1, 1, 1, 1, 1, 1, 2, 2, 2, 2]",1.0,0.0,5.0,0,6.0
2700,Fer_FPM01-02_20012023_29_122.jpg,92464013,1.0,1.12,1,1,[1],1.0,17,19,"[1, 1, 1, 1, 1, 1, 1, 1, 1, 1, 1, 1, 1, 1, 1, 2, 2]",1.0,0.0,5.0,0,14.0
2701,Fer_FPM01-02_20012023_24_129.jpg,92464014,1.0,1.0,1,1,[1],1.0,7,7,"[1, 1, 1, 1, 1, 1, 1]",1.0,0.0,5.0,0,2.0
2702,Fer_FPM01-02_20012023_12_117.jpg,92464016,1.5,1.75,1,1,[1],1.0,4,7,"[1, 1, 2, 3]",1.0,0.0,5.0,0,2.0
2703,Fer_FPM01-02_20012023_42_67.jpg,92464018,16.5,17.06,13,13,[13],13.0,16,273,"[13, 13, 13, 13, 15, 15, 16, 16, 17, 17, 19, 19, 20, 21, 22, 24]",21.0,0.0,5.0,0,10.0
2704,Fer_FPM01-02_20012023_42_73.jpg,92464019,1.0,1.0,1,1,[1],1.0,1,1,[1],0.0,0.0,0.0,0,0.0
2705,Fer_FPM01-02_20012023_42_98.jpg,92464021,5.5,4.79,6,6,[6],6.0,14,67,"[2, 3, 3, 3, 4, 4, 5, 6, 6, 6, 6, 6, 6, 7]",6.0,0.0,5.0,0,2.0
2706,Fer_FPM01-02_20012023_25_110.jpg,92464022,14.0,14.38,11,11,[11],11.0,16,230,"[7, 8, 11, 11, 11, 12, 13, 14, 14, 15, 15, 18, 18, 20, 21, 22]",20.0,0.0,5.0,0,23.0
2707,Fer_FPM01-02_20012023_28_127.jpg,92464023,1.0,1.0,1,1,[1],1.0,9,9,"[1, 1, 1, 1, 1, 1, 1, 1, 1]",1.0,0.0,5.0,0,3.0
2708,Fer_FPM01-02_20012023_23_126.jpg,92464026,6.0,5.88,6,7,"[6, 7]",6.5,16,94,"[1, 2, 3, 4, 4, 5, 6, 6, 6, 7, 7, 7, 8, 8, 10, 10]",8.0,0.0,5.0,0,6.0
2709,Fer_FPM01-02_20012023_15_118.jpg,92464027,1.0,1.0,1,1,[1],1.0,2,2,"[1, 1]",0.0,0.0,0.0,0,0.0
2710,Fer_FPM01-02_20012023_23_132.jpg,92464028,2.0,2.38,2,2,[2],2.0,13,31,"[1, 1, 1, 2, 2, 2, 2, 2, 2, 2, 2, 3, 9]",3.0,0.0,5.0,0,5.0
2711,Fer_FPM01-02_20012023_42_14.jpg,92464030,1.0,1.0,1,1,[1],1.0,2,2,"[1, 1]",0.0,0.0,0.0,0,0.0
2712,Fer_FPM01-02_20012023_29_9.jpg,92464032,1.0,1.0,1,1,[1],1.0,1,1,[1],0.0,0.0,0.0,0,0.0
2713,Fer_FPM01-02_20012023_18_113.jpg,92464034,2.0,2.0,1,3,"[1, 3]",2.0,5,10,"[1, 1, 2, 3, 3]",1.0,0.0,5.0,0,5.0
2714,Fer_FPM01-02_20012023_22_123.jpg,92464039,3.0,3.0,3,3,[3],3.0,1,3,[3],0.0,0.0,0.0,0,0.0
2715,Fer_FPM01-02_20012023_41_79.jpg,92464040,12.5,12.75,12,14,"[12, 14]",13.0,12,153,"[6, 7, 8, 11, 12, 12, 13, 14, 14, 16, 18, 22]",14.0,0.0,5.0,0,10.0
2716,Fer_FPM01-02_20012023_39_75.jpg,92464045,2.0,2.0,2,2,[2],2.0,1,2,[2],0.0,0.0,0.0,0,0.0
2717,Fer_FPM01-02_20012023_2_121.jpg,92464047,2.0,2.0,2,2,[2],2.0,1,2,[2],0.0,0.0,0.0,0,0.0
2718,Fer_FPM01-02_20012023_27_112.jpg,92464049,3.0,3.0,1,5,"[1, 2, 4, 5]",3.0,4,12,"[1, 2, 4, 5]",1.0,0.0,5.0,0,2.0
2719,Fer_FPM01-02_20012023_27_106.jpg,92464050,1.0,1.0,1,1,[1],1.0,2,2,"[1, 1]",0.0,0.0,0.0,0,0.0
2720,Fer_FPM01-02_20012023_3_124.jpg,92464052,1.0,1.0,1,1,[1],1.0,14,14,"[1, 1, 1, 1, 1, 1, 1, 1, 1, 1, 1, 1, 1, 1]",1.0,0.0,5.0,0,8.0
2721,Fer_FPM01-02_20012023_36_103.jpg,92464054,4.5,7.33,3,3,[3],3.0,18,132,"[1, 2, 3, 3, 3, 3, 4, 4, 4, 5, 5, 5, 10, 12, 13, 15, 19, 21]",12.0,0.0,5.0,0,14.0
2722,Fer_FPM01-02_20012023_26_117.jpg,92464055,3.0,4.0,3,3,[3],3.0,5,20,"[3, 3, 3, 5, 6]",1.0,0.0,5.0,0,8.0
2723,Fer_FPM01-02_20012023_10_115.jpg,92464056,1.5,1.5,1,2,"[1, 2]",1.5,2,3,"[1, 2]",0.0,0.0,0.0,0,0.0
2724,Fer_FPM01-02_20012023_40_11.jpg,92464057,1.0,1.0,1,1,[1],1.0,2,2,"[1, 1]",0.0,0.0,0.0,0,0.0
2725,Fer_FPM01-02_20012023_10_114.jpg,92464058,1.0,1.0,1,1,[1],1.0,12,12,"[1, 1, 1, 1, 1, 1, 1, 1, 1, 1, 1, 1]",1.0,0.0,5.0,0,0.0
2726,Fer_FPM01-02_20012023_40_10.jpg,92464059,1.5,1.5,1,2,"[1, 2]",1.5,4,6,"[1, 1, 2, 2]",1.0,0.0,5.0,0,1.0
2727,Fer_FPM01-02_20012023_36_102.jpg,92464060,5.0,5.29,1,10,"[1, 2, 4, 5, 7, 8, 10]",5.285714285714286,7,37,"[1, 2, 4, 5, 7, 8, 10]",5.0,0.0,5.0,0,8.0
2728,Fer_FPM01-02_20012023_3_119.jpg,92464063,1.0,1.42,1,1,[1],1.0,12,17,"[1, 1, 1, 1, 1, 1, 1, 1, 2, 2, 2, 3]",1.0,0.0,5.0,0,2.0
2729,Fer_FPM01-02_20012023_11_111.jpg,92464064,2.0,2.0,2,2,[2],2.0,1,2,[2],0.0,0.0,0.0,0,0.0
2730,Fer_FPM01-02_20012023_27_107.jpg,92464065,1.0,1.0,1,1,[1],1.0,12,12,"[1, 1, 1, 1, 1, 1, 1, 1, 1, 1, 1, 1]",1.0,0.0,5.0,0,6.0
2731,Fer_FPM01-02_20012023_2_120.jpg,92464067,1.0,1.0,1,1,[1],1.0,8,8,"[1, 1, 1, 1, 1, 1, 1, 1]",1.0,0.0,5.0,0,3.0
2732,Fer_FPM01-02_20012023_39_74.jpg,92464068,4.0,3.53,4,4,[4],4.0,15,53,"[1, 2, 3, 3, 3, 4, 4, 4, 4, 4, 4, 4, 4, 4, 5]",4.0,0.0,5.0,0,0.0
2733,Fer_FPM01-02_20012023_37_65.jpg,92464073,1.0,1.0,1,1,[1],1.0,2,2,"[1, 1]",0.0,0.0,0.0,0,0.0
2734,Fer_FPM01-02_20012023_14_120.jpg,92464074,6.0,6.0,6,6,[6],6.0,15,90,"[3, 4, 5, 5, 6, 6, 6, 6, 6, 6, 6, 7, 7, 8, 9]",6.0,0.0,5.0,0,1.0
2735,Fer_FPM01-02_20012023_41_78.jpg,92464075,4.5,6.2,1,1,[1],1.0,10,62,"[1, 1, 1, 4, 4, 5, 7, 9, 14, 16]",5.0,0.0,5.0,0,8.0
2736,Fer_FPM01-02_20012023_22_122.jpg,92464077,1.0,1.0,1,1,[1],1.0,3,3,"[1, 1, 1]",0.0,0.0,0.0,0,0.0
2737,Fer_FPM01-02_20012023_41_44.jpg,92464078,1.0,1.0,1,1,[1],1.0,3,3,"[1, 1, 1]",0.0,0.0,0.0,0,0.0
2738,Fer_FPM01-02_20012023_41_93.jpg,92464079,3.0,3.0,3,3,[3],3.0,1,3,[3],0.0,0.0,0.0,0,0.0
2739,Fer_FPM01-02_20012023_15_125.jpg,92464081,1.0,1.38,1,1,[1],1.0,16,22,"[1, 1, 1, 1, 1, 1, 1, 1, 1, 1, 2, 2, 2, 2, 2, 2]",2.0,0.0,5.0,0,0.0
2740,Fer_FPM01-02_20012023_18_112.jpg,92464083,4.0,4.13,4,4,[4],4.0,15,62,"[2, 3, 3, 4, 4, 4, 4, 4, 4, 4, 5, 5, 5, 5, 6]",5.0,0.0,5.0,0,1.0
2741,Fer_FPM01-02_20012023_42_15.jpg,92464084,7.0,6.71,6,8,"[6, 8]",7.0,17,114,"[4, 5, 5, 6, 6, 6, 6, 6, 7, 7, 7, 8, 8, 8, 8, 8, 9]",9.0,0.0,5.0,0,16.0
2742,Fer_FPM01-02_20012023_23_127.jpg,92464087,10.0,11.62,8,10,"[8, 10]",9.0,16,186,"[4, 8, 8, 8, 8, 9, 10, 10, 10, 10, 12, 13, 13, 17, 17, 29]",12.0,0.0,5.0,0,32.0
2743,Fer_FPM01-02_20012023_23_131.jpg,92464090,1.0,1.31,1,1,[1],1.0,13,17,"[1, 1, 1, 1, 1, 1, 1, 1, 1, 1, 1, 2, 4]",1.0,0.0,5.0,0,12.0
2744,Fer_FPM01-02_20012023_23_125.jpg,92464091,1.0,1.4,1,1,[1],1.0,15,21,"[1, 1, 1, 1, 1, 1, 1, 1, 1, 1, 2, 2, 2, 2, 3]",1.0,0.0,5.0,0,16.0
2745,Fer_FPM01-02_20012023_18_110.jpg,92464092,9.0,8.85,9,9,[9],9.0,13,115,"[7, 8, 8, 8, 8, 9, 9, 9, 9, 9, 9, 10, 12]",9.0,0.0,5.0,0,6.0
2746,Fer_FPM01-02_20012023_19_13.jpg,92464093,1.0,1.0,1,1,[1],1.0,1,1,[1],0.0,0.0,0.0,0,0.0
2747,Fer_FPM01-02_20012023_23_119.jpg,92464094,4.0,4.26,5,5,[5],5.0,19,81,"[2, 2, 3, 4, 4, 4, 4, 4, 4, 4, 5, 5, 5, 5, 5, 5, 5, 5, 6]",5.0,0.0,5.0,0,6.0
2748,Fer_FPM01-02_20012023_22_108.jpg,92464103,1.0,1.0,1,1,[1],1.0,1,1,[1],0.0,0.0,0.0,0,0.0
2749,Fer_FPM01-02_20012023_23_12.jpg,92464107,1.0,1.0,1,1,[1],1.0,1,1,[1],0.0,0.0,0.0,0,0.0
2750,Fer_FPM01-02_20012023_2_122.jpg,92464108,1.0,1.4,1,1,[1],1.0,10,14,"[1, 1, 1, 1, 1, 1, 1, 1, 2, 4]",1.0,0.0,5.0,0,4.0
2751,Fer_FPM01-02_20012023_39_76.jpg,92464109,1.0,1.07,1,1,[1],1.0,15,16,"[1, 1, 1, 1, 1, 1, 1, 1, 1, 1, 1, 1, 1, 1, 2]",1.0,0.0,5.0,0,11.0
2752,Fer_FPM01-02_20012023_27_105.jpg,92464110,2.0,2.0,2,2,[2],2.0,1,2,[2],0.0,0.0,0.0,0,0.0
2753,Fer_FPM01-02_20012023_37_105.jpg,92464112,2.0,2.53,2,2,[2],2.0,17,43,"[1, 2, 2, 2, 2, 2, 2, 2, 2, 2, 2, 2, 2, 2, 3, 4, 9]",4.0,0.0,5.0,0,4.0
2754,Fer_FPM01-02_20012023_11_113.jpg,92464114,2.0,2.11,2,2,[2],2.0,9,19,"[1, 1, 2, 2, 2, 2, 2, 3, 4]",2.0,0.0,5.0,0,0.0
2755,Fer_FPM01-02_20012023_37_98.jpg,92464115,1.0,1.0,1,1,[1],1.0,6,6,"[1, 1, 1, 1, 1, 1]",1.0,0.0,5.0,0,1.0
2756,Fer_FPM01-02_20012023_26_128.jpg,92464119,1.0,1.0,1,1,[1],1.0,1,1,[1],0.0,0.0,0.0,0,0.0
2757,Fer_FPM01-02_20012023_40_12.jpg,92464120,8.0,7.88,11,11,[11],11.0,17,134,"[3, 5, 5, 6, 6, 6, 7, 7, 8, 8, 9, 10, 10, 11, 11, 11, 11]",13.0,0.0,5.0,0,18.0
2758,Fer_FPM01-02_20012023_10_116.jpg,92464121,1.0,1.18,1,1,[1],1.0,17,20,"[1, 1, 1, 1, 1, 1, 1, 1, 1, 1, 1, 1, 1, 1, 1, 2, 3]",1.0,0.0,5.0,0,4.0
2759,Fer_FPM01-02_20012023_10_117.jpg,92464123,3.0,3.0,3,4,"[3, 4]",3.5,19,57,"[1, 1, 2, 2, 2, 2, 3, 3, 3, 3, 3, 3, 4, 4, 4, 4, 4, 4, 5]",4.0,0.0,5.0,0,4.0
2760,Fer_FPM01-02_20012023_36_101.jpg,92464127,1.0,1.29,1,1,[1],1.0,17,22,"[1, 1, 1, 1, 1, 1, 1, 1, 1, 1, 1, 1, 1, 1, 1, 3, 4]",1.0,0.0,5.0,0,16.0
2761,Fer_FPM01-02_20012023_32_8.jpg,92464128,1.0,1.0,1,1,[1],1.0,5,5,"[1, 1, 1, 1, 1]",1.0,0.0,5.0,0,0.0
2762,Fer_FPM01-02_20012023_37_99.jpg,92464129,1.0,1.0,1,1,[1],1.0,17,17,"[1, 1, 1, 1, 1, 1, 1, 1, 1, 1, 1, 1, 1, 1, 1, 1, 1]",1.0,0.0,5.0,0,5.0
2763,Fer_FPM01-02_20012023_27_110.jpg,92464132,3.0,2.85,4,4,[4],4.0,13,37,"[1, 1, 1, 2, 2, 3, 3, 3, 4, 4, 4, 4, 5]",4.0,0.0,5.0,0,0.0
2764,Fer_FPM01-02_20012023_39_88.jpg,92464133,1.0,1.0,1,1,[1],1.0,20,20,"[1, 1, 1, 1, 1, 1, 1, 1, 1, 1, 1, 1, 1, 1, 1, 1, 1, 1, 1, 1]",1.0,0.0,5.0,0,4.0
2765,Fer_FPM01-02_20012023_37_104.jpg,92464134,2.5,2.75,2,3,"[2, 3]",2.5,12,33,"[1, 1, 2, 2, 2, 2, 3, 3, 3, 3, 4, 7]",3.0,0.0,5.0,0,2.0
2766,Fer_FPM01-02_20012023_27_104.jpg,92464135,1.0,1.0,1,1,[1],1.0,1,1,[1],0.0,0.0,0.0,0,0.0
2767,Fer_FPM01-02_20012023_2_123.jpg,92464137,1.0,1.0,1,1,[1],1.0,1,1,[1],0.0,0.0,0.0,0,0.0
2768,Fer_FPM01-02_20012023_37_72.jpg,92464140,1.0,1.0,1,1,[1],1.0,1,1,[1],0.0,0.0,0.0,0,0.0
2769,Fer_FPM01-02_20012023_19_114.jpg,92464141,1.0,1.0,1,1,[1],1.0,4,4,"[1, 1, 1, 1]",0.0,0.0,0.0,0,0.0
2770,Fer_FPM01-02_20012023_22_109.jpg,92464143,2.0,1.95,2,2,[2],2.0,20,39,"[1, 2, 2, 2, 2, 2, 2, 2, 2, 2, 2, 2, 2, 2, 2, 2, 2, 2, 2, 2]",2.0,0.0,5.0,0,0.0
2771,Fer_FPM01-02_20012023_19_128.jpg,92464144,6.0,5.93,7,7,[7],7.0,15,89,"[2, 3, 3, 5, 6, 6, 6, 6, 7, 7, 7, 7, 7, 8, 9]",8.0,0.0,5.0,0,12.0
2772,Fer_FPM01-02_20012023_22_121.jpg,92464146,3.0,3.0,3,3,[3],3.0,1,3,[3],0.0,0.0,0.0,0,0.0
2773,Fer_FPM01-02_20012023_23_118.jpg,92464149,1.0,1.89,1,1,[1],1.0,9,17,"[1, 1, 1, 1, 1, 2, 2, 3, 5]",1.0,0.0,5.0,0,12.0
2774,Fer_FPM01-02_20012023_18_111.jpg,92464151,7.0,7.53,6,6,[6],6.0,15,113,"[6, 6, 6, 6, 6, 7, 7, 7, 8, 8, 8, 8, 9, 9, 12]",8.0,0.0,5.0,0,11.0
2775,Fer_FPM01-02_20012023_15_126.jpg,92464152,6.0,5.5,6,6,[6],6.0,10,55,"[3, 3, 3, 5, 6, 6, 6, 6, 7, 10]",4.0,0.0,5.0,0,11.0
2776,Fer_FPM01-02_20012023_23_130.jpg,92464154,1.0,1.0,1,1,[1],1.0,16,16,"[1, 1, 1, 1, 1, 1, 1, 1, 1, 1, 1, 1, 1, 1, 1, 1]",1.0,0.0,5.0,0,11.0
2777,Fer_FPM01-02_20012023_23_108.jpg,92464155,3.0,3.0,2,4,"[2, 4]",3.0,2,6,"[2, 4]",1.0,0.0,5.0,0,1.0
2778,Fer_FPM01-02_20012023_18_115.jpg,92464157,2.0,1.83,2,2,[2],2.0,12,22,"[1, 1, 1, 2, 2, 2, 2, 2, 2, 2, 2, 3]",2.0,0.0,5.0,0,0.0
2779,Fer_FPM01-02_20012023_23_120.jpg,92464159,2.0,2.06,2,2,[2],2.0,16,33,"[1, 2, 2, 2, 2, 2, 2, 2, 2, 2, 2, 2, 2, 2, 2, 4]",2.0,0.0,5.0,0,1.0
2780,Fer_FPM01-02_20012023_36_8.jpg,92464160,1.0,2.0,1,1,[1],1.0,4,8,"[1, 1, 1, 5]",1.0,0.0,5.0,0,3.0
2781,Fer_FPM01-02_20012023_7_116.jpg,92464161,11.0,10.06,11,11,[11],11.0,18,181,"[1, 6, 9, 9, 9, 10, 10, 10, 11, 11, 11, 11, 11, 11, 11, 13, 13, 14]",13.0,0.0,5.0,0,13.0
2782,Fer_FPM01-02_20012023_35_73.jpg,92464162,9.0,9.0,9,9,[9],9.0,1,9,[9],1.0,0.0,5.0,0,4.0
2783,Fer_FPM01-02_20012023_41_94.jpg,92464163,3.0,3.0,3,3,[3],3.0,1,3,[3],0.0,0.0,0.0,0,0.0
2784,Fer_FPM01-02_20012023_41_80.jpg,92464164,9.0,10.57,3,25,"[3, 6, 8, 9, 11, 12, 25]",10.571428571428571,7,74,"[3, 6, 8, 9, 11, 12, 25]",9.0,0.0,5.0,0,14.0
2785,Fer_FPM01-02_20012023_21_12.jpg,92464165,1.0,1.0,1,1,[1],1.0,2,2,"[1, 1]",0.0,0.0,0.0,0,0.0
2786,Fer_FPM01-02_20012023_22_119.jpg,92464166,9.0,9.62,1,16,"[1, 5, 16]",7.333333333333333,16,154,"[1, 1, 2, 4, 5, 5, 6, 8, 10, 13, 14, 15, 16, 16, 18, 20]",14.0,0.0,5.0,0,18.0
2787,Fer_FPM01-02_20012023_35_98.jpg,92464168,11.0,11.0,11,11,[11],11.0,1,11,[11],1.0,0.0,5.0,0,6.0
2788,Fer_FPM01-02_20012023_32_119.jpg,92464169,1.0,1.42,1,1,[1],1.0,12,17,"[1, 1, 1, 1, 1, 1, 1, 1, 2, 2, 2, 3]",1.0,0.0,5.0,0,11.0
2789,Fer_FPM01-02_20012023_19_110.jpg,92464170,34.0,33.16,31,43,"[31, 40, 43]",38.0,19,630,"[14, 17, 18, 19, 20, 28, 31, 31, 33, 34, 36, 40, 40, 41, 42, 43, 43, 49, 51]",42.0,0.0,5.0,0,73.0
2790,Fer_FPM01-02_20012023_22_125.jpg,92464171,1.0,1.08,1,1,[1],1.0,12,13,"[1, 1, 1, 1, 1, 1, 1, 1, 1, 1, 1, 2]",1.0,0.0,5.0,0,8.0
2791,Fer_FPM01-02_20012023_22_131.jpg,92464172,1.5,1.5,1,2,"[1, 2]",1.5,2,3,"[1, 2]",0.0,0.0,0.0,0,0.0
2792,Fer_FPM01-02_20012023_32_125.jpg,92464174,1.0,1.75,1,1,[1],1.0,8,14,"[1, 1, 1, 1, 1, 2, 3, 4]",2.0,0.0,5.0,0,0.0
2793,Fer_FPM01-02_20012023_39_73.jpg,92464176,5.0,4.84,5,5,[5],5.0,19,92,"[2, 4, 5, 5, 5, 5, 5, 5, 5, 5, 5, 5, 5, 5, 5, 5, 5, 5, 6]",9.0,0.0,5.0,0,9.0
2794,Fer_FPM01-02_20012023_11_116.jpg,92464179,17.0,16.77,20,20,[20],20.0,13,218,"[6, 8, 10, 11, 13, 16, 17, 20, 20, 21, 22, 25, 29]",21.0,0.0,5.0,0,13.0
2795,Fer_FPM01-02_20012023_37_89.jpg,92464180,1.0,1.0,1,1,[1],1.0,3,3,"[1, 1, 1]",0.0,0.0,0.0,0,0.0
2796,Fer_FPM01-02_20012023_27_128.jpg,92464181,3.0,2.8,4,4,[4],4.0,15,42,"[1, 1, 1, 1, 2, 3, 3, 3, 3, 4, 4, 4, 4, 4, 4]",4.0,0.0,5.0,0,0.0
2797,Fer_FPM01-02_20012023_39_98.jpg,92464182,5.0,5.0,5,5,[5],5.0,1,5,[5],1.0,0.0,5.0,0,0.0
2798,Fer_FPM01-02_20012023_37_100.jpg,92464183,1.0,1.5,1,1,[1],1.0,8,12,"[1, 1, 1, 1, 1, 1, 3, 3]",1.0,0.0,5.0,0,7.0
2799,Fer_FPM01-02_20012023_27_114.jpg,92464184,7.0,6.0,3,8,"[3, 7, 8]",6.0,3,18,"[3, 7, 8]",1.0,0.0,5.0,0,13.0
2800,Fer_FPM01-02_20012023_42_5.jpg,92464185,1.0,1.75,1,1,[1],1.0,12,21,"[1, 1, 1, 1, 1, 1, 1, 1, 1, 1, 1, 10]",2.0,0.0,5.0,0,4.0
2801,Fer_FPM01-02_20012023_3_122.jpg,92464186,1.0,1.0,1,1,[1],1.0,2,2,"[1, 1]",0.0,0.0,0.0,0,0.0
2802,Fer_FPM01-02_20012023_10_113.jpg,92464187,1.0,1.25,1,1,[1],1.0,4,5,"[1, 1, 1, 2]",1.0,0.0,5.0,0,0.0
2803,Fer_FPM01-02_20012023_36_105.jpg,92464188,2.0,2.22,2,2,[2],2.0,18,40,"[2, 2, 2, 2, 2, 2, 2, 2, 2, 2, 2, 2, 2, 2, 2, 3, 3, 4]",2.0,0.0,5.0,0,0.0
2804,Fer_FPM01-02_20012023_26_111.jpg,92464189,2.0,2.0,2,2,[2],2.0,2,4,"[2, 2]",0.0,0.0,0.0,0,0.0
2805,Fer_FPM01-02_20012023_26_104.jpg,92464191,2.0,2.0,2,2,[2],2.0,1,2,[2],0.0,0.0,0.0,0,0.0
2806,Fer_FPM01-02_20012023_36_104.jpg,92464192,5.0,4.53,4,4,[4],4.0,17,77,"[1, 4, 4, 4, 4, 4, 4, 4, 5, 5, 5, 5, 5, 5, 6, 6, 6]",6.0,0.0,5.0,0,5.0
2807,Fer_FPM01-02_20012023_26_110.jpg,92464193,27.5,27.3,27,34,"[27, 32, 34]",31.0,20,546,"[15, 16, 18, 20, 21, 22, 26, 27, 27, 27, 28, 29, 32, 32, 32, 34, 34, 34, 36, 36]",34.0,0.0,5.0,0,31.0
2808,Fer_FPM01-02_20012023_10_112.jpg,92464194,2.0,2.0,2,2,[2],2.0,18,36,"[1, 1, 1, 1, 2, 2, 2, 2, 2, 2, 2, 2, 2, 2, 2, 3, 3, 4]",3.0,0.0,5.0,0,0.0
2809,Fer_FPM01-02_20012023_3_123.jpg,92464195,10.0,10.0,10,10,[10],10.0,1,10,[10],1.0,0.0,5.0,0,5.0
2810,Fer_FPM01-02_20012023_42_4.jpg,92464196,1.0,1.0,1,1,[1],1.0,1,1,[1],0.0,0.0,0.0,0,0.0
2811,Fer_FPM01-02_20012023_37_101.jpg,92464197,10.0,12.89,17,17,[17],17.0,9,116,"[1, 2, 5, 9, 10, 15, 17, 17, 40]",10.0,0.0,5.0,0,34.0
2812,Fer_FPM01-02_20012023_27_115.jpg,92464198,2.0,2.0,1,3,"[1, 3]",2.0,2,4,"[1, 3]",0.0,0.0,0.0,0,0.0
2813,Fer_FPM01-02_20012023_27_129.jpg,92464200,3.0,3.3,3,3,[3],3.0,10,33,"[2, 2, 3, 3, 3, 3, 3, 4, 5, 5]",4.0,0.0,5.0,0,0.0
2814,Fer_FPM01-02_20012023_11_117.jpg,92464201,22.0,25.89,20,20,[20],20.0,18,466,"[11, 13, 15, 16, 17, 19, 20, 20, 21, 23, 25, 32, 33, 35, 36, 41, 42, 47]",36.0,0.0,5.0,0,37.0
2815,Fer_FPM01-02_20012023_37_77.jpg,92464202,2.0,2.0,2,2,[2],2.0,1,2,[2],0.0,0.0,0.0,0,0.0
2816,Fer_FPM01-02_20012023_40_6.jpg,92464203,1.0,1.0,1,1,[1],1.0,1,1,[1],0.0,0.0,0.0,0,0.0
2817,Fer_FPM01-02_20012023_39_72.jpg,92464204,1.0,1.08,1,1,[1],1.0,12,13,"[1, 1, 1, 1, 1, 1, 1, 1, 1, 1, 1, 2]",1.0,0.0,5.0,0,8.0
2818,Fer_FPM01-02_20012023_22_130.jpg,92464207,2.0,1.86,2,2,[2],2.0,14,26,"[1, 1, 1, 2, 2, 2, 2, 2, 2, 2, 2, 2, 2, 3]",2.0,0.0,5.0,0,0.0
2819,Fer_FPM01-02_20012023_32_124.jpg,92464208,5.0,4.93,5,7,"[5, 7]",6.0,15,74,"[1, 1, 2, 2, 3, 4, 5, 5, 5, 6, 7, 7, 7, 8, 11]",6.0,0.0,5.0,0,5.0
2820,Fer_FPM01-02_20012023_22_124.jpg,92464209,1.0,1.0,1,1,[1],1.0,8,8,"[1, 1, 1, 1, 1, 1, 1, 1]",1.0,0.0,5.0,0,3.0
2821,Fer_FPM01-02_20012023_14_126.jpg,92464210,4.0,4.2,4,4,[4],4.0,5,21,"[2, 4, 4, 5, 6]",3.0,0.0,5.0,0,0.0
2822,Fer_FPM01-02_20012023_19_111.jpg,92464212,23.0,21.0,23,23,[23],23.0,17,357,"[10, 12, 12, 15, 16, 17, 19, 23, 23, 23, 25, 25, 26, 26, 27, 29, 29]",27.0,0.0,5.0,0,45.0
2823,Fer_FPM01-02_20012023_35_99.jpg,92464213,1.0,1.0,1,1,[1],1.0,1,1,[1],0.0,0.0,0.0,0,0.0
2824,Fer_FPM01-02_20012023_22_118.jpg,92464214,1.0,1.0,1,1,[1],1.0,3,3,"[1, 1, 1]",0.0,0.0,0.0,0,0.0
2825,Fer_FPM01-02_20012023_41_81.jpg,92464215,9.0,9.0,9,9,[9],9.0,1,9,[9],1.0,0.0,5.0,0,4.0
2826,Fer_FPM01-02_20012023_41_95.jpg,92464218,2.0,2.0,1,3,"[1, 3]",2.0,2,4,"[1, 3]",0.0,0.0,0.0,0,0.0
2827,Fer_FPM01-02_20012023_7_117.jpg,92464219,1.0,1.12,1,1,[1],1.0,8,9,"[1, 1, 1, 1, 1, 1, 1, 2]",1.0,0.0,5.0,0,4.0
2828,Fer_FPM01-02_20012023_36_9.jpg,92464220,2.0,2.15,1,2,"[1, 2]",1.5,20,43,"[1, 1, 1, 1, 1, 1, 1, 2, 2, 2, 2, 2, 2, 2, 3, 3, 4, 4, 4, 4]",3.0,0.0,5.0,0,0.0
2829,Fer_FPM01-02_20012023_23_121.jpg,92464221,1.0,1.0,1,1,[1],1.0,18,18,"[1, 1, 1, 1, 1, 1, 1, 1, 1, 1, 1, 1, 1, 1, 1, 1, 1, 1]",1.0,0.0,5.0,0,13.0
2830,Fer_FPM01-02_20012023_18_128.jpg,92464222,8.0,8.2,8,8,[8],8.0,15,123,"[2, 7, 7, 8, 8, 8, 8, 8, 8, 9, 9, 9, 10, 10, 12]",9.0,0.0,5.0,0,21.0
2831,Fer_FPM01-02_20012023_42_13.jpg,92464223,2.0,2.0,2,2,[2],2.0,1,2,[2],0.0,0.0,0.0,0,0.0
2832,Fer_FPM01-02_20012023_23_109.jpg,92464225,2.0,2.12,2,2,[2],2.0,16,34,"[1, 2, 2, 2, 2, 2, 2, 2, 2, 2, 2, 2, 2, 2, 3, 4]",2.0,0.0,5.0,0,0.0
2833,Fer_FPM01-02_20012023_18_114.jpg,92464226,3.0,2.64,3,3,[3],3.0,14,37,"[2, 2, 2, 2, 2, 2, 3, 3, 3, 3, 3, 3, 3, 4]",3.0,0.0,5.0,0,1.0
2834,Fer_FPM01-02_20012023_34_9.jpg,92464227,7.0,7.27,6,6,[6],6.0,15,109,"[3, 4, 5, 6, 6, 6, 6, 7, 7, 8, 8, 9, 9, 12, 13]",8.0,0.0,5.0,0,15.0
2835,Fer_FPM01-02_20012023_42_11.jpg,92464228,1.0,1.33,1,1,[1],1.0,6,8,"[1, 1, 1, 1, 2, 2]",1.0,0.0,5.0,0,3.0
2836,Fer_FPM01-02_20012023_23_123.jpg,92464231,6.0,7.5,5,5,[5],5.0,16,120,"[2, 3, 4, 4, 5, 5, 5, 6, 6, 7, 8, 8, 12, 12, 14, 19]",9.0,0.0,5.0,0,10.0
2837,Fer_FPM01-02_20012023_15_109.jpg,92464232,2.5,2.25,3,3,[3],3.0,4,9,"[1, 2, 3, 3]",1.0,0.0,5.0,0,4.0
2838,Fer_FPM01-02_20012023_17_10.jpg,92464233,1.0,1.0,1,1,[1],1.0,1,1,[1],0.0,0.0,0.0,0,0.0
2839,Fer_FPM01-02_20012023_41_83.jpg,92464236,1.0,1.33,1,1,[1],1.0,12,16,"[1, 1, 1, 1, 1, 1, 1, 1, 1, 1, 2, 4]",1.0,0.0,5.0,0,5.0
2840,Fer_FPM01-02_20012023_41_97.jpg,92464237,7.0,8.4,2,10,"[2, 6, 7, 10]",6.25,15,126,"[1, 2, 2, 4, 6, 6, 7, 7, 8, 10, 10, 12, 16, 17, 18]",12.0,0.0,5.0,0,14.0
2841,Fer_FPM01-02_20012023_19_113.jpg,92464238,1.0,1.0,1,1,[1],1.0,3,3,"[1, 1, 1]",0.0,0.0,0.0,0,0.0
2842,Fer_FPM01-02_20012023_14_124.jpg,92464239,13.0,13.0,13,13,[13],13.0,1,13,[13],1.0,0.0,5.0,0,8.0
2843,Fer_FPM01-02_20012023_41_68.jpg,92464240,1.0,1.09,1,1,[1],1.0,11,12,"[1, 1, 1, 1, 1, 1, 1, 1, 1, 1, 2]",1.0,0.0,5.0,0,6.0
2844,Fer_FPM01-02_20012023_40_4.jpg,92464247,1.0,1.0,1,1,[1],1.0,1,1,[1],0.0,0.0,0.0,0,0.0
2845,Fer_FPM01-02_20012023_11_115.jpg,92464250,15.0,14.76,12,17,"[12, 14, 16, 17]",14.75,17,251,"[1, 4, 10, 12, 12, 13, 14, 14, 15, 16, 16, 17, 17, 19, 21, 24, 26]",19.0,0.0,5.0,0,15.0
2846,Fer_FPM01-02_20012023_27_117.jpg,92464251,2.0,2.0,2,2,[2],2.0,1,2,[2],0.0,0.0,0.0,0,0.0
2847,Fer_FPM01-02_20012023_37_103.jpg,92464252,4.0,5.08,1,6,"[1, 4, 6]",3.6666666666666665,13,66,"[1, 1, 1, 3, 4, 4, 4, 5, 6, 6, 6, 10, 15]",5.0,0.0,5.0,0,6.0
2848,Fer_FPM01-02_20012023_42_6.jpg,92464253,1.0,1.0,1,1,[1],1.0,12,12,"[1, 1, 1, 1, 1, 1, 1, 1, 1, 1, 1, 1]",1.0,0.0,5.0,0,0.0
2849,Fer_FPM01-02_20012023_3_121.jpg,92464254,2.0,2.0,2,2,[2],2.0,1,2,[2],0.0,0.0,0.0,0,0.0
2850,Fer_FPM01-02_20012023_33_11.jpg,92464255,1.0,1.43,1,1,[1],1.0,7,10,"[1, 1, 1, 1, 2, 2, 2]",1.0,0.0,5.0,0,5.0
2851,Fer_FPM01-02_20012023_40_14.jpg,92464256,1.0,1.5,1,1,[1],1.0,8,12,"[1, 1, 1, 1, 1, 1, 1, 5]",1.0,0.0,5.0,0,7.0
2852,Fer_FPM01-02_20012023_26_106.jpg,92464257,1.0,1.0,1,1,[1],1.0,1,1,[1],0.0,0.0,0.0,0,0.0
2853,Fer_FPM01-02_20012023_26_112.jpg,92464258,2.0,3.09,1,1,[1],1.0,11,34,"[1, 1, 1, 1, 2, 2, 2, 4, 5, 7, 8]",3.0,0.0,5.0,0,6.0
2854,Fer_FPM01-02_20012023_36_106.jpg,92464259,3.0,3.08,3,3,[3],3.0,13,40,"[1, 2, 2, 3, 3, 3, 3, 3, 3, 4, 4, 4, 5]",3.0,0.0,5.0,0,6.0
2855,Fer_FPM01-02_20012023_26_113.jpg,92464260,1.0,1.25,1,1,[1],1.0,12,15,"[1, 1, 1, 1, 1, 1, 1, 1, 1, 1, 2, 3]",1.0,0.0,5.0,0,9.0
2856,Fer_FPM01-02_20012023_33_10.jpg,92464263,2.0,2.4,2,2,[2],2.0,10,24,"[1, 1, 1, 2, 2, 2, 2, 3, 3, 7]",3.0,0.0,5.0,0,0.0
2857,Fer_FPM01-02_20012023_42_7.jpg,92464265,6.5,6.5,5,8,"[5, 8]",6.5,2,13,"[5, 8]",1.0,0.0,5.0,0,8.0
2858,Fer_FPM01-02_20012023_37_102.jpg,92464266,3.5,9.5,1,1,[1],1.0,4,38,"[1, 1, 6, 30]",1.0,0.0,5.0,0,10.0
2859,Fer_FPM01-02_20012023_11_114.jpg,92464267,14.0,14.5,12,12,[12],12.0,18,261,"[1, 6, 6, 8, 8, 9, 12, 12, 12, 16, 17, 18, 18, 19, 23, 25, 25, 26]",21.0,0.0,5.0,0,12.0
2860,Fer_FPM01-02_20012023_40_5.jpg,92464270,1.0,1.57,1,1,[1],1.0,7,11,"[1, 1, 1, 1, 1, 2, 4]",1.0,0.0,5.0,0,6.0
2861,Fer_FPM01-02_20012023_39_71.jpg,92464272,2.0,2.0,1,3,"[1, 2, 3]",2.0,9,18,"[1, 1, 1, 2, 2, 2, 3, 3, 3]",2.0,0.0,5.0,0,2.0
2862,Fer_FPM01-02_20012023_22_133.jpg,92464274,2.0,1.94,2,2,[2],2.0,16,31,"[1, 2, 2, 2, 2, 2, 2, 2, 2, 2, 2, 2, 2, 2, 2, 2]",2.0,0.0,5.0,0,0.0
2863,Fer_FPM01-02_20012023_14_119.jpg,92464275,2.0,2.29,1,3,"[1, 2, 3]",2.0,7,16,"[1, 1, 2, 2, 3, 3, 4]",2.0,0.0,5.0,0,1.0
2864,Fer_FPM01-02_20012023_41_69.jpg,92464276,1.0,1.0,1,1,[1],1.0,1,1,[1],0.0,0.0,0.0,0,0.0
2865,Fer_FPM01-02_20012023_19_112.jpg,92464277,1.0,1.25,1,1,[1],1.0,8,10,"[1, 1, 1, 1, 1, 1, 1, 3]",1.0,0.0,5.0,0,5.0
2866,Fer_FPM01-02_20012023_14_125.jpg,92464278,1.0,1.0,1,1,[1],1.0,3,3,"[1, 1, 1]",0.0,0.0,0.0,0,0.0
2867,Fer_FPM01-02_20012023_41_96.jpg,92464280,1.0,1.14,1,1,[1],1.0,14,16,"[1, 1, 1, 1, 1, 1, 1, 1, 1, 1, 1, 1, 1, 3]",1.0,0.0,5.0,0,11.0
2868,Fer_FPM01-02_20012023_41_82.jpg,92464282,1.0,1.0,1,1,[1],1.0,1,1,[1],0.0,0.0,0.0,0,0.0
2869,Fer_FPM01-02_20012023_23_122.jpg,92464285,1.0,1.0,1,1,[1],1.0,18,18,"[1, 1, 1, 1, 1, 1, 1, 1, 1, 1, 1, 1, 1, 1, 1, 1, 1, 1]",1.0,0.0,5.0,0,13.0
2870,Fer_FPM01-02_20012023_15_120.jpg,92464287,1.0,1.0,1,1,[1],1.0,1,1,[1],0.0,0.0,0.0,0,0.0
2871,Fer_FPM01-02_20012023_42_10.jpg,92464289,1.0,1.38,1,1,[1],1.0,8,11,"[1, 1, 1, 1, 1, 1, 1, 4]",1.0,0.0,5.0,0,6.0
2872,Fer_FPM01-02_20012023_34_8.jpg,92464290,4.0,4.06,4,4,[4],4.0,16,65,"[1, 3, 3, 3, 4, 4, 4, 4, 4, 4, 4, 4, 5, 5, 6, 7]",5.0,0.0,5.0,0,3.0
2873,Fer_FPM01-02_20012023_64_19.jpg,92464294,3.0,3.0,3,3,[3],3.0,1,3,[3],0.0,0.0,0.0,0,0.0
2874,Fer_FPM01-02_20012023_56_97.jpg,92464298,1.0,1.0,1,1,[1],1.0,1,1,[1],0.0,0.0,0.0,0,0.0
2875,Fer_FPM01-02_20012023_59_9.jpg,92464299,5.0,4.87,5,5,[5],5.0,15,73,"[1, 4, 4, 4, 4, 5, 5, 5, 5, 5, 6, 6, 6, 6, 7]",6.0,0.0,5.0,0,1.0
2876,Fer_FPM01-02_20012023_51_75.jpg,92464300,1.0,1.0,1,1,[1],1.0,1,1,[1],0.0,0.0,0.0,0,0.0
2877,Fer_FPM01-02_20012023_56_68.jpg,92464302,1.0,1.2,1,1,[1],1.0,15,18,"[1, 1, 1, 1, 1, 1, 1, 1, 1, 1, 1, 1, 1, 2, 3]",1.0,0.0,5.0,0,13.0
2878,Fer_FPM01-02_20012023_56_54.jpg,92464305,2.0,1.69,2,2,[2],2.0,13,22,"[1, 1, 1, 1, 1, 2, 2, 2, 2, 2, 2, 2, 3]",2.0,0.0,5.0,0,0.0
2879,Fer_FPM01-02_20012023_48_83.jpg,92464306,1.0,1.0,1,1,[1],1.0,1,1,[1],0.0,0.0,0.0,0,0.0
2880,Fer_FPM01-02_20012023_48_97.jpg,92464307,1.0,1.0,1,1,[1],1.0,1,1,[1],0.0,0.0,0.0,0,0.0
2881,Fer_FPM01-02_20012023_48_40.jpg,92464312,3.0,3.56,3,3,[3],3.0,9,32,"[1, 2, 2, 3, 3, 3, 4, 5, 9]",4.0,0.0,5.0,0,3.0
2882,Fer_FPM01-02_20012023_46_79.jpg,92464313,1.0,1.38,1,1,[1],1.0,8,11,"[1, 1, 1, 1, 1, 1, 2, 3]",1.0,0.0,5.0,0,6.0
2883,Fer_FPM01-02_20012023_46_51.jpg,92464315,1.0,1.0,1,1,[1],1.0,1,1,[1],0.0,0.0,0.0,0,0.0
2884,Fer_FPM01-02_20012023_48_68.jpg,92464317,2.0,2.0,2,2,[2],2.0,1,2,[2],0.0,0.0,0.0,0,0.0
2885,Fer_FPM01-02_20012023_53_2.jpg,92464319,1.0,1.0,1,1,[1],1.0,1,1,[1],0.0,0.0,0.0,0,0.0
2886,Fer_FPM01-02_20012023_44_97.jpg,92464320,2.0,2.23,3,3,[3],3.0,13,29,"[1, 1, 1, 2, 2, 2, 2, 3, 3, 3, 3, 3, 3]",3.0,0.0,5.0,0,0.0
2887,Fer_FPM01-02_20012023_50_102.jpg,92464321,1.0,1.0,1,1,[1],1.0,2,2,"[1, 1]",0.0,0.0,0.0,0,0.0
2888,Fer_FPM01-02_20012023_44_83.jpg,92464322,1.0,1.1,1,1,[1],1.0,10,11,"[1, 1, 1, 1, 1, 1, 1, 1, 1, 2]",1.0,0.0,5.0,0,6.0
2889,Fer_FPM01-02_20012023_44_68.jpg,92464323,2.0,2.0,2,2,[2],2.0,1,2,[2],0.0,0.0,0.0,0,0.0
2890,Fer_FPM01-02_20012023_43_49.jpg,92464329,2.0,2.0,2,2,[2],2.0,1,2,[2],0.0,0.0,0.0,0,0.0
2891,Fer_FPM01-02_20012023_68_19.jpg,92464331,2.0,1.64,1,2,"[1, 2]",1.5,11,18,"[1, 1, 1, 1, 1, 2, 2, 2, 2, 2, 3]",2.0,0.0,5.0,0,3.0
2892,Fer_FPM01-02_20012023_66_20.jpg,92464332,1.0,1.33,1,1,[1],1.0,3,4,"[1, 1, 2]",0.0,0.0,0.0,0,0.0
2893,Fer_FPM01-02_20012023_47_11.jpg,92464335,1.5,1.5,1,2,"[1, 2]",1.5,10,15,"[1, 1, 1, 1, 1, 2, 2, 2, 2, 2]",2.0,0.0,5.0,0,0.0
2894,Fer_FPM01-02_20012023_47_39.jpg,92464337,9.0,8.71,10,10,[10],10.0,17,148,"[6, 6, 6, 7, 7, 8, 8, 9, 9, 9, 10, 10, 10, 10, 11, 11, 11]",12.0,0.0,5.0,0,4.0
2895,Fer_FPM01-02_20012023_54_51.jpg,92464338,1.0,1.0,1,1,[1],1.0,11,11,"[1, 1, 1, 1, 1, 1, 1, 1, 1, 1, 1]",1.0,0.0,5.0,0,6.0
2896,Fer_FPM01-02_20012023_53_58.jpg,92464339,1.0,1.0,1,1,[1],1.0,1,1,[1],0.0,0.0,0.0,0,0.0
2897,Fer_FPM01-02_20012023_54_50.jpg,92464340,1.0,1.0,1,1,[1],1.0,2,2,"[1, 1]",0.0,0.0,0.0,0,0.0
2898,Fer_FPM01-02_20012023_53_59.jpg,92464341,1.0,1.0,1,1,[1],1.0,1,1,[1],0.0,0.0,0.0,0,0.0
2899,Fer_FPM01-02_20012023_47_38.jpg,92464343,30.5,30.06,32,32,[32],32.0,18,541,"[19, 23, 23, 24, 26, 26, 28, 28, 29, 32, 32, 32, 35, 36, 36, 37, 37, 38]",34.0,0.0,5.0,0,28.0
2900,Fer_FPM01-02_20012023_49_15.jpg,92464344,5.0,5.0,5,5,[5],5.0,1,5,[5],1.0,0.0,5.0,0,0.0
2901,Fer_FPM01-02_20012023_53_71.jpg,92464346,2.0,1.69,2,2,[2],2.0,16,27,"[1, 1, 1, 1, 1, 2, 2, 2, 2, 2, 2, 2, 2, 2, 2, 2]",3.0,0.0,5.0,0,1.0
2902,Fer_FPM01-02_20012023_54_78.jpg,92464347,8.0,7.65,8,8,[8],8.0,17,130,"[5, 6, 7, 7, 7, 7, 7, 8, 8, 8, 8, 8, 8, 9, 9, 9, 9]",9.0,0.0,5.0,0,5.0
2903,Fer_FPM01-02_20012023_66_21.jpg,92464348,4.0,4.11,4,4,[4],4.0,19,78,"[4, 4, 4, 4, 4, 4, 4, 4, 4, 4, 4, 4, 4, 4, 4, 4, 4, 5, 5]",5.0,0.0,5.0,0,2.0
2904,Fer_FPM01-02_20012023_68_18.jpg,92464349,1.0,1.79,1,1,[1],1.0,14,25,"[1, 1, 1, 1, 1, 1, 1, 1, 1, 1, 1, 1, 1, 12]",1.0,0.0,5.0,0,20.0
2905,Fer_FPM01-02_20012023_51_1.jpg,92464350,3.0,3.53,3,3,[3],3.0,15,53,"[1, 2, 2, 2, 2, 3, 3, 3, 3, 3, 4, 4, 4, 7, 10]",4.0,0.0,5.0,0,5.0
2906,Fer_FPM01-02_20012023_59_10.jpg,92464351,1.0,1.0,1,1,[1],1.0,1,1,[1],0.0,0.0,0.0,0,0.0
2907,Fer_FPM01-02_20012023_44_41.jpg,92464353,1.0,1.0,1,1,[1],1.0,1,1,[1],0.0,0.0,0.0,0,0.0
2908,Fer_FPM01-02_20012023_50_20.jpg,92464354,1.0,1.0,1,1,[1],1.0,1,1,[1],0.0,0.0,0.0,0,0.0
2909,Fer_FPM01-02_20012023_44_69.jpg,92464357,1.0,1.0,1,1,[1],1.0,1,1,[1],0.0,0.0,0.0,0,0.0
2910,Fer_FPM01-02_20012023_57_15.jpg,92464358,5.0,5.0,5,5,[5],5.0,1,5,[5],1.0,0.0,5.0,0,0.0
2911,Fer_FPM01-02_20012023_44_82.jpg,92464360,12.0,14.25,5,5,[5],5.0,16,228,"[1, 3, 5, 5, 5, 7, 11, 12, 12, 15, 15, 21, 22, 23, 31, 40]",21.0,0.0,5.0,0,19.0
2912,Fer_FPM01-02_20012023_44_96.jpg,92464361,3.0,2.8,3,3,[3],3.0,15,42,"[1, 2, 2, 2, 3, 3, 3, 3, 3, 3, 3, 3, 3, 4, 4]",3.0,0.0,5.0,0,0.0
2913,Fer_FPM01-02_20012023_48_69.jpg,92464363,1.0,1.0,1,1,[1],1.0,1,1,[1],0.0,0.0,0.0,0,0.0
2914,Fer_FPM01-02_20012023_46_44.jpg,92464364,1.0,1.6,1,1,[1],1.0,5,8,"[1, 1, 1, 1, 4]",1.0,0.0,5.0,0,3.0
2915,Fer_FPM01-02_20012023_55_38.jpg,92464365,4.0,3.94,4,4,[4],4.0,17,67,"[3, 3, 3, 4, 4, 4, 4, 4, 4, 4, 4, 4, 4, 4, 4, 5, 5]",4.0,0.0,5.0,0,2.0
2916,Fer_FPM01-02_20012023_46_50.jpg,92464366,1.5,1.5,1,2,"[1, 2]",1.5,2,3,"[1, 2]",0.0,0.0,0.0,0,0.0
2917,Fer_FPM01-02_20012023_48_55.jpg,92464367,1.0,1.0,1,1,[1],1.0,1,1,[1],0.0,0.0,0.0,0,0.0
2918,Fer_FPM01-02_20012023_46_78.jpg,92464368,2.5,2.7,1,1,[1],1.0,10,27,"[1, 1, 1, 2, 2, 3, 3, 4, 5, 5]",3.0,0.0,5.0,0,0.0
2919,Fer_FPM01-02_20012023_48_105.jpg,92464373,1.5,1.88,1,1,[1],1.0,16,30,"[1, 1, 1, 1, 1, 1, 1, 1, 2, 2, 2, 2, 3, 3, 4, 4]",2.0,0.0,5.0,0,5.0
2920,Fer_FPM01-02_20012023_46_93.jpg,92464374,3.0,3.0,3,3,[3],3.0,1,3,[3],0.0,0.0,0.0,0,0.0
2921,Fer_FPM01-02_20012023_56_55.jpg,92464377,10.0,9.6,11,11,[11],11.0,15,144,"[7, 7, 7, 8, 9, 9, 10, 10, 11, 11, 11, 11, 11, 11, 11]",11.0,0.0,5.0,0,5.0
2922,Fer_FPM01-02_20012023_58_78.jpg,92464378,1.0,1.0,1,1,[1],1.0,1,1,[1],0.0,0.0,0.0,0,0.0
2923,Fer_FPM01-02_20012023_51_48.jpg,92464379,2.0,2.0,1,3,"[1, 3]",2.0,2,4,"[1, 3]",0.0,0.0,0.0,0,0.0
2924,Fer_FPM01-02_20012023_51_60.jpg,92464381,12.0,12.0,12,12,[12],12.0,1,12,[12],1.0,0.0,5.0,0,7.0
2925,Fer_FPM01-02_20012023_56_69.jpg,92464382,1.0,1.59,1,1,[1],1.0,17,27,"[1, 1, 1, 1, 1, 1, 1, 1, 1, 2, 2, 2, 2, 2, 2, 2, 4]",3.0,0.0,5.0,0,4.0
2926,Fer_FPM01-02_20012023_59_8.jpg,92464383,1.0,1.0,1,1,[1],1.0,3,3,"[1, 1, 1]",0.0,0.0,0.0,0,0.0
2927,Fer_FPM01-02_20012023_51_74.jpg,92464384,1.0,1.0,1,1,[1],1.0,2,2,"[1, 1]",0.0,0.0,0.0,0,0.0
2928,Fer_FPM01-02_20012023_49_100.jpg,92464386,1.0,1.13,1,1,[1],1.0,15,17,"[1, 1, 1, 1, 1, 1, 1, 1, 1, 1, 1, 1, 1, 1, 3]",1.0,0.0,5.0,0,4.0
2929,Fer_FPM01-02_20012023_64_18.jpg,92464388,1.0,1.0,1,1,[1],1.0,9,9,"[1, 1, 1, 1, 1, 1, 1, 1, 1]",1.0,0.0,5.0,0,4.0
2930,Fer_FPM01-02_20012023_57_5.jpg,92464390,1.0,1.0,1,1,[1],1.0,1,1,[1],0.0,0.0,0.0,0,0.0
2931,Fer_FPM01-02_20012023_49_102.jpg,92464391,1.0,1.0,1,1,[1],1.0,10,10,"[1, 1, 1, 1, 1, 1, 1, 1, 1, 1]",1.0,0.0,5.0,0,5.0
2932,Fer_FPM01-02_20012023_51_89.jpg,92464392,1.0,1.0,1,1,[1],1.0,11,11,"[1, 1, 1, 1, 1, 1, 1, 1, 1, 1, 1]",1.0,0.0,5.0,0,6.0
2933,Fer_FPM01-02_20012023_45_17.jpg,92464394,1.5,1.5,1,2,"[1, 2]",1.5,2,3,"[1, 2]",0.0,0.0,0.0,0,0.0
2934,Fer_FPM01-02_20012023_46_85.jpg,92464397,1.0,1.07,1,1,[1],1.0,15,16,"[1, 1, 1, 1, 1, 1, 1, 1, 1, 1, 1, 1, 1, 1, 2]",1.0,0.0,5.0,0,11.0
2935,Fer_FPM01-02_20012023_48_57.jpg,92464399,1.0,1.33,1,1,[1],1.0,3,4,"[1, 1, 2]",0.0,0.0,0.0,0,0.0
2936,Fer_FPM01-02_20012023_48_2.jpg,92464400,3.0,2.53,3,3,[3],3.0,19,48,"[1, 1, 2, 2, 2, 2, 2, 2, 3, 3, 3, 3, 3, 3, 3, 3, 3, 3, 4]",3.0,0.0,5.0,0,0.0
2937,Fer_FPM01-02_20012023_44_80.jpg,92464406,49.0,52.37,54,54,[54],54.0,19,995,"[10, 12, 15, 22, 28, 33, 35, 39, 46, 49, 54, 54, 56, 69, 71, 89, 94, 97, 122]",75.0,0.0,5.0,0,69.0
2938,Fer_FPM01-02_20012023_44_94.jpg,92464409,7.0,6.5,7,7,[7],7.0,18,117,"[4, 5, 5, 5, 6, 6, 6, 7, 7, 7, 7, 7, 7, 7, 7, 7, 8, 9]",7.0,0.0,5.0,0,2.0
2939,Fer_FPM01-02_20012023_43_76.jpg,92464410,1.0,1.0,1,1,[1],1.0,1,1,[1],0.0,0.0,0.0,0,0.0
2940,Fer_FPM01-02_20012023_57_17.jpg,92464412,1.0,1.07,1,1,[1],1.0,14,15,"[1, 1, 1, 1, 1, 1, 1, 1, 1, 1, 1, 1, 1, 2]",1.0,0.0,5.0,0,9.0
2941,Fer_FPM01-02_20012023_44_43.jpg,92464413,5.0,5.06,4,4,[4],4.0,17,86,"[4, 4, 4, 4, 4, 4, 4, 4, 5, 5, 5, 6, 6, 6, 7, 7, 7]",6.0,0.0,5.0,0,1.0
2942,Fer_FPM01-02_20012023_59_12.jpg,92464414,2.0,2.22,1,1,[1],1.0,18,40,"[1, 1, 1, 1, 1, 1, 2, 2, 2, 2, 2, 3, 3, 3, 3, 3, 4, 5]",4.0,0.0,5.0,0,2.0
2943,Fer_FPM01-02_20012023_44_57.jpg,92464415,1.0,1.0,1,1,[1],1.0,1,1,[1],0.0,0.0,0.0,0,0.0
2944,Fer_FPM01-02_20012023_50_22.jpg,92464416,4.0,4.25,4,4,[4],4.0,16,68,"[2, 2, 2, 2, 3, 4, 4, 4, 4, 4, 4, 5, 6, 6, 7, 9]",5.0,0.0,5.0,0,3.0
2945,Fer_FPM01-02_20012023_51_3.jpg,92464417,7.0,7.0,7,7,[7],7.0,1,7,[7],1.0,0.0,5.0,0,2.0
2946,Fer_FPM01-02_20012023_53_98.jpg,92464419,1.0,1.0,1,1,[1],1.0,6,6,"[1, 1, 1, 1, 1, 1]",1.0,0.0,5.0,0,1.0
2947,Fer_FPM01-02_20012023_51_104.jpg,92464420,1.0,1.0,1,1,[1],1.0,6,6,"[1, 1, 1, 1, 1, 1]",1.0,0.0,5.0,0,1.0
2948,Fer_FPM01-02_20012023_53_67.jpg,92464422,1.0,1.0,1,1,[1],1.0,2,2,"[1, 1]",0.0,0.0,0.0,0,0.0
2949,Fer_FPM01-02_20012023_47_12.jpg,92464423,1.0,1.12,1,1,[1],1.0,8,9,"[1, 1, 1, 1, 1, 1, 1, 2]",1.0,0.0,5.0,0,4.0
2950,Fer_FPM01-02_20012023_53_73.jpg,92464424,1.0,1.25,1,1,[1],1.0,16,20,"[1, 1, 1, 1, 1, 1, 1, 1, 1, 1, 1, 1, 1, 2, 2, 3]",1.0,0.0,5.0,0,15.0
2951,Fer_FPM01-02_20012023_49_17.jpg,92464427,7.0,7.0,7,7,[7],7.0,18,126,"[1, 4, 4, 5, 5, 7, 7, 7, 7, 7, 8, 8, 8, 8, 9, 10, 10, 11]",9.0,0.0,5.0,0,9.0
2952,Fer_FPM01-02_20012023_49_16.jpg,92464428,3.0,2.94,2,3,"[2, 3]",2.5,18,53,"[1, 2, 2, 2, 2, 2, 2, 3, 3, 3, 3, 3, 3, 4, 4, 4, 5, 5]",3.0,0.0,5.0,0,8.0
2953,Fer_FPM01-02_20012023_53_72.jpg,92464430,11.0,11.06,11,11,[11],11.0,17,188,"[6, 6, 10, 10, 11, 11, 11, 11, 11, 11, 12, 12, 13, 13, 13, 13, 14]",12.0,0.0,5.0,0,12.0
2954,Fer_FPM01-02_20012023_47_13.jpg,92464431,1.0,1.0,1,1,[1],1.0,2,2,"[1, 1]",0.0,0.0,0.0,0,0.0
2955,Fer_FPM01-02_20012023_66_22.jpg,92464433,1.0,1.0,1,1,[1],1.0,13,13,"[1, 1, 1, 1, 1, 1, 1, 1, 1, 1, 1, 1, 1]",1.0,0.0,5.0,0,8.0
2956,Fer_FPM01-02_20012023_51_105.jpg,92464434,1.0,1.0,1,1,[1],1.0,2,2,"[1, 1]",0.0,0.0,0.0,0,0.0
2957,Fer_FPM01-02_20012023_53_99.jpg,92464435,3.0,2.92,3,3,[3],3.0,13,38,"[1, 1, 2, 2, 3, 3, 3, 3, 3, 4, 4, 4, 5]",3.0,0.0,5.0,0,3.0
2958,Fer_FPM01-02_20012023_51_2.jpg,92464436,5.5,5.5,6,6,[6],6.0,18,99,"[3, 3, 3, 4, 4, 4, 5, 5, 5, 6, 6, 6, 6, 7, 7, 7, 9, 9]",8.0,0.0,5.0,0,4.0
2959,Fer_FPM01-02_20012023_61_17.jpg,92464437,7.0,7.06,6,8,"[6, 8]",7.0,16,113,"[1, 4, 4, 5, 6, 6, 6, 7, 7, 8, 8, 8, 10, 10, 11, 12]",9.0,0.0,5.0,0,7.0
2960,Fer_FPM01-02_20012023_50_23.jpg,92464438,1.5,3.83,1,1,[1],1.0,12,46,"[1, 1, 1, 1, 1, 1, 2, 2, 4, 7, 7, 18]",5.0,0.0,5.0,0,9.0
2961,Fer_FPM01-02_20012023_44_42.jpg,92464440,34.0,32.78,28,40,"[28, 35, 36, 38, 40]",35.4,18,590,"[22, 25, 26, 28, 28, 30, 31, 32, 33, 35, 35, 36, 36, 37, 38, 38, 40, 40]",46.0,0.0,5.0,0,56.0
2962,Fer_FPM01-02_20012023_59_13.jpg,92464442,2.0,3.0,2,2,[2],2.0,14,42,"[1, 1, 1, 2, 2, 2, 2, 2, 3, 4, 5, 5, 6, 6]",5.0,0.0,5.0,0,0.0
2963,Fer_FPM01-02_20012023_57_16.jpg,92464443,2.0,1.82,1,1,[1],1.0,17,31,"[1, 1, 1, 1, 1, 1, 1, 1, 2, 2, 2, 2, 3, 3, 3, 3, 3]",3.0,0.0,5.0,0,0.0
2964,Fer_FPM01-02_20012023_43_63.jpg,92464444,1.0,1.0,1,1,[1],1.0,4,4,"[1, 1, 1, 1]",0.0,0.0,0.0,0,0.0
2965,Fer_FPM01-02_20012023_43_77.jpg,92464445,1.0,1.09,1,1,[1],1.0,11,12,"[1, 1, 1, 1, 1, 1, 1, 1, 1, 1, 2]",1.0,0.0,5.0,0,6.0
2966,Fer_FPM01-02_20012023_50_100.jpg,92464446,1.0,1.4,1,1,[1],1.0,15,21,"[1, 1, 1, 1, 1, 1, 1, 1, 1, 2, 2, 2, 2, 2, 2]",2.0,0.0,5.0,0,0.0
2967,Fer_FPM01-02_20012023_44_95.jpg,92464447,1.0,1.24,1,1,[1],1.0,17,21,"[1, 1, 1, 1, 1, 1, 1, 1, 1, 1, 1, 1, 1, 1, 2, 2, 3]",1.0,0.0,5.0,0,16.0
2968,Fer_FPM01-02_20012023_44_81.jpg,92464448,31.5,32.17,14,47,"[14, 47]",30.5,12,386,"[9, 14, 14, 22, 26, 30, 33, 44, 47, 47, 49, 51]",31.0,0.0,5.0,0,56.0
2969,Fer_FPM01-02_20012023_43_88.jpg,92464449,1.0,1.0,1,1,[1],1.0,4,4,"[1, 1, 1, 1]",0.0,0.0,0.0,0,0.0
2970,Fer_FPM01-02_20012023_55_13.jpg,92464452,1.5,1.5,1,2,"[1, 2]",1.5,18,27,"[1, 1, 1, 1, 1, 1, 1, 1, 1, 2, 2, 2, 2, 2, 2, 2, 2, 2]",2.0,0.0,5.0,0,0.0
2971,Fer_FPM01-02_20012023_48_3.jpg,92464453,1.0,1.0,1,1,[1],1.0,2,2,"[1, 1]",0.0,0.0,0.0,0,0.0
2972,Fer_FPM01-02_20012023_48_81.jpg,92464457,1.0,1.17,1,1,[1],1.0,6,7,"[1, 1, 1, 1, 1, 2]",1.0,0.0,5.0,0,2.0
2973,Fer_FPM01-02_20012023_58_53.jpg,92464460,1.0,1.0,1,1,[1],1.0,1,1,[1],0.0,0.0,0.0,0,0.0
2974,Fer_FPM01-02_20012023_51_63.jpg,92464462,1.0,1.0,1,1,[1],1.0,2,2,"[1, 1]",0.0,0.0,0.0,0,0.0
2975,Fer_FPM01-02_20012023_51_88.jpg,92464463,4.0,4.06,4,4,[4],4.0,16,65,"[2, 3, 4, 4, 4, 4, 4, 4, 4, 4, 4, 4, 5, 5, 5, 5]",4.0,0.0,5.0,0,0.0
2976,Fer_FPM01-02_20012023_57_4.jpg,92464465,1.0,1.0,1,1,[1],1.0,1,1,[1],0.0,0.0,0.0,0,0.0
2977,Fer_FPM01-02_20012023_51_98.jpg,92464466,22.5,21.06,9,19,"[9, 19]",14.0,18,379,"[7, 9, 9, 9, 10, 19, 19, 19, 21, 24, 24, 28, 28, 29, 29, 30, 32, 33]",32.0,0.0,5.0,0,43.0
2978,Fer_FPM01-02_20012023_64_23.jpg,92464467,2.0,1.81,2,2,[2],2.0,16,29,"[1, 1, 1, 1, 1, 1, 2, 2, 2, 2, 2, 2, 2, 2, 2, 5]",2.0,0.0,5.0,0,2.0
2979,Fer_FPM01-02_20012023_56_52.jpg,92464469,1.0,1.0,1,1,[1],1.0,12,12,"[1, 1, 1, 1, 1, 1, 1, 1, 1, 1, 1, 1]",1.0,0.0,5.0,0,7.0
2980,Fer_FPM01-02_20012023_51_67.jpg,92464470,8.0,8.0,8,8,[8],8.0,1,8,[8],1.0,0.0,5.0,0,3.0
2981,Fer_FPM01-02_20012023_45_12.jpg,92464471,1.0,1.0,1,1,[1],1.0,1,1,[1],0.0,0.0,0.0,0,0.0
2982,Fer_FPM01-02_20012023_51_73.jpg,92464472,1.0,1.0,1,1,[1],1.0,2,2,"[1, 1]",0.0,0.0,0.0,0,0.0
2983,Fer_FPM01-02_20012023_46_80.jpg,92464473,1.0,1.0,1,1,[1],1.0,1,1,[1],0.0,0.0,0.0,0,0.0
2984,Fer_FPM01-02_20012023_46_8.jpg,92464477,1.0,1.0,1,1,[1],1.0,1,1,[1],0.0,0.0,0.0,0,0.0
2985,Fer_FPM01-02_20012023_46_57.jpg,92464479,1.0,1.0,1,1,[1],1.0,1,1,[1],0.0,0.0,0.0,0,0.0
2986,Fer_FPM01-02_20012023_52_22.jpg,92464480,1.0,1.25,1,1,[1],1.0,12,15,"[1, 1, 1, 1, 1, 1, 1, 1, 1, 1, 2, 3]",1.0,0.0,5.0,0,10.0
2987,Fer_FPM01-02_20012023_48_46.jpg,92464484,6.0,6.0,6,6,[6],6.0,1,6,[6],1.0,0.0,5.0,0,1.0
2988,Fer_FPM01-02_20012023_44_85.jpg,92464485,1.5,1.5,1,2,"[1, 2]",1.5,2,3,"[1, 2]",0.0,0.0,0.0,0,0.0
2989,Fer_FPM01-02_20012023_44_91.jpg,92464486,2.0,2.0,2,2,[2],2.0,2,4,"[2, 2]",0.0,0.0,0.0,0,0.0
2990,Fer_FPM01-02_20012023_43_98.jpg,92464487,2.0,2.0,1,1,[1],1.0,11,22,"[1, 1, 1, 1, 1, 2, 2, 2, 3, 4, 4]",3.0,0.0,5.0,0,1.0
2991,Fer_FPM01-02_20012023_50_104.jpg,92464488,2.0,2.06,2,2,[2],2.0,16,33,"[1, 2, 2, 2, 2, 2, 2, 2, 2, 2, 2, 2, 2, 2, 3, 3]",2.0,0.0,5.0,0,1.0
2992,Fer_FPM01-02_20012023_59_17.jpg,92464489,1.0,1.0,1,1,[1],1.0,5,5,"[1, 1, 1, 1, 1]",1.0,0.0,5.0,0,0.0
2993,Fer_FPM01-02_20012023_43_73.jpg,92464492,2.0,2.0,2,2,[2],2.0,18,36,"[1, 1, 1, 1, 2, 2, 2, 2, 2, 2, 2, 2, 2, 2, 2, 3, 3, 4]",2.0,0.0,5.0,0,0.0
2994,Fer_FPM01-02_20012023_43_67.jpg,92464493,3.0,2.73,3,3,[3],3.0,15,41,"[2, 2, 2, 2, 2, 2, 3, 3, 3, 3, 3, 3, 3, 4, 4]",5.0,0.0,5.0,0,0.0
2995,Fer_FPM01-02_20012023_57_12.jpg,92464494,2.0,1.55,2,2,[2],2.0,11,17,"[1, 1, 1, 1, 1, 2, 2, 2, 2, 2, 2]",2.0,0.0,5.0,0,0.0
2996,Fer_FPM01-02_20012023_51_101.jpg,92464495,1.0,1.0,1,1,[1],1.0,17,17,"[1, 1, 1, 1, 1, 1, 1, 1, 1, 1, 1, 1, 1, 1, 1, 1, 1]",2.0,0.0,5.0,0,0.0
2997,Fer_FPM01-02_20012023_68_23.jpg,92464496,4.0,4.0,4,4,[4],4.0,1,4,[4],0.0,0.0,0.0,0,0.0
2998,Fer_FPM01-02_20012023_54_57.jpg,92464498,1.0,1.5,1,1,[1],1.0,6,9,"[1, 1, 1, 1, 1, 4]",1.0,0.0,5.0,0,4.0
2999,Fer_FPM01-02_20012023_47_17.jpg,92464501,2.0,2.08,2,2,[2],2.0,12,25,"[2, 2, 2, 2, 2, 2, 2, 2, 2, 2, 2, 3]",2.0,0.0,5.0,0,1.0
3000,Fer_FPM01-02_20012023_53_77.jpg,92464503,1.0,1.0,1,1,[1],1.0,1,1,[1],0.0,0.0,0.0,0,0.0
3001,Fer_FPM01-02_20012023_49_13.jpg,92464505,8.0,8.44,7,7,[7],7.0,18,152,"[5, 6, 7, 7, 7, 7, 7, 8, 8, 8, 8, 9, 9, 10, 11, 11, 12, 12]",10.0,0.0,5.0,0,8.0
3002,Fer_FPM01-02_20012023_54_56.jpg,92464506,2.0,2.0,2,2,[2],2.0,15,30,"[1, 1, 1, 2, 2, 2, 2, 2, 2, 2, 2, 2, 2, 3, 4]",3.0,0.0,5.0,0,3.0
3003,Fer_FPM01-02_20012023_68_22.jpg,92464508,1.0,1.0,1,1,[1],1.0,1,1,[1],0.0,0.0,0.0,0,0.0
3004,Fer_FPM01-02_20012023_51_100.jpg,92464510,1.0,1.12,1,1,[1],1.0,17,19,"[1, 1, 1, 1, 1, 1, 1, 1, 1, 1, 1, 1, 1, 1, 1, 2, 2]",1.0,0.0,5.0,0,3.0
3005,Fer_FPM01-02_20012023_43_66.jpg,92464512,3.0,3.83,3,3,[3],3.0,6,23,"[2, 3, 3, 3, 4, 8]",2.0,0.0,5.0,0,0.0
3006,Fer_FPM01-02_20012023_43_72.jpg,92464513,2.0,1.53,2,2,[2],2.0,17,26,"[1, 1, 1, 1, 1, 1, 1, 1, 2, 2, 2, 2, 2, 2, 2, 2, 2]",2.0,0.0,5.0,0,0.0
3007,Fer_FPM01-02_20012023_44_53.jpg,92464514,1.5,1.5,1,2,"[1, 2]",1.5,2,3,"[1, 2]",0.0,0.0,0.0,0,0.0
3008,Fer_FPM01-02_20012023_44_90.jpg,92464517,1.0,1.0,1,1,[1],1.0,1,1,[1],0.0,0.0,0.0,0,0.0
3009,Fer_FPM01-02_20012023_43_99.jpg,92464519,2.0,2.42,2,2,[2],2.0,12,29,"[1, 1, 1, 2, 2, 2, 2, 2, 4, 4, 4, 4]",3.0,0.0,5.0,0,0.0
3010,Fer_FPM01-02_20012023_44_84.jpg,92464520,22.0,20.39,22,22,[22],22.0,18,367,"[1, 15, 18, 19, 21, 22, 22, 22, 22, 22, 22, 22, 22, 23, 23, 23, 24, 24]",31.0,0.0,5.0,0,19.0
3011,Fer_FPM01-02_20012023_55_16.jpg,92464521,1.0,1.0,1,1,[1],1.0,1,1,[1],0.0,0.0,0.0,0,0.0
3012,Fer_FPM01-02_20012023_48_47.jpg,92464522,1.0,1.0,1,1,[1],1.0,13,13,"[1, 1, 1, 1, 1, 1, 1, 1, 1, 1, 1, 1, 1]",1.0,0.0,5.0,0,8.0
3013,Fer_FPM01-02_20012023_48_6.jpg,92464523,1.0,1.0,1,1,[1],1.0,1,1,[1],0.0,0.0,0.0,0,0.0
3014,Fer_FPM01-02_20012023_52_23.jpg,92464525,7.0,9.1,5,7,"[5, 7]",6.0,10,91,"[2, 5, 5, 6, 7, 7, 12, 14, 15, 18]",7.0,0.0,5.0,0,38.0
3015,Fer_FPM01-02_20012023_46_42.jpg,92464527,1.0,1.0,1,1,[1],1.0,1,1,[1],0.0,0.0,0.0,0,0.0
3016,Fer_FPM01-02_20012023_46_9.jpg,92464528,6.0,6.0,6,6,[6],6.0,1,6,[6],1.0,0.0,5.0,0,1.0
3017,Fer_FPM01-02_20012023_48_84.jpg,92464529,1.0,1.38,1,1,[1],1.0,13,18,"[1, 1, 1, 1, 1, 1, 1, 1, 2, 2, 2, 2, 2]",1.0,0.0,5.0,0,13.0
3018,Fer_FPM01-02_20012023_48_90.jpg,92464530,1.0,1.06,1,1,[1],1.0,16,17,"[1, 1, 1, 1, 1, 1, 1, 1, 1, 1, 1, 1, 1, 1, 1, 2]",2.0,0.0,5.0,0,2.0
3019,Fer_FPM01-02_20012023_51_72.jpg,92464534,1.0,1.0,1,1,[1],1.0,1,1,[1],0.0,0.0,0.0,0,0.0
3020,Fer_FPM01-02_20012023_45_13.jpg,92464535,3.0,3.0,1,5,"[1, 5]",3.0,2,6,"[1, 5]",1.0,0.0,5.0,0,1.0
3021,Fer_FPM01-02_20012023_51_66.jpg,92464536,1.0,1.0,1,1,[1],1.0,7,7,"[1, 1, 1, 1, 1, 1, 1]",1.0,0.0,5.0,0,2.0
3022,Fer_FPM01-02_20012023_56_53.jpg,92464537,1.0,1.33,1,1,[1],1.0,9,12,"[1, 1, 1, 1, 1, 1, 2, 2, 2]",1.0,0.0,5.0,0,7.0
3023,Fer_FPM01-02_20012023_64_22.jpg,92464539,1.0,1.17,1,1,[1],1.0,6,7,"[1, 1, 1, 1, 1, 2]",1.0,0.0,5.0,0,2.0
3024,Fer_FPM01-02_20012023_51_99.jpg,92464540,2.0,1.93,2,2,[2],2.0,14,27,"[1, 2, 2, 2, 2, 2, 2, 2, 2, 2, 2, 2, 2, 2]",3.0,0.0,5.0,0,1.0
3025,Fer_FPM01-02_20012023_49_104.jpg,92464541,1.0,1.0,1,1,[1],1.0,14,14,"[1, 1, 1, 1, 1, 1, 1, 1, 1, 1, 1, 1, 1, 1]",1.0,0.0,5.0,0,9.0
3026,Fer_FPM01-02_20012023_64_20.jpg,92464542,1.0,1.16,1,1,[1],1.0,19,22,"[1, 1, 1, 1, 1, 1, 1, 1, 1, 1, 1, 1, 1, 1, 1, 1, 1, 1, 4]",2.0,0.0,5.0,0,3.0
3027,Fer_FPM01-02_20012023_58_68.jpg,92464544,2.0,2.43,2,2,[2],2.0,14,34,"[1, 1, 1, 2, 2, 2, 2, 2, 2, 3, 3, 3, 4, 6]",3.0,0.0,5.0,0,0.0
3028,Fer_FPM01-02_20012023_51_70.jpg,92464546,1.0,1.5,1,1,[1],1.0,4,6,"[1, 1, 1, 3]",1.0,0.0,5.0,0,1.0
3029,Fer_FPM01-02_20012023_58_54.jpg,92464547,1.0,1.0,1,1,[1],1.0,1,1,[1],0.0,0.0,0.0,0,0.0
3030,Fer_FPM01-02_20012023_56_79.jpg,92464548,12.0,11.33,10,15,"[10, 15]",12.5,18,204,"[6, 7, 7, 7, 10, 10, 10, 10, 12, 12, 13, 13, 13, 14, 15, 15, 15, 15]",14.0,0.0,5.0,0,5.0
3031,Fer_FPM01-02_20012023_46_83.jpg,92464552,3.0,3.0,3,3,[3],3.0,1,3,[3],0.0,0.0,0.0,0,0.0
3032,Fer_FPM01-02_20012023_48_92.jpg,92464555,1.0,1.0,1,1,[1],1.0,1,1,[1],0.0,0.0,0.0,0,0.0
3033,Fer_FPM01-02_20012023_52_21.jpg,92464556,6.0,6.0,6,6,[6],6.0,1,6,[6],1.0,0.0,5.0,0,1.0
3034,Fer_FPM01-02_20012023_46_68.jpg,92464558,3.0,2.22,1,3,"[1, 3]",2.0,9,20,"[1, 1, 1, 1, 3, 3, 3, 3, 4]",3.0,0.0,5.0,0,0.0
3035,Fer_FPM01-02_20012023_48_4.jpg,92464560,13.5,13.5,11,16,"[11, 16]",13.5,2,27,"[11, 16]",3.0,0.0,5.0,0,1.0
3036,Fer_FPM01-02_20012023_48_51.jpg,92464561,1.0,1.0,1,1,[1],1.0,3,3,"[1, 1, 1]",0.0,0.0,0.0,0,0.0
3037,Fer_FPM01-02_20012023_44_92.jpg,92464562,2.0,1.87,2,2,[2],2.0,15,28,"[1, 1, 2, 2, 2, 2, 2, 2, 2, 2, 2, 2, 2, 2, 2]",2.0,0.0,5.0,0,0.0
3038,Fer_FPM01-02_20012023_44_86.jpg,92464563,3.0,3.0,3,3,[3],3.0,1,3,[3],0.0,0.0,0.0,0,0.0
3039,Fer_FPM01-02_20012023_43_58.jpg,92464564,1.0,1.0,1,1,[1],1.0,1,1,[1],0.0,0.0,0.0,0,0.0
3040,Fer_FPM01-02_20012023_44_51.jpg,92464565,1.0,1.21,1,1,[1],1.0,14,17,"[1, 1, 1, 1, 1, 1, 1, 1, 1, 1, 1, 1, 2, 3]",1.0,0.0,5.0,0,12.0
3041,Fer_FPM01-02_20012023_59_14.jpg,92464568,1.0,1.12,1,1,[1],1.0,16,18,"[1, 1, 1, 1, 1, 1, 1, 1, 1, 1, 1, 1, 1, 1, 2, 2]",1.0,0.0,5.0,0,11.0
3042,Fer_FPM01-02_20012023_43_64.jpg,92464569,1.0,1.11,1,1,[1],1.0,19,21,"[1, 1, 1, 1, 1, 1, 1, 1, 1, 1, 1, 1, 1, 1, 1, 1, 1, 2, 2]",1.0,0.0,5.0,0,15.0
3043,Fer_FPM01-02_20012023_57_11.jpg,92464570,3.5,3.5,2,5,"[2, 5]",3.5,2,7,"[2, 5]",1.0,0.0,5.0,0,2.0
3044,Fer_FPM01-02_20012023_50_18.jpg,92464571,1.0,1.23,1,1,[1],1.0,13,16,"[1, 1, 1, 1, 1, 1, 1, 1, 1, 1, 1, 2, 3]",1.0,0.0,5.0,0,11.0
3045,Fer_FPM01-02_20012023_44_79.jpg,92464572,28.5,27.83,28,28,[28],28.0,18,501,"[7, 23, 24, 24, 26, 28, 28, 28, 28, 29, 29, 29, 30, 31, 33, 34, 34, 36]",35.0,0.0,5.0,0,16.0
3046,Fer_FPM01-02_20012023_51_102.jpg,92464575,8.0,7.88,8,9,"[8, 9]",8.5,17,134,"[4, 5, 5, 6, 7, 7, 7, 8, 8, 8, 8, 9, 9, 9, 9, 10, 15]",9.0,0.0,5.0,0,8.0
3047,Fer_FPM01-02_20012023_68_20.jpg,92464577,4.0,4.5,4,4,[4],4.0,12,54,"[1, 3, 3, 4, 4, 4, 4, 5, 5, 5, 7, 9]",4.0,0.0,5.0,0,11.0
3048,Fer_FPM01-02_20012023_54_40.jpg,92464579,1.0,1.57,1,1,[1],1.0,7,11,"[1, 1, 1, 1, 1, 2, 4]",1.0,0.0,5.0,0,6.0
3049,Fer_FPM01-02_20012023_53_49.jpg,92464580,1.0,1.0,1,1,[1],1.0,15,15,"[1, 1, 1, 1, 1, 1, 1, 1, 1, 1, 1, 1, 1, 1, 1]",1.0,0.0,5.0,0,10.0
3050,Fer_FPM01-02_20012023_49_11.jpg,92464581,2.0,2.21,2,2,[2],2.0,14,31,"[2, 2, 2, 2, 2, 2, 2, 2, 2, 2, 2, 2, 2, 5]",2.0,0.0,5.0,0,5.0
3051,Fer_FPM01-02_20012023_54_54.jpg,92464582,1.0,1.38,1,1,[1],1.0,8,11,"[1, 1, 1, 1, 1, 2, 2, 2]",1.0,0.0,5.0,0,6.0
3052,Fer_FPM01-02_20012023_49_39.jpg,92464584,2.0,1.6,2,2,[2],2.0,10,16,"[1, 1, 1, 1, 2, 2, 2, 2, 2, 2]",2.0,0.0,5.0,0,0.0
3053,Fer_FPM01-02_20012023_47_14.jpg,92464585,1.0,1.0,1,1,[1],1.0,12,12,"[1, 1, 1, 1, 1, 1, 1, 1, 1, 1, 1, 1]",1.0,0.0,5.0,0,7.0
3054,Fer_FPM01-02_20012023_54_68.jpg,92464586,1.0,1.0,1,1,[1],1.0,8,8,"[1, 1, 1, 1, 1, 1, 1, 1]",1.0,0.0,5.0,0,3.0
3055,Fer_FPM01-02_20012023_47_15.jpg,92464587,16.0,16.0,2,30,"[2, 30]",16.0,2,32,"[2, 30]",1.0,0.0,5.0,0,27.0
3056,Fer_FPM01-02_20012023_49_38.jpg,92464588,1.0,1.53,1,1,[1],1.0,19,29,"[1, 1, 1, 1, 1, 1, 1, 1, 1, 1, 1, 1, 1, 1, 1, 1, 2, 2, 9]",1.0,0.0,5.0,0,23.0
3057,Fer_FPM01-02_20012023_54_69.jpg,92464590,1.0,1.0,1,1,[1],1.0,5,5,"[1, 1, 1, 1, 1]",1.0,0.0,5.0,0,0.0
3058,Fer_FPM01-02_20012023_53_74.jpg,92464591,1.0,1.0,1,1,[1],1.0,20,20,"[1, 1, 1, 1, 1, 1, 1, 1, 1, 1, 1, 1, 1, 1, 1, 1, 1, 1, 1, 1]",1.0,0.0,5.0,0,13.0
3059,Fer_FPM01-02_20012023_54_55.jpg,92464592,1.0,1.0,1,1,[1],1.0,1,1,[1],0.0,0.0,0.0,0,0.0
3060,Fer_FPM01-02_20012023_66_18.jpg,92464595,1.0,1.0,1,1,[1],1.0,4,4,"[1, 1, 1, 1]",0.0,0.0,0.0,0,0.0
3061,Fer_FPM01-02_20012023_51_4.jpg,92464596,1.0,1.0,1,1,[1],1.0,1,1,[1],0.0,0.0,0.0,0,0.0
3062,Fer_FPM01-02_20012023_51_103.jpg,92464598,1.0,1.0,1,1,[1],1.0,13,13,"[1, 1, 1, 1, 1, 1, 1, 1, 1, 1, 1, 1, 1]",1.0,0.0,5.0,0,7.0
3063,Fer_FPM01-02_20012023_44_78.jpg,92464600,13.0,12.11,13,13,[13],13.0,19,230,"[6, 8, 10, 12, 12, 12, 12, 12, 12, 13, 13, 13, 13, 13, 13, 13, 14, 14, 15]",14.0,0.0,5.0,0,4.0
3064,Fer_FPM01-02_20012023_43_65.jpg,92464603,14.5,14.36,5,20,"[5, 20]",12.5,14,201,"[1, 2, 5, 5, 8, 11, 14, 15, 18, 20, 20, 21, 24, 37]",20.0,0.0,5.0,0,26.0
3065,Fer_FPM01-02_20012023_44_44.jpg,92464605,1.0,1.0,1,1,[1],1.0,5,5,"[1, 1, 1, 1, 1]",1.0,0.0,5.0,0,0.0
3066,Fer_FPM01-02_20012023_59_15.jpg,92464606,2.0,1.88,1,2,"[1, 2]",1.5,16,30,"[1, 1, 1, 1, 1, 1, 2, 2, 2, 2, 2, 2, 3, 3, 3, 3]",3.0,0.0,5.0,0,0.0
3067,Fer_FPM01-02_20012023_57_38.jpg,92464607,3.0,2.86,3,3,[3],3.0,14,40,"[1, 3, 3, 3, 3, 3, 3, 3, 3, 3, 3, 3, 3, 3]",3.0,0.0,5.0,0,1.0
3068,Fer_FPM01-02_20012023_44_87.jpg,92464610,1.0,1.0,1,1,[1],1.0,1,1,[1],0.0,0.0,0.0,0,0.0
3069,Fer_FPM01-02_20012023_44_93.jpg,92464611,10.0,10.0,10,10,[10],10.0,1,10,[10],1.0,0.0,5.0,0,5.0
3070,Fer_FPM01-02_20012023_48_5.jpg,92464613,3.0,3.0,3,3,[3],3.0,2,6,"[3, 3]",1.0,0.0,5.0,0,1.0
3071,Fer_FPM01-02_20012023_46_69.jpg,92464614,4.0,4.0,4,4,[4],4.0,1,4,[4],0.0,0.0,0.0,0,0.0
3072,Fer_FPM01-02_20012023_46_41.jpg,92464616,5.0,5.0,5,5,[5],5.0,1,5,[5],1.0,0.0,5.0,0,0.0
3073,Fer_FPM01-02_20012023_48_93.jpg,92464618,3.0,3.0,3,3,[3],3.0,1,3,[3],0.0,0.0,0.0,0,0.0
3074,Fer_FPM01-02_20012023_60_9.jpg,92464619,1.0,1.0,1,1,[1],1.0,1,1,[1],0.0,0.0,0.0,0,0.0
3075,Fer_FPM01-02_20012023_46_82.jpg,92464621,1.0,2.2,1,1,[1],1.0,10,22,"[1, 1, 1, 1, 1, 1, 1, 1, 1, 13]",2.0,0.0,5.0,0,0.0
3076,Fer_FPM01-02_20012023_51_65.jpg,92464624,2.0,2.75,1,1,[1],1.0,4,11,"[1, 1, 3, 6]",1.0,0.0,5.0,0,6.0
3077,Fer_FPM01-02_20012023_51_71.jpg,92464625,1.0,1.0,1,1,[1],1.0,3,3,"[1, 1, 1]",0.0,0.0,0.0,0,0.0
3078,Fer_FPM01-02_20012023_58_69.jpg,92464629,1.0,1.3,1,1,[1],1.0,10,13,"[1, 1, 1, 1, 1, 1, 1, 2, 2, 2]",1.0,0.0,5.0,0,8.0
3079,Fer_FPM01-02_20012023_44_8.jpg,92464630,1.0,1.0,1,1,[1],1.0,12,12,"[1, 1, 1, 1, 1, 1, 1, 1, 1, 1, 1, 1]",1.0,0.0,5.0,0,7.0
3080,Fer_FPM01-02_20012023_64_21.jpg,92464631,1.0,1.15,1,1,[1],1.0,13,15,"[1, 1, 1, 1, 1, 1, 1, 1, 1, 1, 1, 2, 2]",1.0,0.0,5.0,0,10.0
3081,Fer_FPM01-02_20012023_45_63.jpg,92464636,1.0,1.31,1,1,[1],1.0,13,17,"[1, 1, 1, 1, 1, 1, 1, 1, 1, 2, 2, 2, 2]",1.0,0.0,5.0,0,12.0
3082,Fer_FPM01-02_20012023_45_77.jpg,92464638,3.0,2.88,3,3,[3],3.0,17,49,"[2, 2, 2, 2, 3, 3, 3, 3, 3, 3, 3, 3, 3, 3, 3, 3, 5]",3.0,0.0,5.0,0,1.0
3083,Fer_FPM01-02_20012023_52_104.jpg,92464639,3.5,3.5,2,5,"[2, 5]",3.5,2,7,"[2, 5]",1.0,0.0,5.0,0,2.0
3084,Fer_FPM01-02_20012023_67_17.jpg,92464643,1.0,1.0,1,1,[1],1.0,1,1,[1],0.0,0.0,0.0,0,0.0
3085,Fer_FPM01-02_20012023_52_84.jpg,92464644,9.0,8.67,9,9,[9],9.0,21,182,"[4, 5, 5, 6, 6, 7, 8, 8, 9, 9, 9, 9, 9, 10, 10, 10, 11, 11, 12, 12, 12]",11.0,0.0,5.0,0,1.0
3086,Fer_FPM01-02_20012023_48_23.jpg,92464647,1.0,1.1,1,1,[1],1.0,10,11,"[1, 1, 1, 1, 1, 1, 1, 1, 1, 2]",1.0,0.0,5.0,0,6.0
3087,Fer_FPM01-02_20012023_48_37.jpg,92464650,3.0,4.18,3,3,[3],3.0,17,71,"[3, 3, 3, 3, 3, 3, 3, 3, 3, 3, 4, 4, 5, 6, 6, 7, 9]",5.0,0.0,5.0,0,6.0
3088,Fer_FPM01-02_20012023_43_101.jpg,92464652,23.0,29.46,19,50,"[19, 50]",34.5,13,383,"[4, 5, 14, 17, 19, 19, 23, 34, 43, 50, 50, 52, 53]",34.0,0.0,5.0,0,49.0
3089,Fer_FPM01-02_20012023_50_95.jpg,92464655,3.0,3.12,3,3,[3],3.0,17,53,"[1, 2, 2, 3, 3, 3, 3, 3, 3, 3, 3, 3, 3, 3, 4, 4, 7]",3.0,0.0,5.0,0,1.0
3090,Fer_FPM01-02_20012023_57_77.jpg,92464656,2.0,2.36,1,1,[1],1.0,11,26,"[1, 1, 1, 1, 1, 2, 2, 4, 4, 4, 5]",2.0,0.0,5.0,0,0.0
3091,Fer_FPM01-02_20012023_49_2.jpg,92464657,4.0,4.0,4,4,[4],4.0,1,4,[4],0.0,0.0,0.0,0,0.0
3092,Fer_FPM01-02_20012023_43_16.jpg,92464658,6.0,5.88,5,7,"[5, 6, 7]",6.0,17,100,"[2, 5, 5, 5, 5, 5, 6, 6, 6, 6, 6, 7, 7, 7, 7, 7, 8]",7.0,0.0,5.0,0,1.0
3093,Fer_FPM01-02_20012023_59_66.jpg,92464660,1.0,1.24,1,1,[1],1.0,17,21,"[1, 1, 1, 1, 1, 1, 1, 1, 1, 1, 1, 1, 1, 1, 1, 1, 5]",1.0,0.0,5.0,0,14.0
3094,Fer_FPM01-02_20012023_50_56.jpg,92464662,1.0,1.0,1,1,[1],1.0,1,1,[1],0.0,0.0,0.0,0,0.0
3095,Fer_FPM01-02_20012023_49_88.jpg,92464664,2.0,3.2,2,2,[2],2.0,10,32,"[1, 1, 2, 2, 2, 2, 2, 2, 2, 16]",3.0,0.0,5.0,0,1.0
3096,Fer_FPM01-02_20012023_47_99.jpg,92464665,1.0,1.0,1,1,[1],1.0,2,2,"[1, 1]",0.0,0.0,0.0,0,0.0
3097,Fer_FPM01-02_20012023_53_13.jpg,92464666,1.0,1.0,1,1,[1],1.0,4,4,"[1, 1, 1, 1]",0.0,0.0,0.0,0,0.0
3098,Fer_FPM01-02_20012023_47_66.jpg,92464667,3.0,3.47,3,3,[3],3.0,15,52,"[1, 1, 3, 3, 3, 3, 3, 3, 3, 4, 4, 4, 5, 5, 7]",4.0,0.0,5.0,0,1.0
3099,Fer_FPM01-02_20012023_47_72.jpg,92464668,1.0,1.0,1,1,[1],1.0,5,5,"[1, 1, 1, 1, 1]",1.0,0.0,5.0,0,0.0
3100,Fer_FPM01-02_20012023_49_62.jpg,92464670,1.0,1.19,1,1,[1],1.0,16,19,"[1, 1, 1, 1, 1, 1, 1, 1, 1, 1, 1, 1, 1, 1, 1, 4]",1.0,0.0,5.0,0,14.0
3101,Fer_FPM01-02_20012023_47_73.jpg,92464671,2.0,2.27,2,2,[2],2.0,11,25,"[1, 1, 2, 2, 2, 2, 2, 2, 3, 3, 5]",2.0,0.0,5.0,0,2.0
3102,Fer_FPM01-02_20012023_47_67.jpg,92464672,15.0,14.0,15,15,[15],15.0,15,210,"[3, 11, 12, 13, 13, 13, 15, 15, 15, 15, 16, 16, 17, 18, 18]",14.0,0.0,5.0,0,19.0
3103,Fer_FPM01-02_20012023_49_89.jpg,92464674,2.0,1.7,2,2,[2],2.0,10,17,"[1, 1, 1, 2, 2, 2, 2, 2, 2, 2]",2.0,0.0,5.0,0,1.0
3104,Fer_FPM01-02_20012023_50_57.jpg,92464677,1.0,1.0,1,1,[1],1.0,1,1,[1],0.0,0.0,0.0,0,0.0
3105,Fer_FPM01-02_20012023_59_67.jpg,92464678,2.0,1.8,2,2,[2],2.0,5,9,"[1, 2, 2, 2, 2]",1.0,0.0,5.0,0,4.0
3106,Fer_FPM01-02_20012023_43_17.jpg,92464680,5.0,4.69,5,5,[5],5.0,16,75,"[3, 3, 4, 4, 4, 4, 4, 5, 5, 5, 5, 5, 5, 6, 6, 7]",5.0,0.0,5.0,0,6.0
3107,Fer_FPM01-02_20012023_49_3.jpg,92464681,3.0,3.0,3,3,[3],3.0,1,3,[3],0.0,0.0,0.0,0,0.0
3108,Fer_FPM01-02_20012023_57_76.jpg,92464682,2.0,2.0,2,2,[2],2.0,10,20,"[1, 2, 2, 2, 2, 2, 2, 2, 2, 3]",2.0,0.0,5.0,0,1.0
3109,Fer_FPM01-02_20012023_52_52.jpg,92464684,1.0,1.0,1,1,[1],1.0,1,1,[1],0.0,0.0,0.0,0,0.0
3110,Fer_FPM01-02_20012023_52_46.jpg,92464686,1.0,1.0,1,1,[1],1.0,8,8,"[1, 1, 1, 1, 1, 1, 1, 1]",1.0,0.0,5.0,0,3.0
3111,Fer_FPM01-02_20012023_43_100.jpg,92464687,1.0,1.8,1,1,[1],1.0,10,18,"[1, 1, 1, 1, 1, 1, 1, 3, 4, 4]",2.0,0.0,5.0,0,0.0
3112,Fer_FPM01-02_20012023_55_67.jpg,92464688,1.5,1.5,1,2,"[1, 2]",1.5,4,6,"[1, 1, 2, 2]",1.0,0.0,5.0,0,1.0
3113,Fer_FPM01-02_20012023_55_73.jpg,92464690,1.0,1.0,1,1,[1],1.0,2,2,"[1, 1]",0.0,0.0,0.0,0,0.0
3114,Fer_FPM01-02_20012023_52_85.jpg,92464693,22.0,21.82,21,26,"[21, 26]",23.5,17,371,"[11, 13, 15, 18, 20, 21, 21, 21, 22, 23, 25, 26, 26, 26, 27, 28, 28]",27.0,0.0,5.0,0,34.0
3115,Fer_FPM01-02_20012023_52_0.jpg,92464694,2.0,2.27,2,2,[2],2.0,15,34,"[1, 1, 2, 2, 2, 2, 2, 2, 2, 2, 3, 3, 3, 3, 4]",3.0,0.0,5.0,0,0.0
3116,Fer_FPM01-02_20012023_67_16.jpg,92464695,1.0,1.0,1,1,[1],1.0,4,4,"[1, 1, 1, 1]",0.0,0.0,0.0,0,0.0
3117,Fer_FPM01-02_20012023_56_22.jpg,92464696,1.0,1.0,1,1,[1],1.0,1,1,[1],0.0,0.0,0.0,0,0.0
3118,Fer_FPM01-02_20012023_52_105.jpg,92464697,3.0,3.27,1,1,[1],1.0,11,36,"[1, 1, 1, 1, 1, 3, 3, 4, 5, 6, 10]",4.0,0.0,5.0,0,3.0
3119,Fer_FPM01-02_20012023_45_76.jpg,92464698,1.0,1.22,1,1,[1],1.0,9,11,"[1, 1, 1, 1, 1, 1, 1, 2, 2]",1.0,0.0,5.0,0,6.0
3120,Fer_FPM01-02_20012023_45_62.jpg,92464699,2.0,2.0,2,2,[2],2.0,18,36,"[1, 1, 1, 1, 1, 1, 2, 2, 2, 2, 2, 2, 2, 2, 2, 3, 4, 5]",2.0,0.0,5.0,0,0.0
3121,Fer_FPM01-02_20012023_51_17.jpg,92464700,3.0,3.44,3,3,[3],3.0,16,55,"[2, 3, 3, 3, 3, 3, 3, 3, 3, 3, 3, 4, 4, 4, 4, 7]",4.0,0.0,5.0,0,5.0
3122,Fer_FPM01-02_20012023_45_89.jpg,92464701,1.0,1.0,1,1,[1],1.0,3,3,"[1, 1, 1]",0.0,0.0,0.0,0,0.0
3123,Fer_FPM01-02_20012023_50_2.jpg,92464702,1.0,1.0,1,1,[1],1.0,2,2,"[1, 1]",0.0,0.0,0.0,0,0.0
3124,Fer_FPM01-02_20012023_43_8.jpg,92464703,1.0,1.0,1,1,[1],1.0,1,1,[1],0.0,0.0,0.0,0,0.0
3125,Fer_FPM01-02_20012023_70_18.jpg,92464704,2.0,2.2,2,2,[2],2.0,5,11,"[2, 2, 2, 2, 3]",2.0,0.0,5.0,0,1.0
3126,Fer_FPM01-02_20012023_70_24.jpg,92464705,2.0,2.25,2,2,[2],2.0,12,27,"[1, 1, 1, 2, 2, 2, 2, 2, 2, 3, 3, 6]",2.0,0.0,5.0,0,3.0
3127,Fer_FPM01-02_20012023_45_74.jpg,92464706,2.0,1.94,2,2,[2],2.0,18,35,"[1, 2, 2, 2, 2, 2, 2, 2, 2, 2, 2, 2, 2, 2, 2, 2, 2, 2]",2.0,0.0,5.0,0,0.0
3128,Fer_FPM01-02_20012023_51_15.jpg,92464709,1.5,1.5,1,2,"[1, 2]",1.5,2,3,"[1, 2]",0.0,0.0,0.0,0,0.0
3129,Fer_FPM01-02_20012023_58_19.jpg,92464712,1.0,1.44,1,1,[1],1.0,18,26,"[1, 1, 1, 1, 1, 1, 1, 1, 1, 1, 2, 2, 2, 2, 2, 2, 2, 2]",2.0,0.0,5.0,0,0.0
3130,Fer_FPM01-02_20012023_60_21.jpg,92464715,1.0,1.0,1,1,[1],1.0,11,11,"[1, 1, 1, 1, 1, 1, 1, 1, 1, 1, 1]",1.0,0.0,5.0,0,6.0
3131,Fer_FPM01-02_20012023_46_19.jpg,92464716,1.0,1.25,1,1,[1],1.0,4,5,"[1, 1, 1, 2]",1.0,0.0,5.0,0,0.0
3132,Fer_FPM01-02_20012023_55_71.jpg,92464718,1.0,1.38,1,1,[1],1.0,8,11,"[1, 1, 1, 1, 1, 1, 2, 3]",1.0,0.0,5.0,0,5.0
3133,Fer_FPM01-02_20012023_43_102.jpg,92464722,25.5,28.2,7,65,"[7, 8, 10, 19, 25, 26, 28, 34, 60, 65]",28.2,10,282,"[7, 8, 10, 19, 25, 26, 28, 34, 60, 65]",29.0,0.0,5.0,0,42.0
3134,Fer_FPM01-02_20012023_52_44.jpg,92464723,3.0,3.5,3,3,[3],3.0,12,42,"[2, 3, 3, 3, 3, 3, 3, 4, 4, 4, 5, 5]",4.0,0.0,5.0,0,0.0
3135,Fer_FPM01-02_20012023_62_18.jpg,92464724,1.0,1.0,1,1,[1],1.0,13,13,"[1, 1, 1, 1, 1, 1, 1, 1, 1, 1, 1, 1, 1]",1.0,0.0,5.0,0,8.0
3136,Fer_FPM01-02_20012023_50_96.jpg,92464726,1.0,1.11,1,1,[1],1.0,19,21,"[1, 1, 1, 1, 1, 1, 1, 1, 1, 1, 1, 1, 1, 1, 1, 1, 1, 2, 2]",1.0,0.0,5.0,0,16.0
3137,Fer_FPM01-02_20012023_50_82.jpg,92464727,2.5,2.7,1,1,[1],1.0,10,27,"[1, 1, 1, 2, 2, 3, 3, 4, 5, 5]",2.0,0.0,5.0,0,1.0
3138,Fer_FPM01-02_20012023_43_15.jpg,92464728,9.0,8.75,10,10,[10],10.0,16,140,"[3, 5, 8, 8, 8, 8, 9, 9, 9, 10, 10, 10, 10, 10, 10, 13]",9.0,0.0,5.0,0,5.0
3139,Fer_FPM01-02_20012023_50_69.jpg,92464729,1.0,1.0,1,1,[1],1.0,2,2,"[1, 1]",0.0,0.0,0.0,0,0.0
3140,Fer_FPM01-02_20012023_44_20.jpg,92464731,2.0,2.33,2,2,[2],2.0,15,35,"[2, 2, 2, 2, 2, 2, 2, 2, 2, 2, 3, 3, 3, 3, 3]",4.0,0.0,5.0,0,0.0
3141,Fer_FPM01-02_20012023_50_41.jpg,92464733,2.0,2.0,2,2,[2],2.0,1,2,[2],0.0,0.0,0.0,0,0.0
3142,Fer_FPM01-02_20012023_56_6.jpg,92464735,1.0,1.0,1,1,[1],1.0,1,1,[1],0.0,0.0,0.0,0,0.0
3143,Fer_FPM01-02_20012023_58_9.jpg,92464736,7.0,6.82,7,7,[7],7.0,17,116,"[4, 4, 5, 5, 6, 6, 7, 7, 7, 7, 7, 8, 8, 8, 8, 9, 10]",8.0,0.0,5.0,0,3.0
3144,Fer_FPM01-02_20012023_47_71.jpg,92464737,1.0,1.0,1,1,[1],1.0,1,1,[1],0.0,0.0,0.0,0,0.0
3145,Fer_FPM01-02_20012023_54_19.jpg,92464740,1.0,1.0,1,1,[1],1.0,20,20,"[1, 1, 1, 1, 1, 1, 1, 1, 1, 1, 1, 1, 1, 1, 1, 1, 1, 1, 1, 1]",1.0,0.0,5.0,0,15.0
3146,Fer_FPM01-02_20012023_49_60.jpg,92464742,1.0,1.09,1,1,[1],1.0,11,12,"[1, 1, 1, 1, 1, 1, 1, 1, 1, 1, 2]",1.0,0.0,5.0,0,6.0
3147,Fer_FPM01-02_20012023_47_59.jpg,92464744,5.0,5.0,5,5,[5],5.0,1,5,[5],1.0,0.0,5.0,0,0.0
3148,Fer_FPM01-02_20012023_49_61.jpg,92464747,1.0,1.0,1,1,[1],1.0,4,4,"[1, 1, 1, 1]",0.0,0.0,0.0,0,0.0
3149,Fer_FPM01-02_20012023_53_39.jpg,92464748,1.0,1.0,1,1,[1],1.0,1,1,[1],0.0,0.0,0.0,0,0.0
3150,Fer_FPM01-02_20012023_47_64.jpg,92464749,19.5,19.55,23,23,[23],23.0,20,391,"[4, 14, 15, 16, 16, 17, 17, 18, 19, 19, 20, 22, 23, 23, 23, 23, 24, 24, 26, 28]",24.0,0.0,5.0,0,10.0
3151,Fer_FPM01-02_20012023_49_49.jpg,92464750,3.0,3.0,3,3,[3],3.0,1,3,[3],0.0,0.0,0.0,0,0.0
3152,Fer_FPM01-02_20012023_54_18.jpg,92464751,10.0,10.59,10,10,[10],10.0,17,180,"[2, 3, 3, 4, 5, 6, 8, 10, 10, 10, 12, 12, 14, 14, 15, 17, 35]",18.0,0.0,5.0,0,17.0
3153,Fer_FPM01-02_20012023_58_8.jpg,92464753,1.0,1.0,1,1,[1],1.0,4,4,"[1, 1, 1, 1]",0.0,0.0,0.0,0,0.0
3154,Fer_FPM01-02_20012023_72_20.jpg,92464754,5.0,6.11,5,5,[5],5.0,19,116,"[2, 4, 4, 4, 4, 5, 5, 5, 5, 5, 7, 7, 8, 8, 8, 8, 9, 9, 9]",8.0,0.0,5.0,0,0.0
3155,Fer_FPM01-02_20012023_56_7.jpg,92464755,1.0,1.0,1,1,[1],1.0,1,1,[1],0.0,0.0,0.0,0,0.0
3156,Fer_FPM01-02_20012023_50_54.jpg,92464758,1.0,1.0,1,1,[1],1.0,1,1,[1],0.0,0.0,0.0,0,0.0
3157,Fer_FPM01-02_20012023_57_75.jpg,92464759,11.0,10.31,12,12,[12],12.0,16,165,"[1, 7, 9, 9, 9, 10, 10, 11, 11, 12, 12, 12, 12, 13, 13, 14]",13.0,0.0,5.0,0,6.0
3158,Fer_FPM01-02_20012023_43_14.jpg,92464760,2.0,2.71,2,2,[2],2.0,7,19,"[2, 2, 2, 2, 3, 4, 4]",2.0,0.0,5.0,0,0.0
3159,Fer_FPM01-02_20012023_50_97.jpg,92464763,3.0,2.87,3,3,[3],3.0,15,43,"[1, 2, 2, 3, 3, 3, 3, 3, 3, 3, 3, 3, 3, 3, 5]",3.0,0.0,5.0,0,1.0
3160,Fer_FPM01-02_20012023_62_19.jpg,92464764,2.0,1.64,2,2,[2],2.0,11,18,"[1, 1, 1, 1, 2, 2, 2, 2, 2, 2, 2]",2.0,0.0,5.0,0,0.0
3161,Fer_FPM01-02_20012023_52_45.jpg,92464765,1.0,1.4,1,1,[1],1.0,15,21,"[1, 1, 1, 1, 1, 1, 1, 1, 1, 1, 1, 2, 2, 2, 4]",1.0,0.0,5.0,0,14.0
3162,Fer_FPM01-02_20012023_46_24.jpg,92464767,2.0,2.0,2,2,[2],2.0,1,2,[2],0.0,0.0,0.0,0,0.0
3163,Fer_FPM01-02_20012023_53_103.jpg,92464768,2.0,2.19,2,2,[2],2.0,16,35,"[1, 2, 2, 2, 2, 2, 2, 2, 2, 2, 2, 2, 2, 3, 3, 4]",2.0,0.0,5.0,0,3.0
3164,Fer_FPM01-02_20012023_48_21.jpg,92464770,1.0,1.0,1,1,[1],1.0,18,18,"[1, 1, 1, 1, 1, 1, 1, 1, 1, 1, 1, 1, 1, 1, 1, 1, 1, 1]",1.0,0.0,5.0,0,12.0
3165,Fer_FPM01-02_20012023_60_20.jpg,92464772,1.0,1.0,1,1,[1],1.0,2,2,"[1, 1]",0.0,0.0,0.0,0,0.0
3166,Fer_FPM01-02_20012023_67_15.jpg,92464773,1.0,1.11,1,1,[1],1.0,9,10,"[1, 1, 1, 1, 1, 1, 1, 1, 2]",1.0,0.0,5.0,0,5.0
3167,Fer_FPM01-02_20012023_45_49.jpg,92464776,3.0,2.75,3,3,[3],3.0,8,22,"[1, 2, 2, 3, 3, 3, 3, 5]",3.0,0.0,5.0,0,1.0
3168,Fer_FPM01-02_20012023_58_18.jpg,92464777,1.0,1.0,1,1,[1],1.0,1,1,[1],0.0,0.0,0.0,0,0.0
3169,Fer_FPM01-02_20012023_45_61.jpg,92464778,1.0,1.0,1,1,[1],1.0,18,18,"[1, 1, 1, 1, 1, 1, 1, 1, 1, 1, 1, 1, 1, 1, 1, 1, 1, 1]",1.0,0.0,5.0,0,12.0
3170,Fer_FPM01-02_20012023_51_14.jpg,92464779,1.0,1.0,1,1,[1],1.0,2,2,"[1, 1]",0.0,0.0,0.0,0,0.0
3171,Fer_FPM01-02_20012023_70_19.jpg,92464782,1.0,1.2,1,1,[1],1.0,5,6,"[1, 1, 1, 1, 2]",1.0,0.0,5.0,0,1.0
3172,Fer_FPM01-02_20012023_70_21.jpg,92464783,14.0,13.58,14,15,"[14, 15]",14.5,19,258,"[11, 11, 11, 11, 12, 12, 13, 14, 14, 14, 14, 14, 15, 15, 15, 15, 15, 16, 16]",15.0,0.0,5.0,0,1.0
3173,Fer_FPM01-02_20012023_42_102.jpg,92464786,9.5,9.75,8,13,"[8, 9, 12, 13]",10.5,16,156,"[4, 5, 6, 7, 8, 8, 9, 9, 10, 11, 12, 12, 13, 13, 14, 15]",12.0,0.0,5.0,0,5.0
3174,Fer_FPM01-02_20012023_45_59.jpg,92464787,1.5,1.5,1,2,"[1, 2]",1.5,4,6,"[1, 1, 2, 2]",1.0,0.0,5.0,0,1.0
3175,Fer_FPM01-02_20012023_52_102.jpg,92464788,2.5,2.5,2,3,"[2, 3]",2.5,2,5,"[2, 3]",1.0,0.0,5.0,0,0.0
3176,Fer_FPM01-02_20012023_58_20.jpg,92464789,1.0,1.4,1,1,[1],1.0,5,7,"[1, 1, 1, 1, 3]",1.0,0.0,5.0,0,2.0
3177,Fer_FPM01-02_20012023_45_71.jpg,92464790,1.0,1.06,1,1,[1],1.0,16,17,"[1, 1, 1, 1, 1, 1, 1, 1, 1, 1, 1, 1, 1, 1, 1, 2]",1.0,0.0,5.0,0,9.0
3178,Fer_FPM01-02_20012023_45_65.jpg,92464792,19.5,18.57,2,8,"[2, 8]",5.0,14,260,"[1, 2, 2, 8, 8, 11, 14, 25, 26, 28, 30, 32, 35, 38]",27.0,0.0,5.0,0,21.0
3179,Fer_FPM01-02_20012023_56_19.jpg,92464793,2.0,2.0,2,2,[2],2.0,5,10,"[1, 2, 2, 2, 3]",1.0,0.0,5.0,0,5.0
3180,Fer_FPM01-02_20012023_52_96.jpg,92464796,2.0,2.08,2,2,[2],2.0,13,27,"[2, 2, 2, 2, 2, 2, 2, 2, 2, 2, 2, 2, 3]",2.0,0.0,5.0,0,1.0
3181,Fer_FPM01-02_20012023_60_18.jpg,92464797,1.0,1.0,1,1,[1],1.0,1,1,[1],0.0,0.0,0.0,0,0.0
3182,Fer_FPM01-02_20012023_46_20.jpg,92464799,1.0,1.0,1,1,[1],1.0,4,4,"[1, 1, 1, 1]",0.0,0.0,0.0,0,0.0
3183,Fer_FPM01-02_20012023_52_41.jpg,92464801,1.0,1.1,1,1,[1],1.0,10,11,"[1, 1, 1, 1, 1, 1, 1, 1, 1, 2]",1.0,0.0,5.0,0,6.0
3184,Fer_FPM01-02_20012023_48_19.jpg,92464802,7.0,7.0,7,7,[7],7.0,1,7,[7],1.0,0.0,5.0,0,2.0
3185,Fer_FPM01-02_20012023_52_69.jpg,92464803,1.0,1.0,1,1,[1],1.0,2,2,"[1, 1]",0.0,0.0,0.0,0,0.0
3186,Fer_FPM01-02_20012023_55_74.jpg,92464804,1.0,1.0,1,1,[1],1.0,4,4,"[1, 1, 1, 1]",0.0,0.0,0.0,0,0.0
3187,Fer_FPM01-02_20012023_62_21.jpg,92464806,1.0,3.56,1,1,[1],1.0,9,32,"[1, 1, 1, 1, 1, 1, 2, 3, 21]",2.0,0.0,5.0,0,0.0
3188,Fer_FPM01-02_20012023_50_87.jpg,92464807,2.0,2.27,2,2,[2],2.0,11,25,"[1, 2, 2, 2, 2, 2, 2, 2, 2, 2, 6]",2.0,0.0,5.0,0,5.0
3189,Fer_FPM01-02_20012023_50_50.jpg,92464809,1.0,1.0,1,1,[1],1.0,5,5,"[1, 1, 1, 1, 1]",1.0,0.0,5.0,0,0.0
3190,Fer_FPM01-02_20012023_50_44.jpg,92464810,1.0,1.0,1,1,[1],1.0,1,1,[1],0.0,0.0,0.0,0,0.0
3191,Fer_FPM01-02_20012023_44_19.jpg,92464811,9.0,8.18,9,9,[9],9.0,11,90,"[2, 4, 5, 7, 8, 9, 9, 9, 11, 13, 13]",8.0,0.0,5.0,0,12.0
3192,Fer_FPM01-02_20012023_45_9.jpg,92464816,1.0,1.5,1,1,[1],1.0,4,6,"[1, 1, 1, 3]",1.0,0.0,5.0,0,1.0
3193,Fer_FPM01-02_20012023_49_65.jpg,92464818,13.0,12.13,5,22,"[5, 9, 15, 22]",12.75,15,182,"[1, 3, 5, 5, 9, 9, 12, 13, 14, 15, 15, 16, 21, 22, 22]",18.0,0.0,5.0,0,13.0
3194,Fer_FPM01-02_20012023_47_48.jpg,92464819,2.0,2.0,2,2,[2],2.0,1,2,[2],0.0,0.0,0.0,0,0.0
3195,Fer_FPM01-02_20012023_54_20.jpg,92464820,1.0,7.33,1,1,[1],1.0,3,22,"[1, 1, 20]",1.0,0.0,5.0,0,17.0
3196,Fer_FPM01-02_20012023_49_71.jpg,92464821,1.0,1.0,1,1,[1],1.0,1,1,[1],0.0,0.0,0.0,0,0.0
3197,Fer_FPM01-02_20012023_53_15.jpg,92464824,1.0,1.0,1,1,[1],1.0,1,1,[1],0.0,0.0,0.0,0,0.0
3198,Fer_FPM01-02_20012023_47_61.jpg,92464826,2.0,2.0,2,2,[2],2.0,1,2,[2],0.0,0.0,0.0,0,0.0
3199,Fer_FPM01-02_20012023_53_14.jpg,92464827,1.0,1.2,1,1,[1],1.0,5,6,"[1, 1, 1, 1, 2]",1.0,0.0,5.0,0,1.0
3200,Fer_FPM01-02_20012023_47_75.jpg,92464828,3.0,3.0,3,3,[3],3.0,21,63,"[2, 2, 3, 3, 3, 3, 3, 3, 3, 3, 3, 3, 3, 3, 3, 3, 3, 3, 3, 4, 4]",3.0,0.0,5.0,0,0.0
3201,Fer_FPM01-02_20012023_49_58.jpg,92464829,5.0,5.0,5,5,[5],5.0,1,5,[5],1.0,0.0,5.0,0,0.0
3202,Fer_FPM01-02_20012023_54_21.jpg,92464830,1.0,1.0,1,1,[1],1.0,1,1,[1],0.0,0.0,0.0,0,0.0
3203,Fer_FPM01-02_20012023_49_70.jpg,92464831,1.0,1.67,1,1,[1],1.0,3,5,"[1, 1, 3]",1.0,0.0,5.0,0,0.0
3204,Fer_FPM01-02_20012023_47_49.jpg,92464832,30.0,30.0,30,30,[30],30.0,1,30,[30],1.0,0.0,5.0,0,25.0
3205,Fer_FPM01-02_20012023_49_64.jpg,92464833,2.0,2.22,2,2,[2],2.0,18,40,"[1, 1, 1, 1, 1, 1, 2, 2, 2, 2, 2, 2, 2, 2, 2, 2, 2, 12]",2.0,0.0,5.0,0,1.0
3206,Fer_FPM01-02_20012023_44_18.jpg,92464839,4.0,4.2,4,4,[4],4.0,15,63,"[2, 3, 3, 3, 3, 4, 4, 4, 4, 4, 4, 5, 5, 5, 10]",3.0,0.0,5.0,0,7.0
3207,Fer_FPM01-02_20012023_43_11.jpg,92464841,1.0,1.0,1,1,[1],1.0,2,2,"[1, 1]",0.0,0.0,0.0,0,0.0
3208,Fer_FPM01-02_20012023_50_86.jpg,92464846,5.0,4.5,5,5,[5],5.0,16,72,"[1, 1, 4, 4, 4, 4, 4, 5, 5, 5, 5, 5, 5, 6, 7, 7]",5.0,0.0,5.0,0,3.0
3209,Fer_FPM01-02_20012023_50_92.jpg,92464847,1.0,1.0,1,1,[1],1.0,1,1,[1],0.0,0.0,0.0,0,0.0
3210,Fer_FPM01-02_20012023_62_20.jpg,92464848,18.5,16.25,21,21,[21],21.0,20,325,"[1, 2, 7, 8, 14, 16, 16, 17, 18, 18, 19, 20, 20, 20, 21, 21, 21, 21, 22, 23]",27.0,0.0,5.0,0,30.0
3211,Fer_FPM01-02_20012023_55_75.jpg,92464849,2.0,2.13,2,2,[2],2.0,15,32,"[2, 2, 2, 2, 2, 2, 2, 2, 2, 2, 2, 2, 2, 3, 3]",2.0,0.0,5.0,0,0.0
3212,Fer_FPM01-02_20012023_52_68.jpg,92464850,4.0,4.0,2,6,"[2, 6]",4.0,2,8,"[2, 6]",1.0,0.0,5.0,0,3.0
3213,Fer_FPM01-02_20012023_52_40.jpg,92464852,1.0,1.0,1,1,[1],1.0,10,10,"[1, 1, 1, 1, 1, 1, 1, 1, 1, 1]",1.0,0.0,5.0,0,4.0
3214,Fer_FPM01-02_20012023_60_19.jpg,92464856,1.0,1.0,1,1,[1],1.0,1,1,[1],0.0,0.0,0.0,0,0.0
3215,Fer_FPM01-02_20012023_52_83.jpg,92464857,1.0,1.4,1,1,[1],1.0,5,7,"[1, 1, 1, 1, 3]",1.0,0.0,5.0,0,2.0
3216,Fer_FPM01-02_20012023_69_15.jpg,92464858,1.0,1.0,1,1,[1],1.0,11,11,"[1, 1, 1, 1, 1, 1, 1, 1, 1, 1, 1]",1.0,0.0,5.0,0,6.0
3217,Fer_FPM01-02_20012023_60_25.jpg,92464859,4.5,4.5,2,7,"[2, 7]",4.5,2,9,"[2, 7]",1.0,0.0,5.0,0,4.0
3218,Fer_FPM01-02_20012023_52_97.jpg,92464860,2.0,1.9,2,2,[2],2.0,20,38,"[1, 1, 2, 2, 2, 2, 2, 2, 2, 2, 2, 2, 2, 2, 2, 2, 2, 2, 2, 2]",2.0,0.0,5.0,0,0.0
3219,Fer_FPM01-02_20012023_45_64.jpg,92464861,3.5,4.19,2,2,[2],2.0,16,67,"[2, 2, 2, 2, 2, 2, 3, 3, 4, 4, 5, 5, 6, 6, 8, 11]",6.0,0.0,5.0,0,8.0
3220,Fer_FPM01-02_20012023_58_21.jpg,92464864,2.0,1.64,2,2,[2],2.0,14,23,"[1, 1, 1, 1, 1, 1, 2, 2, 2, 2, 2, 2, 2, 3]",2.0,0.0,5.0,0,0.0
3221,Fer_FPM01-02_20012023_45_70.jpg,92464865,1.0,1.13,1,1,[1],1.0,15,17,"[1, 1, 1, 1, 1, 1, 1, 1, 1, 1, 1, 1, 1, 2, 2]",1.0,0.0,5.0,0,12.0
3222,Fer_FPM01-02_20012023_45_58.jpg,92464866,1.0,1.62,1,1,[1],1.0,16,26,"[1, 1, 1, 1, 1, 1, 1, 1, 1, 2, 2, 2, 2, 2, 3, 4]",2.0,0.0,5.0,0,4.0
3223,Fer_FPM01-02_20012023_52_103.jpg,92464867,3.0,2.35,3,3,[3],3.0,17,40,"[1, 1, 1, 1, 1, 1, 2, 2, 3, 3, 3, 3, 3, 3, 3, 3, 6]",3.0,0.0,5.0,0,5.0
3224,Fer_FPM01-02_20012023_42_103.jpg,92464868,1.0,1.38,1,1,[1],1.0,8,11,"[1, 1, 1, 1, 1, 2, 2, 2]",1.0,0.0,5.0,0,6.0
3225,Fer_FPM01-02_20012023_50_4.jpg,92464870,1.0,1.0,1,1,[1],1.0,1,1,[1],0.0,0.0,0.0,0,0.0
3226,Fer_FPM01-02_20012023_70_20.jpg,92464871,8.0,6.76,8,8,[8],8.0,17,115,"[1, 2, 4, 5, 5, 6, 6, 8, 8, 8, 8, 8, 8, 8, 8, 11, 11]",8.0,0.0,5.0,0,3.0
3227,Fer_FPM01-02_20012023_70_22.jpg,92464872,7.0,7.05,7,7,[7],7.0,19,134,"[4, 4, 5, 6, 6, 6, 6, 7, 7, 7, 7, 7, 7, 8, 8, 9, 9, 10, 11]",9.0,0.0,5.0,0,7.0
3228,Fer_FPM01-02_20012023_45_99.jpg,92464873,1.0,1.0,1,1,[1],1.0,1,1,[1],0.0,0.0,0.0,0,0.0
3229,Fer_FPM01-02_20012023_52_101.jpg,92464875,2.0,2.07,2,2,[2],2.0,15,31,"[1, 1, 1, 1, 2, 2, 2, 2, 2, 2, 2, 3, 3, 3, 4]",3.0,0.0,5.0,0,0.0
3230,Fer_FPM01-02_20012023_45_66.jpg,92464877,3.0,3.31,3,3,[3],3.0,13,43,"[2, 3, 3, 3, 3, 3, 3, 3, 3, 3, 3, 3, 8]",3.0,0.0,5.0,0,5.0
3231,Fer_FPM01-02_20012023_45_72.jpg,92464878,5.0,5.0,5,5,[5],5.0,19,95,"[5, 5, 5, 5, 5, 5, 5, 5, 5, 5, 5, 5, 5, 5, 5, 5, 5, 5, 5]",6.0,0.0,5.0,0,4.0
3232,Fer_FPM01-02_20012023_52_4.jpg,92464881,5.0,5.0,5,5,[5],5.0,1,5,[5],1.0,0.0,5.0,0,0.0
3233,Fer_FPM01-02_20012023_52_42.jpg,92464882,1.5,1.67,1,1,[1],1.0,6,10,"[1, 1, 1, 2, 2, 3]",2.0,0.0,5.0,0,0.0
3234,Fer_FPM01-02_20012023_46_23.jpg,92464883,1.0,1.0,1,1,[1],1.0,1,1,[1],0.0,0.0,0.0,0,0.0
3235,Fer_FPM01-02_20012023_53_104.jpg,92464884,2.0,2.25,1,1,[1],1.0,8,18,"[1, 1, 1, 2, 2, 3, 3, 5]",1.0,0.0,5.0,0,13.0
3236,Fer_FPM01-02_20012023_55_77.jpg,92464886,1.0,1.12,1,1,[1],1.0,8,9,"[1, 1, 1, 1, 1, 1, 1, 2]",1.0,0.0,5.0,0,4.0
3237,Fer_FPM01-02_20012023_50_84.jpg,92464887,1.0,1.0,1,1,[1],1.0,1,1,[1],0.0,0.0,0.0,0,0.0
3238,Fer_FPM01-02_20012023_50_90.jpg,92464889,1.0,1.0,1,1,[1],1.0,1,1,[1],0.0,0.0,0.0,0,0.0
3239,Fer_FPM01-02_20012023_54_2.jpg,92464890,1.0,1.0,1,1,[1],1.0,1,1,[1],0.0,0.0,0.0,0,0.0
3240,Fer_FPM01-02_20012023_47_8.jpg,92464891,2.0,2.0,1,3,"[1, 3]",2.0,8,16,"[1, 1, 1, 2, 2, 3, 3, 3]",1.0,0.0,5.0,0,11.0
3241,Fer_FPM01-02_20012023_65_17.jpg,92464892,1.5,1.7,1,1,[1],1.0,10,17,"[1, 1, 1, 1, 1, 2, 2, 2, 3, 3]",3.0,0.0,5.0,0,1.0
3242,Fer_FPM01-02_20012023_50_53.jpg,92464894,1.0,1.0,1,1,[1],1.0,2,2,"[1, 1]",0.0,0.0,0.0,0,0.0
3243,Fer_FPM01-02_20012023_57_72.jpg,92464896,1.5,1.5,1,2,"[1, 2]",1.5,4,6,"[1, 1, 2, 2]",1.0,0.0,5.0,0,1.0
3244,Fer_FPM01-02_20012023_43_13.jpg,92464897,1.0,1.14,1,1,[1],1.0,14,16,"[1, 1, 1, 1, 1, 1, 1, 1, 1, 1, 1, 1, 1, 3]",1.0,0.0,5.0,0,11.0
3245,Fer_FPM01-02_20012023_49_72.jpg,92464902,3.0,2.89,3,3,[3],3.0,18,52,"[2, 2, 2, 3, 3, 3, 3, 3, 3, 3, 3, 3, 3, 3, 3, 3, 3, 4]",3.0,0.0,5.0,0,1.0
3246,Fer_FPM01-02_20012023_49_66.jpg,92464903,2.0,2.25,2,2,[2],2.0,16,36,"[1, 1, 1, 1, 2, 2, 2, 2, 2, 2, 3, 3, 3, 3, 3, 5]",3.0,0.0,5.0,0,2.0
3247,Fer_FPM01-02_20012023_53_16.jpg,92464904,4.0,4.0,4,4,[4],4.0,1,4,[4],0.0,0.0,0.0,0,0.0
3248,Fer_FPM01-02_20012023_47_63.jpg,92464905,2.0,2.05,2,2,[2],2.0,20,41,"[2, 2, 2, 2, 2, 2, 2, 2, 2, 2, 2, 2, 2, 2, 2, 2, 2, 2, 2, 3]",2.0,0.0,5.0,0,0.0
3249,Fer_FPM01-02_20012023_47_77.jpg,92464906,4.0,4.08,4,4,[4],4.0,12,49,"[2, 2, 3, 3, 4, 4, 4, 4, 5, 5, 5, 8]",5.0,0.0,5.0,0,4.0
3250,Fer_FPM01-02_20012023_47_76.jpg,92464907,1.0,1.0,1,1,[1],1.0,1,1,[1],0.0,0.0,0.0,0,0.0
3251,Fer_FPM01-02_20012023_49_67.jpg,92464910,2.0,1.84,2,2,[2],2.0,19,35,"[1, 1, 1, 1, 2, 2, 2, 2, 2, 2, 2, 2, 2, 2, 2, 2, 2, 2, 3]",2.0,0.0,5.0,0,0.0
3252,Fer_FPM01-02_20012023_54_22.jpg,92464913,1.0,1.11,1,1,[1],1.0,9,10,"[1, 1, 1, 1, 1, 1, 1, 1, 2]",1.0,0.0,5.0,0,4.0
3253,Fer_FPM01-02_20012023_49_98.jpg,92464914,2.0,1.88,2,2,[2],2.0,17,32,"[1, 1, 1, 1, 1, 1, 1, 2, 2, 2, 2, 2, 2, 2, 2, 2, 7]",3.0,0.0,5.0,0,6.0
3254,Fer_FPM01-02_20012023_61_66.jpg,92464916,6.0,5.64,6,6,[6],6.0,11,62,"[3, 4, 4, 5, 5, 6, 6, 6, 7, 8, 8]",7.0,0.0,5.0,0,3.0
3255,Fer_FPM01-02_20012023_47_89.jpg,92464917,8.0,8.0,8,8,[8],8.0,1,8,[8],1.0,0.0,5.0,0,3.0
3256,Fer_FPM01-02_20012023_57_67.jpg,92464918,1.0,1.06,1,1,[1],1.0,17,18,"[1, 1, 1, 1, 1, 1, 1, 1, 1, 1, 1, 1, 1, 1, 1, 1, 2]",1.0,0.0,5.0,0,2.0
3257,Fer_FPM01-02_20012023_57_73.jpg,92464920,2.0,2.0,2,2,[2],2.0,2,4,"[2, 2]",0.0,0.0,0.0,0,0.0
3258,Fer_FPM01-02_20012023_50_46.jpg,92464923,1.0,1.0,1,1,[1],1.0,8,8,"[1, 1, 1, 1, 1, 1, 1, 1]",1.0,0.0,5.0,0,3.0
3259,Fer_FPM01-02_20012023_65_16.jpg,92464925,2.0,2.0,2,2,[2],2.0,1,2,[2],0.0,0.0,0.0,0,0.0
3260,Fer_FPM01-02_20012023_62_23.jpg,92464926,1.0,1.0,1,1,[1],1.0,1,1,[1],0.0,0.0,0.0,0,0.0
3261,Fer_FPM01-02_20012023_50_91.jpg,92464927,4.0,4.57,4,4,[4],4.0,14,64,"[2, 2, 3, 4, 4, 4, 4, 4, 5, 5, 6, 6, 7, 8]",5.0,0.0,5.0,0,11.0
3262,Fer_FPM01-02_20012023_50_85.jpg,92464928,1.0,1.0,1,1,[1],1.0,6,6,"[1, 1, 1, 1, 1, 1]",1.0,0.0,5.0,0,1.0
3263,Fer_FPM01-02_20012023_55_76.jpg,92464929,1.0,1.0,1,1,[1],1.0,8,8,"[1, 1, 1, 1, 1, 1, 1, 1]",1.0,0.0,5.0,0,3.0
3264,Fer_FPM01-02_20012023_53_105.jpg,92464931,4.0,5.25,4,4,[4],4.0,12,63,"[1, 1, 2, 3, 4, 4, 4, 5, 5, 10, 12, 12]",6.0,0.0,5.0,0,5.0
3265,Fer_FPM01-02_20012023_52_43.jpg,92464933,5.0,4.41,5,5,[5],5.0,17,75,"[3, 3, 4, 4, 4, 4, 4, 4, 5, 5, 5, 5, 5, 5, 5, 5, 5]",5.0,0.0,5.0,0,1.0
3266,Fer_FPM01-02_20012023_69_16.jpg,92464936,1.0,1.0,1,1,[1],1.0,1,1,[1],0.0,0.0,0.0,0,0.0
3267,Fer_FPM01-02_20012023_45_73.jpg,92464937,1.0,1.0,1,1,[1],1.0,17,17,"[1, 1, 1, 1, 1, 1, 1, 1, 1, 1, 1, 1, 1, 1, 1, 1, 1]",1.0,0.0,5.0,0,12.0
3268,Fer_FPM01-02_20012023_58_22.jpg,92464938,1.0,1.47,1,1,[1],1.0,17,25,"[1, 1, 1, 1, 1, 1, 1, 1, 1, 1, 1, 1, 1, 1, 1, 3, 7]",2.0,0.0,5.0,0,1.0
3269,Fer_FPM01-02_20012023_45_67.jpg,92464939,2.0,2.4,2,2,[2],2.0,15,36,"[1, 2, 2, 2, 2, 2, 2, 2, 2, 3, 3, 3, 3, 3, 4]",2.0,0.0,5.0,0,1.0
3270,Fer_FPM01-02_20012023_52_100.jpg,92464942,1.5,1.7,1,1,[1],1.0,10,17,"[1, 1, 1, 1, 1, 2, 2, 2, 3, 3]",2.0,0.0,5.0,0,0.0
3271,Fer_FPM01-02_20012023_45_98.jpg,92464944,1.0,1.0,1,1,[1],1.0,1,1,[1],0.0,0.0,0.0,0,0.0
3272,Fer_FPM01-02_20012023_70_23.jpg,92464945,3.0,3.47,4,4,[4],4.0,17,59,"[1, 2, 2, 3, 3, 3, 3, 3, 3, 4, 4, 4, 4, 4, 4, 4, 8]",4.0,0.0,5.0,0,2.0
3273,Fer_FPM01-02_20012023_45_81.jpg,92464946,17.0,17.28,14,20,"[14, 15, 18, 20]",16.75,18,311,"[13, 13, 14, 14, 14, 15, 15, 15, 17, 17, 18, 18, 18, 20, 20, 20, 23, 27]",21.0,0.0,5.0,0,12.0
3274,Fer_FPM01-02_20012023_45_95.jpg,92464947,2.0,2.0,2,2,[2],2.0,1,2,[2],0.0,0.0,0.0,0,0.0
3275,Fer_FPM01-02_20012023_51_37.jpg,92464949,1.0,1.0,1,1,[1],1.0,1,1,[1],0.0,0.0,0.0,0,0.0
3276,Fer_FPM01-02_20012023_58_13.jpg,92464950,1.0,1.06,1,1,[1],1.0,17,18,"[1, 1, 1, 1, 1, 1, 1, 1, 1, 1, 1, 1, 1, 1, 1, 1, 2]",1.0,0.0,5.0,0,13.0
3277,Fer_FPM01-02_20012023_51_23.jpg,92464951,1.5,2.17,1,1,[1],1.0,6,13,"[1, 1, 1, 2, 3, 5]",2.0,0.0,5.0,0,1.0
3278,Fer_FPM01-02_20012023_56_16.jpg,92464953,1.0,1.0,1,1,[1],1.0,7,7,"[1, 1, 1, 1, 1, 1, 1]",1.0,0.0,5.0,0,2.0
3279,Fer_FPM01-02_20012023_52_99.jpg,92464955,6.0,6.0,5,7,"[5, 7]",6.0,2,12,"[5, 7]",1.0,0.0,5.0,0,7.0
3280,Fer_FPM01-02_20012023_60_17.jpg,92464957,2.0,2.78,2,2,[2],2.0,9,25,"[2, 2, 2, 2, 2, 3, 3, 4, 5]",2.0,0.0,5.0,0,7.0
3281,Fer_FPM01-02_20012023_55_53.jpg,92464958,1.0,1.0,1,1,[1],1.0,1,1,[1],0.0,0.0,0.0,0,0.0
3282,Fer_FPM01-02_20012023_46_13.jpg,92464960,10.0,10.0,10,10,[10],10.0,1,10,[10],1.0,0.0,5.0,0,5.0
3283,Fer_FPM01-02_20012023_52_66.jpg,92464961,1.0,1.14,1,1,[1],1.0,7,8,"[1, 1, 1, 1, 1, 1, 2]",1.0,0.0,5.0,0,3.0
3284,Fer_FPM01-02_20012023_44_16.jpg,92464966,3.0,2.89,3,3,[3],3.0,19,55,"[1, 2, 2, 2, 3, 3, 3, 3, 3, 3, 3, 3, 3, 3, 3, 3, 3, 3, 6]",4.0,0.0,5.0,0,7.0
3285,Fer_FPM01-02_20012023_50_63.jpg,92464967,2.0,1.94,2,2,[2],2.0,16,31,"[1, 2, 2, 2, 2, 2, 2, 2, 2, 2, 2, 2, 2, 2, 2, 2]",2.0,0.0,5.0,0,0.0
3286,Fer_FPM01-02_20012023_45_6.jpg,92464970,8.0,7.07,8,8,[8],8.0,15,106,"[1, 1, 3, 5, 5, 7, 7, 8, 8, 8, 9, 10, 10, 11, 13]",10.0,0.0,5.0,0,7.0
3287,Fer_FPM01-02_20012023_49_95.jpg,92464971,1.0,1.0,1,1,[1],1.0,20,20,"[1, 1, 1, 1, 1, 1, 1, 1, 1, 1, 1, 1, 1, 1, 1, 1, 1, 1, 1, 1]",1.0,0.0,5.0,0,15.0
3288,Fer_FPM01-02_20012023_49_56.jpg,92464972,1.0,1.0,1,1,[1],1.0,1,1,[1],0.0,0.0,0.0,0,0.0
3289,Fer_FPM01-02_20012023_47_100.jpg,92464974,1.0,1.0,1,1,[1],1.0,1,1,[1],0.0,0.0,0.0,0,0.0
3290,Fer_FPM01-02_20012023_54_13.jpg,92464975,1.0,1.22,1,1,[1],1.0,9,11,"[1, 1, 1, 1, 1, 1, 1, 1, 3]",1.0,0.0,5.0,0,6.0
3291,Fer_FPM01-02_20012023_47_101.jpg,92464976,1.0,1.1,1,1,[1],1.0,20,22,"[1, 1, 1, 1, 1, 1, 1, 1, 1, 1, 1, 1, 1, 1, 1, 1, 1, 1, 2, 2]",1.0,0.0,5.0,0,15.0
3292,Fer_FPM01-02_20012023_45_7.jpg,92464982,3.0,3.0,2,4,"[2, 4]",3.0,2,6,"[2, 4]",1.0,0.0,5.0,0,1.0
3293,Fer_FPM01-02_20012023_47_91.jpg,92464983,1.0,1.0,1,1,[1],1.0,1,1,[1],0.0,0.0,0.0,0,0.0
3294,Fer_FPM01-02_20012023_46_104.jpg,92464985,4.0,3.54,4,4,[4],4.0,13,46,"[1, 2, 2, 2, 4, 4, 4, 4, 4, 4, 5, 5, 5]",4.0,0.0,5.0,0,1.0
3295,Fer_FPM01-02_20012023_50_62.jpg,92464986,1.0,1.4,1,1,[1],1.0,15,21,"[1, 1, 1, 1, 1, 1, 1, 1, 1, 1, 2, 2, 2, 2, 3]",1.0,0.0,5.0,0,16.0
3296,Fer_FPM01-02_20012023_44_17.jpg,92464988,1.0,1.27,1,1,[1],1.0,11,14,"[1, 1, 1, 1, 1, 1, 1, 1, 1, 2, 3]",1.0,0.0,5.0,0,8.0
3297,Fer_FPM01-02_20012023_50_89.jpg,92464990,1.0,1.25,1,1,[1],1.0,4,5,"[1, 1, 1, 2]",1.0,0.0,5.0,0,0.0
3298,Fer_FPM01-02_20012023_57_80.jpg,92464991,3.0,3.06,3,3,[3],3.0,16,49,"[3, 3, 3, 3, 3, 3, 3, 3, 3, 3, 3, 3, 3, 3, 3, 4]",3.0,0.0,5.0,0,1.0
3299,Fer_FPM01-02_20012023_52_73.jpg,92464992,1.0,1.57,1,1,[1],1.0,7,11,"[1, 1, 1, 1, 2, 2, 3]",1.0,0.0,5.0,0,6.0
3300,Fer_FPM01-02_20012023_46_12.jpg,92464994,1.0,1.1,1,1,[1],1.0,10,11,"[1, 1, 1, 1, 1, 1, 1, 1, 1, 2]",1.0,0.0,5.0,0,5.0
3301,Fer_FPM01-02_20012023_48_17.jpg,92464995,2.0,2.0,2,2,[2],2.0,4,8,"[1, 2, 2, 3]",1.0,0.0,5.0,0,3.0
3302,Fer_FPM01-02_20012023_55_52.jpg,92464996,1.0,1.0,1,1,[1],1.0,1,1,[1],0.0,0.0,0.0,0,0.0
3303,Fer_FPM01-02_20012023_60_16.jpg,92464997,16.0,17.94,15,15,[15],15.0,16,287,"[13, 13, 14, 14, 15, 15, 15, 16, 16, 19, 20, 20, 22, 22, 24, 29]",21.0,0.0,5.0,0,14.0
3304,Fer_FPM01-02_20012023_52_98.jpg,92464999,2.0,2.14,1,1,[1],1.0,14,30,"[1, 1, 1, 1, 1, 2, 2, 2, 2, 3, 3, 3, 3, 5]",2.0,0.0,5.0,0,7.0
3305,Fer_FPM01-02_20012023_56_17.jpg,92465001,8.5,8.3,8,9,"[8, 9]",8.5,20,166,"[3, 4, 6, 6, 7, 7, 8, 8, 8, 8, 9, 9, 9, 9, 10, 10, 10, 11, 12, 12]",10.0,0.0,5.0,0,11.0
3306,Fer_FPM01-02_20012023_45_43.jpg,92465004,2.0,2.06,2,2,[2],2.0,17,35,"[1, 1, 1, 1, 2, 2, 2, 2, 2, 2, 2, 2, 2, 2, 2, 4, 5]",2.0,0.0,5.0,0,0.0
3307,Fer_FPM01-02_20012023_58_12.jpg,92465005,1.0,1.33,1,1,[1],1.0,9,12,"[1, 1, 1, 1, 1, 1, 1, 2, 3]",1.0,0.0,5.0,0,7.0
3308,Fer_FPM01-02_20012023_45_80.jpg,92465007,25.0,24.67,25,25,[25],25.0,15,370,"[18, 18, 22, 22, 23, 23, 25, 25, 25, 26, 27, 27, 28, 29, 32]",30.0,0.0,5.0,0,19.0
3309,Fer_FPM01-02_20012023_45_82.jpg,92465009,7.0,6.79,7,7,[7],7.0,19,129,"[3, 4, 4, 5, 5, 6, 6, 7, 7, 7, 7, 7, 7, 8, 8, 9, 9, 10, 10]",8.0,0.0,5.0,0,4.0
3310,Fer_FPM01-02_20012023_43_3.jpg,92465010,1.0,1.0,1,1,[1],1.0,1,1,[1],0.0,0.0,0.0,0,0.0
3311,Fer_FPM01-02_20012023_50_9.jpg,92465011,3.0,2.92,2,4,"[2, 3, 4]",3.0,12,35,"[1, 1, 2, 2, 2, 3, 3, 3, 4, 4, 4, 6]",3.0,0.0,5.0,0,5.0
3312,Fer_FPM01-02_20012023_51_20.jpg,92465012,1.0,1.0,1,1,[1],1.0,1,1,[1],0.0,0.0,0.0,0,0.0
3313,Fer_FPM01-02_20012023_45_69.jpg,92465015,1.0,1.0,1,1,[1],1.0,2,2,"[1, 1]",0.0,0.0,0.0,0,0.0
3314,Fer_FPM01-02_20012023_69_18.jpg,92465018,1.0,1.0,1,1,[1],1.0,7,7,"[1, 1, 1, 1, 1, 1, 1]",1.0,0.0,5.0,0,2.0
3315,Fer_FPM01-02_20012023_67_21.jpg,92465019,2.0,1.67,2,2,[2],2.0,15,25,"[1, 1, 1, 1, 1, 1, 2, 2, 2, 2, 2, 2, 2, 2, 3]",2.0,0.0,5.0,0,0.0
3316,Fer_FPM01-02_20012023_60_14.jpg,92465021,2.0,1.75,2,2,[2],2.0,8,14,"[1, 1, 2, 2, 2, 2, 2, 2]",2.0,0.0,5.0,0,0.0
3317,Fer_FPM01-02_20012023_46_38.jpg,92465022,4.0,4.14,4,4,[4],4.0,14,58,"[3, 3, 4, 4, 4, 4, 4, 4, 4, 4, 5, 5, 5, 5]",4.0,0.0,5.0,0,2.0
3318,Fer_FPM01-02_20012023_52_71.jpg,92465026,4.0,4.05,4,4,[4],4.0,20,81,"[3, 3, 4, 4, 4, 4, 4, 4, 4, 4, 4, 4, 4, 4, 4, 4, 4, 5, 5, 5]",5.0,0.0,5.0,0,3.0
3319,Fer_FPM01-02_20012023_55_78.jpg,92465027,1.0,1.55,1,1,[1],1.0,11,17,"[1, 1, 1, 1, 1, 1, 2, 2, 2, 2, 3]",1.0,0.0,5.0,0,12.0
3320,Fer_FPM01-02_20012023_65_24.jpg,92465030,1.0,1.0,1,1,[1],1.0,1,1,[1],0.0,0.0,0.0,0,0.0
3321,Fer_FPM01-02_20012023_65_18.jpg,92465031,1.0,1.0,1,1,[1],1.0,1,1,[1],0.0,0.0,0.0,0,0.0
3322,Fer_FPM01-02_20012023_50_48.jpg,92465033,1.0,1.0,1,1,[1],1.0,1,1,[1],0.0,0.0,0.0,0,0.0
3323,Fer_FPM01-02_20012023_57_55.jpg,92465035,7.0,7.45,7,7,[7],7.0,11,82,"[6, 7, 7, 7, 7, 7, 7, 8, 8, 9, 9]",8.0,0.0,5.0,0,7.0
3324,Fer_FPM01-02_20012023_50_74.jpg,92465037,4.0,4.0,4,4,[4],4.0,1,4,[4],0.0,0.0,0.0,0,0.0
3325,Fer_FPM01-02_20012023_50_60.jpg,92465039,1.0,1.0,1,1,[1],1.0,8,8,"[1, 1, 1, 1, 1, 1, 1, 1]",1.0,0.0,5.0,0,3.0
3326,Fer_FPM01-02_20012023_57_69.jpg,92465040,9.0,9.0,9,9,[9],9.0,18,162,"[2, 5, 5, 6, 7, 8, 9, 9, 9, 9, 10, 10, 11, 11, 12, 12, 13, 14]",11.0,0.0,5.0,0,2.0
3327,Fer_FPM01-02_20012023_47_50.jpg,92465045,1.0,1.1,1,1,[1],1.0,10,11,"[1, 1, 1, 1, 1, 1, 1, 1, 1, 2]",1.0,0.0,5.0,0,6.0
3328,Fer_FPM01-02_20012023_49_69.jpg,92465046,1.0,1.0,1,1,[1],1.0,3,3,"[1, 1, 1]",0.0,0.0,0.0,0,0.0
3329,Fer_FPM01-02_20012023_49_41.jpg,92465048,1.0,1.0,1,1,[1],1.0,1,1,[1],0.0,0.0,0.0,0,0.0
3330,Fer_FPM01-02_20012023_47_103.jpg,92465049,1.0,1.0,1,1,[1],1.0,1,1,[1],0.0,0.0,0.0,0,0.0
3331,Fer_FPM01-02_20012023_47_78.jpg,92465052,2.0,7.29,2,2,[2],2.0,14,102,"[1, 2, 2, 2, 2, 2, 2, 2, 2, 3, 3, 4, 5, 70]",3.0,0.0,5.0,0,33.0
3332,Fer_FPM01-02_20012023_47_79.jpg,92465053,2.5,2.25,1,3,"[1, 3]",2.0,8,18,"[1, 1, 1, 2, 3, 3, 3, 4]",3.0,0.0,5.0,0,1.0
3333,Fer_FPM01-02_20012023_53_18.jpg,92465055,14.0,14.0,14,14,[14],14.0,1,14,[14],1.0,0.0,5.0,0,9.0
3334,Fer_FPM01-02_20012023_49_40.jpg,92465057,1.0,1.0,1,1,[1],1.0,1,1,[1],0.0,0.0,0.0,0,0.0
3335,Fer_FPM01-02_20012023_49_68.jpg,92465058,1.0,1.07,1,1,[1],1.0,15,16,"[1, 1, 1, 1, 1, 1, 1, 1, 1, 1, 1, 1, 1, 1, 2]",1.0,0.0,5.0,0,11.0
3336,Fer_FPM01-02_20012023_54_39.jpg,92465059,4.5,4.43,7,7,[7],7.0,14,62,"[1, 2, 2, 2, 4, 4, 4, 5, 5, 5, 7, 7, 7, 7]",6.0,0.0,5.0,0,8.0
3337,Fer_FPM01-02_20012023_47_51.jpg,92465060,3.0,2.58,3,3,[3],3.0,12,31,"[1, 2, 2, 2, 3, 3, 3, 3, 3, 3, 3, 3]",4.0,0.0,5.0,0,2.0
3338,Fer_FPM01-02_20012023_49_97.jpg,92465061,1.0,1.29,1,1,[1],1.0,14,18,"[1, 1, 1, 1, 1, 1, 1, 1, 1, 1, 1, 1, 2, 4]",1.0,0.0,5.0,0,13.0
3339,Fer_FPM01-02_20012023_47_92.jpg,92465065,2.0,2.0,2,2,[2],2.0,1,2,[2],0.0,0.0,0.0,0,0.0
3340,Fer_FPM01-02_20012023_50_61.jpg,92465066,1.0,1.0,1,1,[1],1.0,2,2,"[1, 1]",0.0,0.0,0.0,0,0.0
3341,Fer_FPM01-02_20012023_57_68.jpg,92465068,3.0,2.82,3,3,[3],3.0,17,48,"[2, 2, 2, 2, 3, 3, 3, 3, 3, 3, 3, 3, 3, 3, 3, 3, 4]",4.0,0.0,5.0,0,2.0
3342,Fer_FPM01-02_20012023_49_9.jpg,92465069,1.5,1.5,1,2,"[1, 2]",1.5,2,3,"[1, 2]",0.0,0.0,0.0,0,0.0
3343,Fer_FPM01-02_20012023_57_54.jpg,92465071,6.0,5.53,6,6,[6],6.0,19,105,"[3, 4, 4, 5, 5, 5, 5, 5, 6, 6, 6, 6, 6, 6, 6, 6, 7, 7, 7]",6.0,0.0,5.0,0,3.0
3344,Fer_FPM01-02_20012023_65_19.jpg,92465074,1.0,1.0,1,1,[1],1.0,1,1,[1],0.0,0.0,0.0,0,0.0
3345,Fer_FPM01-02_20012023_55_79.jpg,92465078,2.0,2.25,2,2,[2],2.0,16,36,"[1, 1, 1, 2, 2, 2, 2, 2, 2, 2, 3, 3, 3, 3, 3, 4]",4.0,0.0,5.0,0,3.0
3346,Fer_FPM01-02_20012023_52_58.jpg,92465080,1.0,1.0,1,1,[1],1.0,13,13,"[1, 1, 1, 1, 1, 1, 1, 1, 1, 1, 1, 1, 1]",1.0,0.0,5.0,0,8.0
3347,Fer_FPM01-02_20012023_48_14.jpg,92465081,1.0,1.33,1,1,[1],1.0,12,16,"[1, 1, 1, 1, 1, 1, 1, 1, 1, 1, 1, 5]",1.0,0.0,5.0,0,11.0
3348,Fer_FPM01-02_20012023_46_39.jpg,92465082,1.0,1.0,1,1,[1],1.0,4,4,"[1, 1, 1, 1]",0.0,0.0,0.0,0,0.0
3349,Fer_FPM01-02_20012023_67_20.jpg,92465084,2.0,2.0,2,2,[2],2.0,6,12,"[1, 2, 2, 2, 2, 3]",1.0,0.0,5.0,0,7.0
3350,Fer_FPM01-02_20012023_69_19.jpg,92465085,2.0,2.12,2,3,"[2, 3]",2.5,8,17,"[1, 1, 2, 2, 2, 3, 3, 3]",3.0,0.0,5.0,0,0.0
3351,Fer_FPM01-02_20012023_45_68.jpg,92465086,1.0,1.0,1,1,[1],1.0,2,2,"[1, 1]",0.0,0.0,0.0,0,0.0
3352,Fer_FPM01-02_20012023_51_21.jpg,92465090,1.0,1.0,1,1,[1],1.0,1,1,[1],0.0,0.0,0.0,0,0.0
3353,Fer_FPM01-02_20012023_50_8.jpg,92465091,1.0,1.38,1,1,[1],1.0,16,22,"[1, 1, 1, 1, 1, 1, 1, 1, 1, 1, 2, 2, 2, 2, 2, 2]",2.0,0.0,5.0,0,0.0
3354,Fer_FPM01-02_20012023_45_83.jpg,92465092,4.0,3.59,4,4,[4],4.0,17,61,"[2, 2, 3, 3, 3, 4, 4, 4, 4, 4, 4, 4, 4, 4, 4, 4, 4]",4.0,0.0,5.0,0,0.0
3355,Fer_FPM01-02_20012023_45_97.jpg,92465093,2.0,2.21,2,2,[2],2.0,14,31,"[1, 1, 2, 2, 2, 2, 2, 2, 2, 2, 3, 3, 3, 4]",2.0,0.0,5.0,0,2.0
3356,Fer_FPM01-02_20012023_45_93.jpg,92465095,1.0,1.0,1,1,[1],1.0,1,1,[1],0.0,0.0,0.0,0,0.0
3357,Fer_FPM01-02_20012023_56_10.jpg,92465097,2.0,2.0,2,2,[2],2.0,1,2,[2],0.0,0.0,0.0,0,0.0
3358,Fer_FPM01-02_20012023_45_78.jpg,92465099,2.0,2.33,2,2,[2],2.0,15,35,"[1, 2, 2, 2, 2, 2, 2, 2, 2, 3, 3, 3, 3, 3, 3]",3.0,0.0,5.0,0,0.0
3359,Fer_FPM01-02_20012023_45_50.jpg,92465100,1.0,1.25,1,1,[1],1.0,12,15,"[1, 1, 1, 1, 1, 1, 1, 1, 1, 2, 2, 2]",1.0,0.0,5.0,0,9.0
3360,Fer_FPM01-02_20012023_45_44.jpg,92465101,1.0,1.0,1,1,[1],1.0,2,2,"[1, 1]",0.0,0.0,0.0,0,0.0
3361,Fer_FPM01-02_20012023_58_15.jpg,92465102,2.0,1.86,2,2,[2],2.0,14,26,"[1, 1, 1, 1, 1, 2, 2, 2, 2, 2, 2, 3, 3, 3]",3.0,0.0,5.0,0,1.0
3362,Fer_FPM01-02_20012023_56_38.jpg,92465103,8.0,7.69,8,8,[8],8.0,16,123,"[3, 7, 7, 7, 8, 8, 8, 8, 8, 8, 8, 8, 8, 8, 8, 11]",9.0,0.0,5.0,0,4.0
3363,Fer_FPM01-02_20012023_67_18.jpg,92465105,1.0,1.0,1,1,[1],1.0,1,1,[1],0.0,0.0,0.0,0,0.0
3364,Fer_FPM01-02_20012023_52_74.jpg,92465107,1.0,1.0,1,1,[1],1.0,12,12,"[1, 1, 1, 1, 1, 1, 1, 1, 1, 1, 1, 1]",1.0,0.0,5.0,0,7.0
3365,Fer_FPM01-02_20012023_46_15.jpg,92465108,1.0,1.0,1,1,[1],1.0,17,17,"[1, 1, 1, 1, 1, 1, 1, 1, 1, 1, 1, 1, 1, 1, 1, 1, 1]",1.0,0.0,5.0,0,11.0
3366,Fer_FPM01-02_20012023_48_38.jpg,92465109,11.5,12.31,11,11,[11],11.0,16,197,"[8, 8, 8, 11, 11, 11, 11, 11, 12, 13, 13, 14, 15, 16, 16, 19]",12.0,0.0,5.0,0,7.0
3367,Fer_FPM01-02_20012023_52_60.jpg,92465110,1.0,1.0,1,1,[1],1.0,1,1,[1],0.0,0.0,0.0,0,0.0
3368,Fer_FPM01-02_20012023_55_69.jpg,92465111,2.0,2.22,2,2,[2],2.0,18,40,"[1, 2, 2, 2, 2, 2, 2, 2, 2, 2, 2, 2, 2, 2, 2, 3, 4, 4]",4.0,0.0,5.0,0,9.0
3369,Fer_FPM01-02_20012023_48_10.jpg,92465112,3.0,2.69,3,3,[3],3.0,13,35,"[1, 1, 1, 1, 2, 2, 3, 3, 3, 3, 3, 6, 6]",3.0,0.0,5.0,0,7.0
3370,Fer_FPM01-02_20012023_65_21.jpg,92465116,4.0,3.59,4,4,[4],4.0,17,61,"[1, 2, 2, 3, 3, 4, 4, 4, 4, 4, 4, 4, 4, 4, 4, 5, 5]",5.0,0.0,5.0,0,0.0
3371,Fer_FPM01-02_20012023_50_71.jpg,92465117,1.0,1.0,1,1,[1],1.0,1,1,[1],0.0,0.0,0.0,0,0.0
3372,Fer_FPM01-02_20012023_57_78.jpg,92465118,1.0,1.36,1,1,[1],1.0,11,15,"[1, 1, 1, 1, 1, 1, 1, 2, 2, 2, 2]",1.0,0.0,5.0,0,10.0
3373,Fer_FPM01-02_20012023_46_103.jpg,92465120,6.0,6.17,5,8,"[5, 8]",6.5,18,111,"[1, 2, 3, 5, 5, 5, 5, 6, 6, 6, 7, 7, 8, 8, 8, 8, 10, 11]",8.0,0.0,5.0,0,7.0
3374,Fer_FPM01-02_20012023_44_10.jpg,92465121,1.0,1.0,1,1,[1],1.0,10,10,"[1, 1, 1, 1, 1, 1, 1, 1, 1, 1]",1.0,0.0,5.0,0,5.0
3375,Fer_FPM01-02_20012023_50_65.jpg,92465122,1.0,1.06,1,1,[1],1.0,18,19,"[1, 1, 1, 1, 1, 1, 1, 1, 1, 1, 1, 1, 1, 1, 1, 1, 1, 2]",1.0,0.0,5.0,0,12.0
3376,Fer_FPM01-02_20012023_47_69.jpg,92465127,1.0,1.0,1,1,[1],1.0,17,17,"[1, 1, 1, 1, 1, 1, 1, 1, 1, 1, 1, 1, 1, 1, 1, 1, 1]",1.0,0.0,5.0,0,12.0
3377,Fer_FPM01-02_20012023_54_15.jpg,92465128,1.0,1.77,1,1,[1],1.0,13,23,"[1, 1, 1, 1, 1, 1, 1, 1, 1, 1, 3, 4, 6]",1.0,0.0,5.0,0,18.0
3378,Fer_FPM01-02_20012023_49_50.jpg,92465129,4.0,4.0,4,4,[4],4.0,1,4,[4],0.0,0.0,0.0,0,0.0
3379,Fer_FPM01-02_20012023_53_20.jpg,92465130,1.0,1.0,1,1,[1],1.0,1,1,[1],0.0,0.0,0.0,0,0.0
3380,Fer_FPM01-02_20012023_47_41.jpg,92465131,1.0,1.06,1,1,[1],1.0,16,17,"[1, 1, 1, 1, 1, 1, 1, 1, 1, 1, 1, 1, 1, 1, 1, 2]",1.0,0.0,5.0,0,11.0
3381,Fer_FPM01-02_20012023_47_40.jpg,92465132,1.0,1.0,1,1,[1],1.0,2,2,"[1, 1]",0.0,0.0,0.0,0,0.0
3382,Fer_FPM01-02_20012023_49_51.jpg,92465134,2.0,2.0,2,2,[2],2.0,1,2,[2],0.0,0.0,0.0,0,0.0
3383,Fer_FPM01-02_20012023_47_68.jpg,92465135,10.0,10.23,13,13,[13],13.0,13,133,"[6, 7, 7, 8, 9, 9, 10, 11, 13, 13, 13, 13, 14]",12.0,0.0,5.0,0,6.0
3384,Fer_FPM01-02_20012023_47_83.jpg,92465137,1.0,1.0,1,1,[1],1.0,2,2,"[1, 1]",0.0,0.0,0.0,0,0.0
3385,Fer_FPM01-02_20012023_47_97.jpg,92465138,5.0,5.0,5,5,[5],5.0,1,5,[5],1.0,0.0,5.0,0,0.0
3386,Fer_FPM01-02_20012023_49_92.jpg,92465139,4.0,3.69,4,4,[4],4.0,16,59,"[1, 1, 1, 4, 4, 4, 4, 4, 4, 4, 4, 4, 5, 5, 5, 5]",4.0,0.0,5.0,0,2.0
3387,Fer_FPM01-02_20012023_49_86.jpg,92465140,1.0,1.0,1,1,[1],1.0,13,13,"[1, 1, 1, 1, 1, 1, 1, 1, 1, 1, 1, 1, 1]",1.0,0.0,5.0,0,8.0
3388,Fer_FPM01-02_20012023_59_68.jpg,92465142,3.0,2.6,3,3,[3],3.0,15,39,"[1, 2, 2, 2, 2, 3, 3, 3, 3, 3, 3, 3, 3, 3, 3]",3.0,0.0,5.0,0,0.0
3389,Fer_FPM01-02_20012023_43_18.jpg,92465144,1.0,1.0,1,1,[1],1.0,3,3,"[1, 1, 1]",0.0,0.0,0.0,0,0.0
3390,Fer_FPM01-02_20012023_50_64.jpg,92465145,3.0,2.83,3,3,[3],3.0,12,34,"[1, 2, 2, 2, 3, 3, 3, 3, 3, 3, 4, 5]",3.0,0.0,5.0,0,2.0
3391,Fer_FPM01-02_20012023_44_11.jpg,92465146,5.0,5.0,5,5,[5],5.0,1,5,[5],1.0,0.0,5.0,0,0.0
3392,Fer_FPM01-02_20012023_50_70.jpg,92465147,1.0,1.0,1,1,[1],1.0,1,1,[1],0.0,0.0,0.0,0,0.0
3393,Fer_FPM01-02_20012023_57_79.jpg,92465148,3.0,3.05,3,3,[3],3.0,20,61,"[1, 1, 2, 2, 3, 3, 3, 3, 3, 3, 3, 3, 3, 4, 4, 4, 4, 4, 4, 4]",5.0,0.0,5.0,0,0.0
3394,Fer_FPM01-02_20012023_55_54.jpg,92465151,2.0,1.75,2,2,[2],2.0,8,14,"[1, 1, 1, 2, 2, 2, 2, 3]",2.0,0.0,5.0,0,0.0
3395,Fer_FPM01-02_20012023_55_40.jpg,92465152,1.5,1.5,1,2,"[1, 2]",1.5,2,3,"[1, 2]",0.0,0.0,0.0,0,0.0
3396,Fer_FPM01-02_20012023_48_11.jpg,92465154,4.0,3.5,4,4,[4],4.0,18,63,"[1, 2, 2, 2, 3, 3, 3, 3, 4, 4, 4, 4, 4, 4, 4, 5, 5, 6]",5.0,0.0,5.0,0,7.0
3397,Fer_FPM01-02_20012023_48_39.jpg,92465155,11.0,10.53,11,11,[11],11.0,19,200,"[3, 4, 6, 6, 9, 10, 10, 10, 11, 11, 11, 11, 13, 13, 13, 14, 14, 14, 17]",14.0,0.0,5.0,0,8.0
3398,Fer_FPM01-02_20012023_46_14.jpg,92465156,1.0,1.0,1,1,[1],1.0,1,1,[1],0.0,0.0,0.0,0,0.0
3399,Fer_FPM01-02_20012023_55_68.jpg,92465157,1.0,1.0,1,1,[1],1.0,6,6,"[1, 1, 1, 1, 1, 1]",1.0,0.0,5.0,0,1.0
3400,Fer_FPM01-02_20012023_55_97.jpg,92465159,2.0,2.0,2,2,[2],2.0,1,2,[2],0.0,0.0,0.0,0,0.0
3401,Fer_FPM01-02_20012023_69_20.jpg,92465161,9.0,8.67,11,11,[11],11.0,15,130,"[1, 4, 7, 8, 8, 8, 9, 9, 10, 11, 11, 11, 11, 11, 11]",10.0,0.0,5.0,0,9.0
3402,Fer_FPM01-02_20012023_45_45.jpg,92465162,2.0,1.6,2,2,[2],2.0,5,8,"[1, 1, 2, 2, 2]",1.0,0.0,5.0,0,3.0
3403,Fer_FPM01-02_20012023_56_39.jpg,92465163,1.0,1.0,1,1,[1],1.0,1,1,[1],0.0,0.0,0.0,0,0.0
3404,Fer_FPM01-02_20012023_45_51.jpg,92465165,1.0,1.0,1,1,[1],1.0,2,2,"[1, 1]",0.0,0.0,0.0,0,0.0
3405,Fer_FPM01-02_20012023_45_79.jpg,92465166,1.0,1.0,1,1,[1],1.0,14,14,"[1, 1, 1, 1, 1, 1, 1, 1, 1, 1, 1, 1, 1, 1]",1.0,0.0,5.0,0,4.0
3406,Fer_FPM01-02_20012023_45_92.jpg,92465170,1.0,1.0,1,1,[1],1.0,11,11,"[1, 1, 1, 1, 1, 1, 1, 1, 1, 1, 1]",1.0,0.0,5.0,0,6.0
3407,Fer_FPM01-02_20012023_70_15.jpg,92465172,1.0,1.0,1,1,[1],1.0,10,10,"[1, 1, 1, 1, 1, 1, 1, 1, 1, 1]",1.0,0.0,5.0,0,5.0
3408,Fer_FPM01-02_20012023_70_17.jpg,92465173,1.0,1.45,1,1,[1],1.0,11,16,"[1, 1, 1, 1, 1, 1, 1, 2, 2, 2, 3]",2.0,0.0,5.0,0,0.0
3409,Fer_FPM01-02_20012023_43_5.jpg,92465174,1.5,1.5,1,2,"[1, 2]",1.5,2,3,"[1, 2]",0.0,0.0,0.0,0,0.0
3410,Fer_FPM01-02_20012023_45_84.jpg,92465175,3.0,3.38,3,3,[3],3.0,16,54,"[1, 2, 3, 3, 3, 3, 3, 3, 3, 3, 3, 3, 4, 4, 5, 8]",4.0,0.0,5.0,0,1.0
3411,Fer_FPM01-02_20012023_56_13.jpg,92465177,1.0,1.0,1,1,[1],1.0,4,4,"[1, 1, 1, 1]",0.0,0.0,0.0,0,0.0
3412,Fer_FPM01-02_20012023_69_22.jpg,92465180,1.0,1.0,1,1,[1],1.0,1,1,[1],0.0,0.0,0.0,0,0.0
3413,Fer_FPM01-02_20012023_46_16.jpg,92465181,3.0,3.0,3,3,[3],3.0,1,3,[3],0.0,0.0,0.0,0,0.0
3414,Fer_FPM01-02_20012023_55_56.jpg,92465182,2.0,1.77,2,2,[2],2.0,13,23,"[1, 1, 1, 2, 2, 2, 2, 2, 2, 2, 2, 2, 2]",2.0,0.0,5.0,0,0.0
3415,Fer_FPM01-02_20012023_65_22.jpg,92465185,4.0,4.35,4,5,"[4, 5]",4.5,17,74,"[2, 3, 3, 3, 4, 4, 4, 4, 4, 5, 5, 5, 5, 5, 6, 6, 6]",5.0,0.0,5.0,0,0.0
3416,Fer_FPM01-02_20012023_50_99.jpg,92465186,2.0,2.0,1,3,"[1, 3]",2.0,14,28,"[1, 1, 1, 1, 1, 2, 2, 2, 2, 3, 3, 3, 3, 3]",3.0,0.0,5.0,0,0.0
3417,Fer_FPM01-02_20012023_44_13.jpg,92465187,1.5,1.5,1,2,"[1, 2]",1.5,6,9,"[1, 1, 1, 2, 2, 2]",1.0,0.0,5.0,0,3.0
3418,Fer_FPM01-02_20012023_46_100.jpg,92465189,1.0,1.0,1,1,[1],1.0,2,2,"[1, 1]",0.0,0.0,0.0,0,0.0
3419,Fer_FPM01-02_20012023_50_72.jpg,92465190,1.0,1.0,1,1,[1],1.0,18,18,"[1, 1, 1, 1, 1, 1, 1, 1, 1, 1, 1, 1, 1, 1, 1, 1, 1, 1]",1.0,0.0,5.0,0,12.0
3420,Fer_FPM01-02_20012023_57_53.jpg,92465191,1.0,1.0,1,1,[1],1.0,1,1,[1],0.0,0.0,0.0,0,0.0
3421,Fer_FPM01-02_20012023_45_3.jpg,92465193,4.0,3.37,4,4,[4],4.0,19,64,"[2, 2, 2, 2, 2, 2, 4, 4, 4, 4, 4, 4, 4, 4, 4, 4, 4, 4, 4]",4.0,0.0,5.0,0,0.0
3422,Fer_FPM01-02_20012023_56_9.jpg,92465195,1.0,1.0,1,1,[1],1.0,15,15,"[1, 1, 1, 1, 1, 1, 1, 1, 1, 1, 1, 1, 1, 1, 1]",1.0,0.0,5.0,0,8.0
3423,Fer_FPM01-02_20012023_47_81.jpg,92465197,1.0,1.0,1,1,[1],1.0,7,7,"[1, 1, 1, 1, 1, 1, 1]",1.0,0.0,5.0,0,2.0
3424,Fer_FPM01-02_20012023_47_105.jpg,92465202,2.0,3.53,2,2,[2],2.0,17,60,"[1, 1, 1, 1, 2, 2, 2, 2, 2, 3, 3, 3, 5, 6, 6, 8, 12]",4.0,0.0,5.0,0,11.0
3425,Fer_FPM01-02_20012023_47_56.jpg,92465204,1.0,1.0,1,1,[1],1.0,1,1,[1],0.0,0.0,0.0,0,0.0
3426,Fer_FPM01-02_20012023_47_57.jpg,92465205,1.0,1.08,1,1,[1],1.0,13,14,"[1, 1, 1, 1, 1, 1, 1, 1, 1, 1, 1, 1, 2]",1.0,0.0,5.0,0,9.0
3427,Fer_FPM01-02_20012023_53_22.jpg,92465206,1.0,1.67,1,1,[1],1.0,3,5,"[1, 1, 3]",1.0,0.0,5.0,0,0.0
3428,Fer_FPM01-02_20012023_54_17.jpg,92465208,6.0,5.74,6,6,[6],6.0,19,109,"[3, 4, 4, 5, 5, 6, 6, 6, 6, 6, 6, 6, 6, 6, 6, 7, 7, 7, 7]",7.0,0.0,5.0,0,5.0
3429,Fer_FPM01-02_20012023_47_104.jpg,92465209,1.0,1.0,1,1,[1],1.0,1,1,[1],0.0,0.0,0.0,0,0.0
3430,Fer_FPM01-02_20012023_49_52.jpg,92465212,2.0,1.75,2,2,[2],2.0,8,14,"[1, 1, 1, 2, 2, 2, 2, 3]",1.0,0.0,5.0,0,9.0
3431,Fer_FPM01-02_20012023_49_85.jpg,92465214,1.0,1.0,1,1,[1],1.0,1,1,[1],0.0,0.0,0.0,0,0.0
3432,Fer_FPM01-02_20012023_49_91.jpg,92465217,1.0,1.0,1,1,[1],1.0,7,7,"[1, 1, 1, 1, 1, 1, 1]",1.0,0.0,5.0,0,2.0
3433,Fer_FPM01-02_20012023_46_101.jpg,92465221,2.0,2.19,1,2,"[1, 2]",1.5,16,35,"[1, 1, 1, 1, 1, 2, 2, 2, 2, 2, 3, 3, 3, 3, 4, 4]",3.0,0.0,5.0,0,2.0
3434,Fer_FPM01-02_20012023_50_98.jpg,92465222,14.0,14.69,7,14,"[7, 13, 14]",11.333333333333334,16,235,"[4, 7, 7, 10, 11, 13, 13, 14, 14, 16, 17, 19, 21, 22, 23, 24]",22.0,0.0,5.0,0,17.0
3435,Fer_FPM01-02_20012023_65_23.jpg,92465223,1.0,1.0,1,1,[1],1.0,1,1,[1],0.0,0.0,0.0,0,0.0
3436,Fer_FPM01-02_20012023_55_57.jpg,92465225,1.0,1.0,1,1,[1],1.0,1,1,[1],0.0,0.0,0.0,0,0.0
3437,Fer_FPM01-02_20012023_69_23.jpg,92465227,6.0,4.82,6,6,[6],6.0,17,82,"[1, 1, 3, 3, 4, 5, 5, 5, 6, 6, 6, 6, 6, 6, 6, 6, 7]",6.0,0.0,5.0,0,2.0
3438,Fer_FPM01-02_20012023_60_13.jpg,92465228,1.0,1.0,1,1,[1],1.0,2,2,"[1, 1]",0.0,0.0,0.0,0,0.0
3439,Fer_FPM01-02_20012023_45_52.jpg,92465229,1.0,1.0,1,1,[1],1.0,7,7,"[1, 1, 1, 1, 1, 1, 1]",1.0,0.0,5.0,0,2.0
3440,Fer_FPM01-02_20012023_58_17.jpg,92465230,2.0,1.93,2,2,[2],2.0,14,27,"[1, 1, 1, 1, 2, 2, 2, 2, 2, 2, 2, 3, 3, 3]",2.0,0.0,5.0,0,0.0
3441,Fer_FPM01-02_20012023_56_12.jpg,92465232,1.0,1.15,1,1,[1],1.0,13,15,"[1, 1, 1, 1, 1, 1, 1, 1, 1, 1, 1, 1, 3]",2.0,0.0,5.0,0,3.0
3442,Fer_FPM01-02_20012023_45_85.jpg,92465234,5.0,5.26,5,5,[5],5.0,19,100,"[4, 4, 4, 5, 5, 5, 5, 5, 5, 5, 5, 5, 5, 5, 5, 6, 7, 7, 8]",7.0,0.0,5.0,0,21.0
3443,Fer_FPM01-02_20012023_43_4.jpg,92465235,1.0,1.0,1,1,[1],1.0,2,2,"[1, 1]",0.0,0.0,0.0,0,0.0
3444,Fer_FPM01-02_20012023_70_16.jpg,92465236,1.0,1.0,1,1,[1],1.0,1,1,[1],0.0,0.0,0.0,0,0.0
3445,Fer_FPM01-02_20012023_63_25.jpg,92465237,4.0,4.0,2,6,"[2, 6]",4.0,2,8,"[2, 6]",1.0,0.0,5.0,0,3.0
3446,Fer_FPM01-02_20012023_51_97.jpg,92465238,1.0,1.29,1,1,[1],1.0,17,22,"[1, 1, 1, 1, 1, 1, 1, 1, 1, 1, 1, 1, 1, 1, 1, 2, 5]",1.0,0.0,5.0,0,17.0
3447,Fer_FPM01-02_20012023_51_83.jpg,92465239,2.0,2.29,1,3,"[1, 2, 3]",2.0,7,16,"[1, 1, 2, 2, 3, 3, 4]",1.0,0.0,5.0,0,10.0
3448,Fer_FPM01-02_20012023_63_19.jpg,92465240,1.0,1.0,1,1,[1],1.0,1,1,[1],0.0,0.0,0.0,0,0.0
3449,Fer_FPM01-02_20012023_58_70.jpg,92465242,1.0,1.0,1,1,[1],1.0,1,1,[1],0.0,0.0,0.0,0,0.0
3450,Fer_FPM01-02_20012023_56_75.jpg,92465248,1.0,1.67,1,1,[1],1.0,15,25,"[1, 1, 1, 1, 1, 1, 1, 1, 1, 2, 2, 2, 2, 3, 5]",1.0,0.0,5.0,0,19.0
3451,Fer_FPM01-02_20012023_46_7.jpg,92465249,3.0,3.0,3,3,[3],3.0,1,3,[3],0.0,0.0,0.0,0,0.0
3452,Fer_FPM01-02_20012023_48_61.jpg,92465250,2.0,2.0,2,2,[2],2.0,1,2,[2],0.0,0.0,0.0,0,0.0
3453,Fer_FPM01-02_20012023_52_39.jpg,92465251,1.0,1.0,1,1,[1],1.0,5,5,"[1, 1, 1, 1, 1]",1.0,0.0,5.0,0,0.0
3454,Fer_FPM01-02_20012023_46_58.jpg,92465252,1.0,1.5,1,1,[1],1.0,4,6,"[1, 1, 1, 3]",1.0,0.0,5.0,0,1.0
3455,Fer_FPM01-02_20012023_48_75.jpg,92465253,1.0,1.08,1,1,[1],1.0,13,14,"[1, 1, 1, 1, 1, 1, 1, 1, 1, 1, 1, 1, 2]",1.0,0.0,5.0,0,9.0
3456,Fer_FPM01-02_20012023_48_8.jpg,92465255,7.5,7.17,7,7,[7],7.0,18,129,"[1, 2, 4, 5, 6, 7, 7, 7, 7, 8, 8, 8, 9, 9, 9, 10, 10, 12]",9.0,0.0,5.0,0,10.0
3457,Fer_FPM01-02_20012023_48_49.jpg,92465257,1.0,3.67,1,1,[1],1.0,3,11,"[1, 1, 9]",1.0,0.0,5.0,0,6.0
3458,Fer_FPM01-02_20012023_55_18.jpg,92465259,3.0,3.83,3,3,[3],3.0,18,69,"[2, 2, 2, 2, 3, 3, 3, 3, 3, 3, 3, 3, 3, 3, 5, 6, 6, 14]",6.0,0.0,5.0,0,0.0
3459,Fer_FPM01-02_20012023_43_83.jpg,92465260,1.0,1.0,1,1,[1],1.0,1,1,[1],0.0,0.0,0.0,0,0.0
3460,Fer_FPM01-02_20012023_43_97.jpg,92465261,2.0,2.07,2,2,[2],2.0,14,29,"[1, 2, 2, 2, 2, 2, 2, 2, 2, 2, 2, 2, 3, 3]",2.0,0.0,5.0,0,5.0
3461,Fer_FPM01-02_20012023_44_49.jpg,92465262,1.0,1.0,1,1,[1],1.0,1,1,[1],0.0,0.0,0.0,0,0.0
3462,Fer_FPM01-02_20012023_59_18.jpg,92465263,1.0,1.0,1,1,[1],1.0,12,12,"[1, 1, 1, 1, 1, 1, 1, 1, 1, 1, 1, 1]",1.0,0.0,5.0,0,7.0
3463,Fer_FPM01-02_20012023_43_40.jpg,92465264,1.0,1.0,1,1,[1],1.0,9,9,"[1, 1, 1, 1, 1, 1, 1, 1, 1]",1.0,0.0,5.0,0,4.0
3464,Fer_FPM01-02_20012023_43_68.jpg,92465268,1.0,1.0,1,1,[1],1.0,1,1,[1],0.0,0.0,0.0,0,0.0
3465,Fer_FPM01-02_20012023_50_14.jpg,92465270,1.0,1.0,1,1,[1],1.0,5,5,"[1, 1, 1, 1, 1]",1.0,0.0,5.0,0,0.0
3466,Fer_FPM01-02_20012023_61_20.jpg,92465271,2.0,1.86,2,2,[2],2.0,14,26,"[1, 1, 2, 2, 2, 2, 2, 2, 2, 2, 2, 2, 2, 2]",1.0,0.0,5.0,0,21.0
3467,Fer_FPM01-02_20012023_66_15.jpg,92465272,2.0,2.0,2,2,[2],2.0,5,10,"[1, 2, 2, 2, 3]",1.0,0.0,5.0,0,5.0
3468,Fer_FPM01-02_20012023_54_58.jpg,92465275,1.0,1.58,1,1,[1],1.0,12,19,"[1, 1, 1, 1, 1, 1, 1, 1, 2, 2, 2, 5]",1.0,0.0,5.0,0,14.0
3469,Fer_FPM01-02_20012023_54_70.jpg,92465278,1.0,1.33,1,1,[1],1.0,3,4,"[1, 1, 2]",0.0,0.0,0.0,0,0.0
3470,Fer_FPM01-02_20012023_49_21.jpg,92465280,4.0,4.0,4,4,[4],4.0,1,4,[4],0.0,0.0,0.0,0,0.0
3471,Fer_FPM01-02_20012023_49_20.jpg,92465282,1.0,1.33,1,1,[1],1.0,18,24,"[1, 1, 1, 1, 1, 1, 1, 1, 1, 1, 1, 1, 2, 2, 2, 2, 2, 2]",3.0,0.0,5.0,0,2.0
3472,Fer_FPM01-02_20012023_61_21.jpg,92465290,1.5,1.72,1,1,[1],1.0,18,31,"[1, 1, 1, 1, 1, 1, 1, 1, 1, 2, 2, 2, 2, 2, 2, 3, 3, 4]",2.0,0.0,5.0,0,0.0
3473,Fer_FPM01-02_20012023_43_69.jpg,92465291,1.0,1.0,1,1,[1],1.0,1,1,[1],0.0,0.0,0.0,0,0.0
3474,Fer_FPM01-02_20012023_50_15.jpg,92465292,1.0,1.17,1,1,[1],1.0,18,21,"[1, 1, 1, 1, 1, 1, 1, 1, 1, 1, 1, 1, 1, 1, 1, 1, 2, 3]",1.0,0.0,5.0,0,15.0
3475,Fer_FPM01-02_20012023_44_74.jpg,92465294,2.0,1.83,2,2,[2],2.0,18,33,"[1, 1, 1, 1, 1, 2, 2, 2, 2, 2, 2, 2, 2, 2, 2, 2, 3, 3]",2.0,0.0,5.0,0,0.0
3476,Fer_FPM01-02_20012023_59_25.jpg,92465295,4.0,4.0,4,4,[4],4.0,1,4,[4],0.0,0.0,0.0,0,0.0
3477,Fer_FPM01-02_20012023_57_20.jpg,92465296,1.0,1.0,1,1,[1],1.0,4,4,"[1, 1, 1, 1]",0.0,0.0,0.0,0,0.0
3478,Fer_FPM01-02_20012023_44_48.jpg,92465297,3.0,3.0,3,3,[3],3.0,1,3,[3],0.0,0.0,0.0,0,0.0
3479,Fer_FPM01-02_20012023_43_41.jpg,92465298,3.0,3.0,3,3,[3],3.0,18,54,"[1, 2, 3, 3, 3, 3, 3, 3, 3, 3, 3, 3, 3, 3, 3, 3, 3, 6]",3.0,0.0,5.0,0,1.0
3480,Fer_FPM01-02_20012023_59_19.jpg,92465299,1.0,1.0,1,1,[1],1.0,2,2,"[1, 1]",0.0,0.0,0.0,0,0.0
3481,Fer_FPM01-02_20012023_43_96.jpg,92465300,1.0,1.0,1,1,[1],1.0,4,4,"[1, 1, 1, 1]",0.0,0.0,0.0,0,0.0
3482,Fer_FPM01-02_20012023_43_82.jpg,92465301,1.0,2.0,1,1,[1],1.0,12,24,"[1, 1, 1, 1, 1, 1, 1, 2, 2, 2, 3, 8]",2.0,0.0,5.0,0,0.0
3483,Fer_FPM01-02_20012023_48_48.jpg,92465303,1.0,1.0,1,1,[1],1.0,1,1,[1],0.0,0.0,0.0,0,0.0
3484,Fer_FPM01-02_20012023_46_65.jpg,92465304,1.0,1.0,1,1,[1],1.0,9,9,"[1, 1, 1, 1, 1, 1, 1, 1, 1]",1.0,0.0,5.0,0,4.0
3485,Fer_FPM01-02_20012023_48_9.jpg,92465306,3.0,3.27,1,1,[1],1.0,15,49,"[1, 1, 1, 1, 2, 2, 3, 3, 3, 4, 5, 5, 5, 6, 7]",5.0,0.0,5.0,0,3.0
3486,Fer_FPM01-02_20012023_46_71.jpg,92465307,1.0,1.0,1,1,[1],1.0,15,15,"[1, 1, 1, 1, 1, 1, 1, 1, 1, 1, 1, 1, 1, 1, 1]",1.0,0.0,5.0,0,9.0
3487,Fer_FPM01-02_20012023_48_60.jpg,92465311,1.0,1.05,1,1,[1],1.0,21,22,"[1, 1, 1, 1, 1, 1, 1, 1, 1, 1, 1, 1, 1, 1, 1, 1, 1, 1, 1, 1, 2]",1.0,0.0,5.0,0,17.0
3488,Fer_FPM01-02_20012023_46_6.jpg,92465312,1.0,1.0,1,1,[1],1.0,3,3,"[1, 1, 1]",0.0,0.0,0.0,0,0.0
3489,Fer_FPM01-02_20012023_51_69.jpg,92465314,1.0,1.0,1,1,[1],1.0,1,1,[1],0.0,0.0,0.0,0,0.0
3490,Fer_FPM01-02_20012023_51_41.jpg,92465315,1.0,1.0,1,1,[1],1.0,1,1,[1],0.0,0.0,0.0,0,0.0
3491,Fer_FPM01-02_20012023_45_20.jpg,92465318,1.0,1.0,1,1,[1],1.0,2,2,"[1, 1]",0.0,0.0,0.0,0,0.0
3492,Fer_FPM01-02_20012023_63_18.jpg,92465321,1.0,1.0,1,1,[1],1.0,10,10,"[1, 1, 1, 1, 1, 1, 1, 1, 1, 1]",1.0,0.0,5.0,0,5.0
3493,Fer_FPM01-02_20012023_44_102.jpg,92465322,3.0,4.6,1,13,"[1, 2, 3, 4, 13]",4.6,5,23,"[1, 2, 3, 4, 13]",1.0,0.0,5.0,0,18.0
3494,Fer_FPM01-02_20012023_51_96.jpg,92465325,4.0,3.68,4,4,[4],4.0,19,70,"[2, 2, 3, 3, 3, 3, 4, 4, 4, 4, 4, 4, 4, 4, 4, 4, 4, 5, 5]",5.0,0.0,5.0,0,2.0
3495,Fer_FPM01-02_20012023_44_6.jpg,92465327,1.0,1.0,1,1,[1],1.0,6,6,"[1, 1, 1, 1, 1, 1]",1.0,0.0,5.0,0,1.0
3496,Fer_FPM01-02_20012023_44_100.jpg,92465328,1.0,2.0,1,1,[1],1.0,9,18,"[1, 1, 1, 1, 1, 2, 2, 3, 6]",2.0,0.0,5.0,0,0.0
3497,Fer_FPM01-02_20012023_51_43.jpg,92465330,1.0,1.06,1,1,[1],1.0,17,18,"[1, 1, 1, 1, 1, 1, 1, 1, 1, 1, 1, 1, 1, 1, 1, 1, 2]",1.0,0.0,5.0,0,13.0
3498,Fer_FPM01-02_20012023_58_73.jpg,92465333,2.0,2.0,2,2,[2],2.0,1,2,[2],0.0,0.0,0.0,0,0.0
3499,Fer_FPM01-02_20012023_56_76.jpg,92465334,1.0,1.0,1,1,[1],1.0,2,2,"[1, 1]",0.0,0.0,0.0,0,0.0
3500,Fer_FPM01-02_20012023_48_89.jpg,92465336,1.0,1.0,1,1,[1],1.0,1,1,[1],0.0,0.0,0.0,0,0.0
3501,Fer_FPM01-02_20012023_46_4.jpg,92465337,2.0,2.0,2,2,[2],2.0,1,2,[2],0.0,0.0,0.0,0,0.0
3502,Fer_FPM01-02_20012023_46_67.jpg,92465339,10.5,10.36,9,12,"[9, 11, 12]",10.666666666666666,14,145,"[2, 5, 6, 7, 9, 9, 10, 11, 11, 12, 12, 15, 17, 19]",11.0,0.0,5.0,0,17.0
3503,Fer_FPM01-02_20012023_46_73.jpg,92465341,2.0,1.58,2,2,[2],2.0,19,30,"[1, 1, 1, 1, 1, 1, 1, 1, 2, 2, 2, 2, 2, 2, 2, 2, 2, 2, 2]",3.0,0.0,5.0,0,0.0
3504,Fer_FPM01-02_20012023_43_94.jpg,92465342,1.0,1.25,1,1,[1],1.0,4,5,"[1, 1, 1, 2]",1.0,0.0,5.0,0,0.0
3505,Fer_FPM01-02_20012023_43_80.jpg,92465343,11.0,11.41,1,1,[1],1.0,17,194,"[1, 1, 1, 4, 7, 7, 8, 8, 11, 12, 14, 14, 15, 15, 20, 28, 28]",17.0,0.0,5.0,0,33.0
3506,Fer_FPM01-02_20012023_44_89.jpg,92465344,1.0,1.0,1,1,[1],1.0,3,3,"[1, 1, 1]",0.0,0.0,0.0,0,0.0
3507,Fer_FPM01-02_20012023_57_22.jpg,92465347,3.0,3.2,1,1,[1],1.0,10,32,"[1, 1, 1, 2, 3, 3, 4, 4, 6, 7]",4.0,0.0,5.0,0,5.0
3508,Fer_FPM01-02_20012023_43_43.jpg,92465348,6.0,5.81,6,6,[6],6.0,16,93,"[3, 4, 4, 5, 5, 6, 6, 6, 6, 6, 6, 6, 7, 7, 8, 8]",8.0,0.0,5.0,0,8.0
3509,Fer_FPM01-02_20012023_44_62.jpg,92465349,1.0,1.0,1,1,[1],1.0,9,9,"[1, 1, 1, 1, 1, 1, 1, 1, 1]",1.0,0.0,5.0,0,4.0
3510,Fer_FPM01-02_20012023_50_17.jpg,92465350,7.0,7.05,7,7,[7],7.0,19,134,"[5, 7, 7, 7, 7, 7, 7, 7, 7, 7, 7, 7, 7, 7, 7, 7, 8, 8, 8]",7.0,0.0,5.0,0,8.0
3511,Fer_FPM01-02_20012023_44_76.jpg,92465351,2.0,1.6,2,2,[2],2.0,10,16,"[1, 1, 1, 1, 2, 2, 2, 2, 2, 2]",2.0,0.0,5.0,0,0.0
3512,Fer_FPM01-02_20012023_53_85.jpg,92465352,1.0,1.0,1,1,[1],1.0,8,8,"[1, 1, 1, 1, 1, 1, 1, 1]",1.0,0.0,5.0,0,3.0
3513,Fer_FPM01-02_20012023_54_73.jpg,92465357,1.0,1.0,1,1,[1],1.0,18,18,"[1, 1, 1, 1, 1, 1, 1, 1, 1, 1, 1, 1, 1, 1, 1, 1, 1, 1]",1.0,0.0,5.0,0,10.0
3514,Fer_FPM01-02_20012023_49_23.jpg,92465362,1.5,1.75,1,1,[1],1.0,4,7,"[1, 1, 2, 3]",1.0,0.0,5.0,0,2.0
3515,Fer_FPM01-02_20012023_54_72.jpg,92465363,2.0,2.0,2,2,[2],2.0,1,2,[2],0.0,0.0,0.0,0,0.0
3516,Fer_FPM01-02_20012023_53_47.jpg,92465365,1.5,1.5,1,2,"[1, 2]",1.5,2,3,"[1, 2]",0.0,0.0,0.0,0,0.0
3517,Fer_FPM01-02_20012023_61_22.jpg,92465368,4.0,4.25,4,4,[4],4.0,16,68,"[4, 4, 4, 4, 4, 4, 4, 4, 4, 4, 4, 4, 5, 5, 5, 5]",4.0,0.0,5.0,0,7.0
3518,Fer_FPM01-02_20012023_44_77.jpg,92465370,1.0,1.0,1,1,[1],1.0,1,1,[1],0.0,0.0,0.0,0,0.0
3519,Fer_FPM01-02_20012023_50_16.jpg,92465371,1.0,1.0,1,1,[1],1.0,1,1,[1],0.0,0.0,0.0,0,0.0
3520,Fer_FPM01-02_20012023_44_63.jpg,92465372,3.5,4.25,3,3,[3],3.0,12,51,"[3, 3, 3, 3, 3, 3, 4, 5, 5, 6, 6, 7]",5.0,0.0,5.0,0,4.0
3521,Fer_FPM01-02_20012023_43_42.jpg,92465373,5.0,5.41,4,4,[4],4.0,17,92,"[2, 4, 4, 4, 4, 4, 4, 5, 5, 6, 6, 6, 7, 7, 8, 8, 8]",7.0,0.0,5.0,0,4.0
3522,Fer_FPM01-02_20012023_57_23.jpg,92465375,11.0,11.32,9,11,"[9, 11]",10.0,19,215,"[7, 7, 8, 9, 9, 9, 9, 10, 11, 11, 11, 11, 12, 12, 13, 13, 14, 14, 25]",13.0,0.0,5.0,0,21.0
3523,Fer_FPM01-02_20012023_43_81.jpg,92465376,2.0,2.91,1,3,"[1, 2, 3]",2.0,11,32,"[1, 1, 1, 2, 2, 2, 3, 3, 3, 5, 9]",2.0,0.0,5.0,0,5.0
3524,Fer_FPM01-02_20012023_43_95.jpg,92465378,1.0,1.0,1,1,[1],1.0,1,1,[1],0.0,0.0,0.0,0,0.0
3525,Fer_FPM01-02_20012023_46_72.jpg,92465379,1.0,1.0,1,1,[1],1.0,10,10,"[1, 1, 1, 1, 1, 1, 1, 1, 1, 1]",1.0,0.0,5.0,0,5.0
3526,Fer_FPM01-02_20012023_46_66.jpg,92465381,12.0,11.73,13,13,[13],13.0,15,176,"[8, 8, 9, 10, 11, 11, 12, 12, 12, 13, 13, 13, 13, 14, 17]",12.0,0.0,5.0,0,8.0
3527,Fer_FPM01-02_20012023_48_63.jpg,92465382,1.0,1.4,1,1,[1],1.0,15,21,"[1, 1, 1, 1, 1, 1, 1, 1, 1, 1, 1, 1, 1, 1, 7]",1.0,0.0,5.0,0,8.0
3528,Fer_FPM01-02_20012023_46_5.jpg,92465383,1.0,1.0,1,1,[1],1.0,1,1,[1],0.0,0.0,0.0,0,0.0
3529,Fer_FPM01-02_20012023_46_99.jpg,92465385,1.0,1.0,1,1,[1],1.0,2,2,"[1, 1]",0.0,0.0,0.0,0,0.0
3530,Fer_FPM01-02_20012023_58_66.jpg,92465390,3.0,3.0,3,3,[3],3.0,1,3,[3],0.0,0.0,0.0,0,0.0
3531,Fer_FPM01-02_20012023_44_101.jpg,92465392,3.0,3.0,2,4,"[2, 4]",3.0,4,12,"[2, 2, 4, 4]",1.0,0.0,5.0,0,7.0
3532,Fer_FPM01-02_20012023_44_7.jpg,92465393,1.0,1.0,1,1,[1],1.0,2,2,"[1, 1]",0.0,0.0,0.0,0,0.0
3533,Fer_FPM01-02_20012023_51_95.jpg,92465394,3.0,2.5,3,3,[3],3.0,16,40,"[1, 1, 2, 2, 2, 2, 2, 3, 3, 3, 3, 3, 3, 3, 3, 4]",3.0,0.0,5.0,0,2.0
3534,Fer_FPM01-02_20012023_57_9.jpg,92465396,1.0,1.0,1,1,[1],1.0,1,1,[1],0.0,0.0,0.0,0,0.0
3535,Fer_FPM01-02_20012023_64_16.jpg,92465397,1.0,1.0,1,1,[1],1.0,1,1,[1],0.0,0.0,0.0,0,0.0
3536,Fer_FPM01-02_20012023_51_85.jpg,92465398,2.0,2.83,1,1,[1],1.0,12,34,"[1, 1, 1, 1, 1, 2, 2, 2, 2, 3, 3, 15]",2.0,0.0,5.0,0,6.0
3537,Fer_FPM01-02_20012023_56_73.jpg,92465401,8.0,7.05,8,8,[8],8.0,19,134,"[1, 1, 5, 7, 7, 7, 8, 8, 8, 8, 8, 8, 8, 8, 8, 8, 8, 9, 9]",9.0,0.0,5.0,0,2.0
3538,Fer_FPM01-02_20012023_51_46.jpg,92465404,4.0,4.0,1,7,"[1, 7]",4.0,2,8,"[1, 7]",1.0,0.0,5.0,0,2.0
3539,Fer_FPM01-02_20012023_58_76.jpg,92465405,4.5,3.75,1,6,"[1, 5, 6]",4.0,12,45,"[1, 1, 1, 2, 3, 4, 5, 5, 5, 6, 6, 6]",5.0,0.0,5.0,0,1.0
3540,Fer_FPM01-02_20012023_51_52.jpg,92465406,1.0,1.0,1,1,[1],1.0,1,1,[1],0.0,0.0,0.0,0,0.0
3541,Fer_FPM01-02_20012023_45_100.jpg,92465407,2.0,2.0,2,2,[2],2.0,1,2,[2],0.0,0.0,0.0,0,0.0
3542,Fer_FPM01-02_20012023_60_66.jpg,92465408,5.0,4.71,5,6,"[5, 6]",5.5,14,66,"[1, 1, 2, 3, 4, 5, 5, 5, 6, 6, 6, 7, 7, 8]",7.0,0.0,5.0,0,1.0
3543,Fer_FPM01-02_20012023_55_100.jpg,92465409,3.0,3.0,3,3,[3],3.0,1,3,[3],0.0,0.0,0.0,0,0.0
3544,Fer_FPM01-02_20012023_46_62.jpg,92465412,3.0,3.0,3,3,[3],3.0,1,3,[3],0.0,0.0,0.0,0,0.0
3545,Fer_FPM01-02_20012023_46_76.jpg,92465414,1.0,1.0,1,1,[1],1.0,1,1,[1],0.0,0.0,0.0,0,0.0
3546,Fer_FPM01-02_20012023_55_22.jpg,92465416,11.0,11.0,11,11,[11],11.0,1,11,[11],1.0,0.0,5.0,0,5.0
3547,Fer_FPM01-02_20012023_48_67.jpg,92465417,2.0,2.0,2,2,[2],2.0,9,18,"[2, 2, 2, 2, 2, 2, 2, 2, 2]",2.0,0.0,5.0,0,0.0
3548,Fer_FPM01-02_20012023_43_91.jpg,92465418,2.0,2.0,1,3,"[1, 3]",2.0,2,4,"[1, 3]",0.0,0.0,0.0,0,0.0
3549,Fer_FPM01-02_20012023_44_98.jpg,92465419,2.0,1.83,2,2,[2],2.0,12,22,"[1, 1, 1, 1, 1, 2, 2, 2, 2, 2, 2, 5]",2.0,0.0,5.0,0,1.0
3550,Fer_FPM01-02_20012023_43_85.jpg,92465421,11.0,11.0,11,11,[11],11.0,1,11,[11],1.0,0.0,5.0,0,6.0
3551,Fer_FPM01-02_20012023_44_73.jpg,92465424,1.0,1.0,1,1,[1],1.0,5,5,"[1, 1, 1, 1, 1]",1.0,0.0,5.0,0,0.0
3552,Fer_FPM01-02_20012023_59_22.jpg,92465425,1.0,1.0,1,1,[1],1.0,1,1,[1],0.0,0.0,0.0,0,0.0
3553,Fer_FPM01-02_20012023_68_16.jpg,92465428,2.5,2.5,1,4,"[1, 4]",2.5,2,5,"[1, 4]",1.0,0.0,5.0,0,0.0
3554,Fer_FPM01-02_20012023_54_76.jpg,92465429,1.0,1.0,1,1,[1],1.0,1,1,[1],0.0,0.0,0.0,0,0.0
3555,Fer_FPM01-02_20012023_53_43.jpg,92465430,1.0,1.1,1,1,[1],1.0,10,11,"[1, 1, 1, 1, 1, 1, 1, 1, 1, 2]",1.0,0.0,5.0,0,5.0
3556,Fer_FPM01-02_20012023_53_57.jpg,92465431,1.0,1.0,1,1,[1],1.0,13,13,"[1, 1, 1, 1, 1, 1, 1, 1, 1, 1, 1, 1, 1]",1.0,0.0,5.0,0,8.0
3557,Fer_FPM01-02_20012023_47_23.jpg,92465433,2.0,2.0,2,2,[2],2.0,1,2,[2],0.0,0.0,0.0,0,0.0
3558,Fer_FPM01-02_20012023_47_37.jpg,92465436,1.0,1.92,1,1,[1],1.0,13,25,"[1, 1, 1, 1, 1, 1, 1, 1, 1, 1, 1, 2, 12]",2.0,0.0,5.0,0,4.0
3559,Fer_FPM01-02_20012023_54_77.jpg,92465437,2.0,2.0,2,2,[2],2.0,15,30,"[1, 2, 2, 2, 2, 2, 2, 2, 2, 2, 2, 2, 2, 2, 3]",3.0,0.0,5.0,0,0.0
3560,Fer_FPM01-02_20012023_68_17.jpg,92465439,3.5,3.5,3,4,"[3, 4]",3.5,2,7,"[3, 4]",1.0,0.0,5.0,0,2.0
3561,Fer_FPM01-02_20012023_43_47.jpg,92465440,1.0,1.0,1,1,[1],1.0,1,1,[1],0.0,0.0,0.0,0,0.0
3562,Fer_FPM01-02_20012023_43_53.jpg,92465441,1.0,1.0,1,1,[1],1.0,1,1,[1],0.0,0.0,0.0,0,0.0
3563,Fer_FPM01-02_20012023_50_13.jpg,92465444,2.5,2.44,3,3,[3],3.0,16,39,"[1, 2, 2, 2, 2, 2, 2, 2, 3, 3, 3, 3, 3, 3, 3, 3]",3.0,0.0,5.0,0,0.0
3564,Fer_FPM01-02_20012023_44_66.jpg,92465445,3.0,5.8,3,3,[3],3.0,15,87,"[1, 1, 1, 2, 2, 3, 3, 3, 3, 3, 3, 9, 12, 17, 24]",6.0,0.0,5.0,0,10.0
3565,Fer_FPM01-02_20012023_43_84.jpg,92465446,5.5,5.5,1,10,"[1, 10]",5.5,2,11,"[1, 10]",1.0,0.0,5.0,0,6.0
3566,Fer_FPM01-02_20012023_43_90.jpg,92465447,19.0,19.0,19,19,[19],19.0,1,19,[19],1.0,0.0,5.0,0,14.0
3567,Fer_FPM01-02_20012023_71_22.jpg,92465448,1.0,1.31,1,1,[1],1.0,16,21,"[1, 1, 1, 1, 1, 1, 1, 1, 1, 1, 1, 2, 2, 2, 2, 2]",2.0,0.0,5.0,0,0.0
3568,Fer_FPM01-02_20012023_48_66.jpg,92465451,4.0,4.55,4,4,[4],4.0,20,91,"[4, 4, 4, 4, 4, 4, 4, 4, 4, 4, 4, 4, 5, 5, 5, 5, 5, 6, 6, 6]",4.0,0.0,5.0,0,3.0
3569,Fer_FPM01-02_20012023_46_77.jpg,92465453,2.0,1.71,1,2,"[1, 2]",1.5,7,12,"[1, 1, 1, 2, 2, 2, 3]",1.0,0.0,5.0,0,7.0
3570,Fer_FPM01-02_20012023_52_16.jpg,92465454,1.0,1.0,1,1,[1],1.0,16,16,"[1, 1, 1, 1, 1, 1, 1, 1, 1, 1, 1, 1, 1, 1, 1, 1]",2.0,0.0,5.0,0,2.0
3571,Fer_FPM01-02_20012023_46_63.jpg,92465455,1.0,1.15,1,1,[1],1.0,13,15,"[1, 1, 1, 1, 1, 1, 1, 1, 1, 1, 1, 1, 3]",1.0,0.0,5.0,0,10.0
3572,Fer_FPM01-02_20012023_46_88.jpg,92465456,1.0,2.33,1,1,[1],1.0,3,7,"[1, 1, 5]",1.0,0.0,5.0,0,2.0
3573,Fer_FPM01-02_20012023_45_101.jpg,92465458,1.0,1.0,1,1,[1],1.0,2,2,"[1, 1]",0.0,0.0,0.0,0,0.0
3574,Fer_FPM01-02_20012023_58_77.jpg,92465460,2.0,2.67,2,2,[2],2.0,6,16,"[1, 2, 2, 2, 4, 5]",2.0,0.0,5.0,0,6.0
3575,Fer_FPM01-02_20012023_56_72.jpg,92465465,2.0,2.4,2,2,[2],2.0,10,24,"[1, 2, 2, 2, 2, 2, 3, 3, 3, 4]",3.0,0.0,5.0,0,0.0
3576,Fer_FPM01-02_20012023_63_22.jpg,92465466,1.0,1.0,1,1,[1],1.0,4,4,"[1, 1, 1, 1]",0.0,0.0,0.0,0,0.0
3577,Fer_FPM01-02_20012023_51_84.jpg,92465468,4.0,3.67,4,4,[4],4.0,9,33,"[2, 2, 3, 4, 4, 4, 4, 5, 5]",3.0,0.0,5.0,0,4.0
3578,Fer_FPM01-02_20012023_57_8.jpg,92465469,2.0,3.14,2,2,[2],2.0,14,44,"[1, 1, 2, 2, 2, 2, 2, 2, 3, 3, 3, 3, 3, 15]",4.0,0.0,5.0,0,9.0
3579,Fer_FPM01-02_20012023_64_17.jpg,92465470,1.0,1.0,1,1,[1],1.0,1,1,[1],0.0,0.0,0.0,0,0.0
3580,Fer_FPM01-02_20012023_51_86.jpg,92465474,1.0,1.0,1,1,[1],1.0,12,12,"[1, 1, 1, 1, 1, 1, 1, 1, 1, 1, 1, 1]",1.0,0.0,5.0,0,7.0
3581,Fer_FPM01-02_20012023_56_70.jpg,92465478,1.0,1.0,1,1,[1],1.0,2,2,"[1, 1]",0.0,0.0,0.0,0,0.0
3582,Fer_FPM01-02_20012023_45_24.jpg,92465480,1.0,1.0,1,1,[1],1.0,1,1,[1],0.0,0.0,0.0,0,0.0
3583,Fer_FPM01-02_20012023_46_2.jpg,92465484,20.0,19.12,22,22,[22],22.0,17,325,"[4, 11, 13, 14, 16, 16, 16, 17, 20, 20, 20, 22, 22, 22, 22, 23, 47]",26.0,0.0,5.0,0,37.0
3584,Fer_FPM01-02_20012023_46_75.jpg,92465485,1.0,1.12,1,1,[1],1.0,17,19,"[1, 1, 1, 1, 1, 1, 1, 1, 1, 1, 1, 1, 1, 1, 1, 1, 3]",1.0,0.0,5.0,0,13.0
3585,Fer_FPM01-02_20012023_46_61.jpg,92465487,1.0,2.67,1,1,[1],1.0,18,48,"[1, 1, 1, 1, 1, 1, 1, 1, 1, 1, 1, 1, 1, 1, 1, 1, 3, 29]",3.0,0.0,5.0,0,5.0
3586,Fer_FPM01-02_20012023_52_14.jpg,92465488,1.0,1.33,1,1,[1],1.0,6,8,"[1, 1, 1, 1, 1, 3]",1.0,0.0,5.0,0,3.0
3587,Fer_FPM01-02_20012023_46_49.jpg,92465489,1.0,1.47,1,1,[1],1.0,15,22,"[1, 1, 1, 1, 1, 1, 1, 1, 1, 1, 2, 2, 2, 2, 4]",2.0,0.0,5.0,0,2.0
3588,Fer_FPM01-02_20012023_48_64.jpg,92465490,5.0,5.29,2,9,"[2, 3, 4, 5, 6, 8, 9]",5.285714285714286,7,37,"[2, 3, 4, 5, 6, 8, 9]",3.0,0.0,5.0,0,3.0
3589,Fer_FPM01-02_20012023_55_21.jpg,92465491,1.0,1.29,1,1,[1],1.0,7,9,"[1, 1, 1, 1, 1, 2, 2]",1.0,0.0,5.0,0,4.0
3590,Fer_FPM01-02_20012023_48_70.jpg,92465492,1.0,1.0,1,1,[1],1.0,12,12,"[1, 1, 1, 1, 1, 1, 1, 1, 1, 1, 1, 1]",1.0,0.0,5.0,0,7.0
3591,Fer_FPM01-02_20012023_71_20.jpg,92465494,11.0,10.26,12,12,[12],12.0,19,195,"[5, 7, 8, 8, 8, 9, 9, 10, 11, 11, 11, 12, 12, 12, 12, 12, 12, 13, 13]",13.0,0.0,5.0,0,2.0
3592,Fer_FPM01-02_20012023_43_92.jpg,92465495,1.0,1.0,1,1,[1],1.0,4,4,"[1, 1, 1, 1]",0.0,0.0,0.0,0,0.0
3593,Fer_FPM01-02_20012023_43_79.jpg,92465496,62.0,53.82,66,71,"[66, 71]",68.5,17,915,"[1, 24, 30, 35, 42, 43, 51, 59, 62, 63, 64, 66, 66, 71, 71, 73, 94]",67.0,0.0,5.0,0,78.0
3594,Fer_FPM01-02_20012023_59_21.jpg,92465497,7.0,6.26,7,7,[7],7.0,19,119,"[2, 3, 5, 6, 6, 6, 7, 7, 7, 7, 7, 7, 7, 7, 7, 7, 7, 7, 7]",7.0,0.0,5.0,0,0.0
3595,Fer_FPM01-02_20012023_44_64.jpg,92465499,7.0,7.54,7,7,[7],7.0,13,98,"[2, 5, 6, 6, 7, 7, 7, 8, 8, 9, 10, 11, 12]",9.0,0.0,5.0,0,12.0
3596,Fer_FPM01-02_20012023_50_39.jpg,92465503,2.0,2.0,2,2,[2],2.0,13,26,"[2, 2, 2, 2, 2, 2, 2, 2, 2, 2, 2, 2, 2]",2.0,0.0,5.0,0,0.0
3597,Fer_FPM01-02_20012023_44_58.jpg,92465504,1.0,1.11,1,1,[1],1.0,19,21,"[1, 1, 1, 1, 1, 1, 1, 1, 1, 1, 1, 1, 1, 1, 1, 1, 1, 2, 2]",1.0,0.0,5.0,0,14.0
3598,Fer_FPM01-02_20012023_43_51.jpg,92465505,1.0,1.0,1,1,[1],1.0,3,3,"[1, 1, 1]",0.0,0.0,0.0,0,0.0
3599,Fer_FPM01-02_20012023_57_24.jpg,92465506,1.0,1.0,1,1,[1],1.0,1,1,[1],0.0,0.0,0.0,0,0.0
3600,Fer_FPM01-02_20012023_68_15.jpg,92465509,2.0,1.91,1,1,[1],1.0,11,21,"[1, 1, 1, 1, 1, 2, 2, 2, 3, 3, 4]",2.0,0.0,5.0,0,0.0
3601,Fer_FPM01-02_20012023_53_54.jpg,92465512,1.0,1.0,1,1,[1],1.0,1,1,[1],0.0,0.0,0.0,0,0.0
3602,Fer_FPM01-02_20012023_47_21.jpg,92465513,7.0,7.0,7,7,[7],7.0,1,7,[7],1.0,0.0,5.0,0,2.0
3603,Fer_FPM01-02_20012023_49_18.jpg,92465514,1.0,1.06,1,1,[1],1.0,17,18,"[1, 1, 1, 1, 1, 1, 1, 1, 1, 1, 1, 1, 1, 1, 1, 1, 2]",1.0,0.0,5.0,0,13.0
3604,Fer_FPM01-02_20012023_53_40.jpg,92465515,3.0,2.53,3,3,[3],3.0,15,38,"[1, 1, 2, 2, 2, 2, 2, 3, 3, 3, 3, 3, 3, 4, 4]",3.0,0.0,5.0,0,1.0
3605,Fer_FPM01-02_20012023_53_41.jpg,92465517,2.0,2.0,2,2,[2],2.0,16,32,"[1, 1, 2, 2, 2, 2, 2, 2, 2, 2, 2, 2, 2, 2, 2, 4]",3.0,0.0,5.0,0,1.0
3606,Fer_FPM01-02_20012023_47_20.jpg,92465519,1.0,1.1,1,1,[1],1.0,10,11,"[1, 1, 1, 1, 1, 1, 1, 1, 1, 2]",1.0,0.0,5.0,0,6.0
3607,Fer_FPM01-02_20012023_54_74.jpg,92465521,2.0,2.23,2,2,[2],2.0,13,29,"[1, 1, 2, 2, 2, 2, 2, 2, 2, 2, 2, 2, 7]",2.0,0.0,5.0,0,4.0
3608,Fer_FPM01-02_20012023_53_69.jpg,92465522,1.5,1.5,1,2,"[1, 2]",1.5,2,3,"[1, 2]",0.0,0.0,0.0,0,0.0
3609,Fer_FPM01-02_20012023_53_96.jpg,92465524,1.0,1.0,1,1,[1],1.0,1,1,[1],0.0,0.0,0.0,0,0.0
3610,Fer_FPM01-02_20012023_61_18.jpg,92465525,1.5,2.14,1,1,[1],1.0,14,30,"[1, 1, 1, 1, 1, 1, 1, 2, 2, 2, 2, 2, 2, 11]",3.0,0.0,5.0,0,3.0
3611,Fer_FPM01-02_20012023_43_50.jpg,92465527,1.0,1.0,1,1,[1],1.0,1,1,[1],0.0,0.0,0.0,0,0.0
3612,Fer_FPM01-02_20012023_43_44.jpg,92465528,2.0,2.0,2,2,[2],2.0,1,2,[2],0.0,0.0,0.0,0,0.0
3613,Fer_FPM01-02_20012023_50_38.jpg,92465529,7.5,7.17,8,8,[8],8.0,18,129,"[2, 3, 3, 6, 6, 6, 7, 7, 7, 8, 8, 8, 8, 9, 9, 10, 10, 12]",10.0,0.0,5.0,0,9.0
3614,Fer_FPM01-02_20012023_50_10.jpg,92465530,1.0,1.0,1,1,[1],1.0,10,10,"[1, 1, 1, 1, 1, 1, 1, 1, 1, 1]",1.0,0.0,5.0,0,5.0
3615,Fer_FPM01-02_20012023_44_65.jpg,92465531,30.0,26.62,23,23,[23],23.0,13,346,"[7, 8, 17, 18, 23, 23, 30, 31, 32, 34, 39, 40, 44]",32.0,0.0,5.0,0,45.0
3616,Fer_FPM01-02_20012023_59_20.jpg,92465533,4.0,4.0,1,7,"[1, 7]",4.0,2,8,"[1, 7]",1.0,0.0,5.0,0,3.0
3617,Fer_FPM01-02_20012023_43_78.jpg,92465534,28.0,28.5,28,28,[28],28.0,18,513,"[21, 22, 22, 22, 23, 25, 26, 26, 28, 28, 28, 28, 34, 35, 35, 35, 36, 39]",35.0,0.0,5.0,0,38.0
3618,Fer_FPM01-02_20012023_44_71.jpg,92465536,5.0,5.0,2,8,"[2, 8]",5.0,2,10,"[2, 8]",1.0,0.0,5.0,0,5.0
3619,Fer_FPM01-02_20012023_71_21.jpg,92465537,1.0,1.0,1,1,[1],1.0,1,1,[1],0.0,0.0,0.0,0,0.0
3620,Fer_FPM01-02_20012023_43_87.jpg,92465539,1.0,1.0,1,1,[1],1.0,1,1,[1],0.0,0.0,0.0,0,0.0
3621,Fer_FPM01-02_20012023_55_20.jpg,92465540,1.0,1.0,1,1,[1],1.0,1,1,[1],0.0,0.0,0.0,0,0.0
3622,Fer_FPM01-02_20012023_48_65.jpg,92465542,3.0,2.87,2,4,"[2, 3, 4]",3.0,15,43,"[1, 1, 2, 2, 2, 2, 3, 3, 3, 3, 4, 4, 4, 4, 5]",3.0,0.0,5.0,0,0.0
3623,Fer_FPM01-02_20012023_52_15.jpg,92465544,3.0,3.0,3,3,[3],3.0,1,3,[3],0.0,0.0,0.0,0,0.0
3624,Fer_FPM01-02_20012023_46_60.jpg,92465545,1.0,1.0,1,1,[1],1.0,1,1,[1],0.0,0.0,0.0,0,0.0
3625,Fer_FPM01-02_20012023_46_74.jpg,92465547,4.0,4.1,4,4,[4],4.0,20,82,"[3, 4, 4, 4, 4, 4, 4, 4, 4, 4, 4, 4, 4, 4, 4, 4, 4, 4, 4, 7]",4.0,0.0,5.0,0,2.0
3626,Fer_FPM01-02_20012023_46_3.jpg,92465549,7.0,6.86,7,7,[7],7.0,14,96,"[4, 6, 6, 6, 6, 7, 7, 7, 7, 7, 8, 8, 8, 9]",8.0,0.0,5.0,0,8.0
3627,Fer_FPM01-02_20012023_45_102.jpg,92465550,1.0,1.0,1,1,[1],1.0,16,16,"[1, 1, 1, 1, 1, 1, 1, 1, 1, 1, 1, 1, 1, 1, 1, 1]",1.0,0.0,5.0,0,11.0
3628,Fer_FPM01-02_20012023_56_71.jpg,92465554,1.0,1.0,1,1,[1],1.0,1,1,[1],0.0,0.0,0.0,0,0.0
3629,Fer_FPM01-02_20012023_45_19.jpg,92465555,3.0,3.23,3,3,[3],3.0,13,42,"[2, 2, 3, 3, 3, 3, 3, 3, 4, 4, 4, 4, 4]",4.0,0.0,5.0,0,0.0
3630,Fer_FPM01-02_20012023_63_21.jpg,92465559,3.0,3.0,3,3,[3],3.0,1,3,[3],0.0,0.0,0.0,0,0.0
3631,Isa_ISCWN02_18012023_7_62.jpg,92465568,1.0,1.0,1,1,[1],1.0,1,1,[1],0.0,0.0,0.0,0,0.0
3632,Isa_ISCWN02_18012023_128_15.jpg,92465569,1.0,1.0,1,1,[1],1.0,1,1,[1],0.0,0.0,0.0,0,0.0
3633,Isa_ISCWN02_18012023_117_24.jpg,92465574,1.0,1.0,1,1,[1],1.0,1,1,[1],0.0,0.0,0.0,0,0.0
3634,Isa_ISCWN02_18012023_22_42.jpg,92465575,1.0,1.0,1,1,[1],1.0,1,1,[1],0.0,0.0,0.0,0,0.0
3635,Isa_ISCWN02_18012023_49_26.jpg,92465585,1.0,1.0,1,1,[1],1.0,1,1,[1],0.0,0.0,0.0,0,0.0
3636,Isa_ISCWN02_18012023_94_45.jpg,92465593,1.0,1.0,1,1,[1],1.0,1,1,[1],0.0,0.0,0.0,0,0.0
3637,Isa_ISCWN02_18012023_16_46.jpg,92465595,1.0,1.0,1,1,[1],1.0,1,1,[1],0.0,0.0,0.0,0,0.0
3638,Isa_ISCWN02_18012023_94_44.jpg,92465597,1.0,1.0,1,1,[1],1.0,1,1,[1],0.0,0.0,0.0,0,0.0
3639,Isa_ISCWN02_18012023_134_5.jpg,92465598,1.0,1.0,1,1,[1],1.0,2,2,"[1, 1]",0.0,0.0,0.0,0,0.0
3640,Isa_ISCWN02_18012023_105_19.jpg,92465602,1.5,1.5,1,2,"[1, 2]",1.5,2,3,"[1, 2]",0.0,0.0,0.0,0,0.0
3641,Isa_ISCWN02_18012023_102_38.jpg,92465605,1.5,1.5,1,2,"[1, 2]",1.5,4,6,"[1, 1, 2, 2]",1.0,0.0,5.0,0,1.0
3642,Isa_ISCWN02_18012023_22_43.jpg,92465614,5.0,5.0,5,5,[5],5.0,1,5,[5],1.0,0.0,5.0,0,0.0
3643,Isa_ISCWN02_18012023_64_16.jpg,92465615,1.0,1.0,1,1,[1],1.0,1,1,[1],0.0,0.0,0.0,0,0.0
3644,Isa_ISCWN02_18012023_91_48.jpg,92465616,1.0,1.0,1,1,[1],1.0,1,1,[1],0.0,0.0,0.0,0,0.0
3645,Isa_ISCWN02_18012023_55_22.jpg,92465618,1.0,1.0,1,1,[1],1.0,1,1,[1],0.0,0.0,0.0,0,0.0
3646,Isa_ISCWN02_18012023_100_29.jpg,92465625,4.0,4.0,4,4,[4],4.0,1,4,[4],0.0,0.0,0.0,0,0.0
3647,Isa_ISCWN02_18012023_73_32.jpg,92465626,1.0,1.0,1,1,[1],1.0,1,1,[1],0.0,0.0,0.0,0,0.0
3648,Isa_ISCWN02_18012023_107_22.jpg,92465629,1.0,1.22,1,1,[1],1.0,18,22,"[1, 1, 1, 1, 1, 1, 1, 1, 1, 1, 1, 1, 1, 1, 1, 2, 2, 3]",1.0,0.0,5.0,0,17.0
3649,Isa_ISCWN02_18012023_26_31.jpg,92465632,1.0,1.0,1,1,[1],1.0,3,3,"[1, 1, 1]",0.0,0.0,0.0,0,0.0
3650,Isa_ISCWN02_18012023_98_46.jpg,92465636,1.0,1.0,1,1,[1],1.0,1,1,[1],0.0,0.0,0.0,0,0.0
3651,Isa_ISCWN02_18012023_128_16.jpg,92465637,1.0,1.0,1,1,[1],1.0,2,2,"[1, 1]",0.0,0.0,0.0,0,0.0
3652,Isa_ISCWN02_18012023_7_61.jpg,92465638,1.0,1.0,1,1,[1],1.0,1,1,[1],0.0,0.0,0.0,0,0.0
3653,Isa_ISCWN02_18012023_9_64.jpg,92465639,1.0,1.0,1,1,[1],1.0,2,2,"[1, 1]",0.0,0.0,0.0,0,0.0
3654,Isa_ISCWN02_18012023_96_43.jpg,92465641,2.0,2.0,1,1,[1],1.0,7,14,"[1, 1, 1, 2, 2, 3, 4]",1.0,0.0,5.0,0,9.0
3655,Isa_ISCWN02_18012023_82_36.jpg,92465642,1.0,1.0,1,1,[1],1.0,4,4,"[1, 1, 1, 1]",0.0,0.0,0.0,0,0.0
3656,Isa_ISCWN02_18012023_38_25.jpg,92465644,1.0,1.0,1,1,[1],1.0,2,2,"[1, 1]",0.0,0.0,0.0,0,0.0
3657,Isa_ISCWN02_18012023_22_41.jpg,92465646,5.0,7.36,3,3,[3],3.0,11,81,"[3, 3, 3, 4, 4, 5, 6, 9, 11, 12, 21]",7.0,0.0,5.0,0,20.0
3658,Isa_ISCWN02_18012023_130_3.jpg,92465650,1.5,1.5,1,2,"[1, 2]",1.5,2,3,"[1, 2]",0.0,0.0,0.0,0,0.0
3659,Isa_ISCWN02_18012023_34_25.jpg,92465653,2.0,2.0,2,2,[2],2.0,2,4,"[2, 2]",0.0,0.0,0.0,0,0.0
3660,Isa_ISCWN02_18012023_20_44.jpg,92465654,3.0,3.0,3,3,[3],3.0,1,3,[3],0.0,0.0,0.0,0,0.0
3661,Isa_ISCWN02_18012023_61_18.jpg,92465655,1.0,1.0,1,1,[1],1.0,1,1,[1],0.0,0.0,0.0,0,0.0
3662,Isa_ISCWN02_18012023_112_17.jpg,92465656,7.0,7.0,7,7,[7],7.0,1,7,[7],1.0,0.0,5.0,0,2.0
3663,Isa_ISCWN02_18012023_16_45.jpg,92465669,1.0,1.0,1,1,[1],1.0,1,1,[1],0.0,0.0,0.0,0,0.0
3664,Isa_ISCWN02_18012023_94_47.jpg,92465673,1.0,1.0,1,1,[1],1.0,2,2,"[1, 1]",0.0,0.0,0.0,0,0.0
3665,Isa_ISCWN02_18012023_105_26.jpg,92465681,7.0,7.0,7,7,[7],7.0,1,7,[7],1.0,0.0,5.0,0,2.0
3666,Isa_ISCWN02_18012023_136_4.jpg,92465685,14.0,14.0,14,14,[14],14.0,1,14,[14],1.0,0.0,5.0,0,9.0
3667,Isa_ISCWN02_18012023_84_42.jpg,92465686,1.0,1.0,1,1,[1],1.0,1,1,[1],0.0,0.0,0.0,0,0.0
3668,Isa_ISCWN02_18012023_49_24.jpg,92465687,1.0,1.0,1,1,[1],1.0,1,1,[1],0.0,0.0,0.0,0,0.0
3669,Isa_ISCWN02_18012023_34_24.jpg,92465690,1.0,1.0,1,1,[1],1.0,1,1,[1],0.0,0.0,0.0,0,0.0
3670,Isa_ISCWN02_18012023_36_21.jpg,92465699,2.0,2.0,2,2,[2],2.0,1,2,[2],0.0,0.0,0.0,0,0.0
3671,Isa_ISCWN02_18012023_38_24.jpg,92465701,1.0,1.0,1,1,[1],1.0,1,1,[1],0.0,0.0,0.0,0,0.0
3672,Isa_ISCWN02_18012023_26_34.jpg,92465714,1.0,1.0,1,1,[1],1.0,1,1,[1],0.0,0.0,0.0,0,0.0
3673,Isa_ISCWN02_18012023_55_19.jpg,92465718,2.0,2.13,1,1,[1],1.0,15,32,"[1, 1, 1, 1, 1, 1, 2, 2, 2, 2, 3, 3, 4, 4, 4]",3.0,0.0,5.0,0,1.0
3674,Isa_ISCWN02_18012023_14_45.jpg,92465719,1.0,1.0,1,1,[1],1.0,1,1,[1],0.0,0.0,0.0,0,0.0
3675,Isa_ISCWN02_18012023_9_61.jpg,92465720,1.0,1.0,1,1,[1],1.0,6,6,"[1, 1, 1, 1, 1, 1]",1.0,0.0,5.0,0,0.0
3676,Isa_ISCWN02_18012023_7_58.jpg,92465721,1.0,1.0,1,1,[1],1.0,1,1,[1],0.0,0.0,0.0,0,0.0
3677,Isa_ISCWN02_18012023_128_13.jpg,92465727,1.5,1.5,1,2,"[1, 2]",1.5,2,3,"[1, 2]",0.0,0.0,0.0,0,0.0
3678,Isa_ISCWN02_18012023_79_40.jpg,92465730,1.0,1.0,1,1,[1],1.0,1,1,[1],0.0,0.0,0.0,0,0.0
3679,Isa_ISCWN02_18012023_63_18.jpg,92465731,1.0,1.0,1,1,[1],1.0,2,2,"[1, 1]",0.0,0.0,0.0,0,0.0
3680,Isa_ISCWN02_18012023_61_21.jpg,92465740,1.0,1.0,1,1,[1],1.0,1,1,[1],0.0,0.0,0.0,0,0.0
3681,Isa_ISCWN02_18012023_129_7.jpg,92465745,3.0,3.0,3,3,[3],3.0,1,3,[3],0.0,0.0,0.0,0,0.0
3682,Isa_ISCWN02_18012023_11_49.jpg,92465749,1.0,1.0,1,1,[1],1.0,1,1,[1],0.0,0.0,0.0,0,0.0
3683,Isa_ISCWN02_18012023_80_36.jpg,92465750,14.0,14.0,14,14,[14],14.0,1,14,[14],1.0,0.0,5.0,0,9.0
3684,Isa_ISCWN02_18012023_2_68.jpg,92465752,6.0,6.0,6,6,[6],6.0,1,6,[6],1.0,0.0,5.0,0,1.0
3685,Isa_ISCWN02_18012023_59_18.jpg,92465755,1.0,1.5,1,1,[1],1.0,4,6,"[1, 1, 1, 3]",1.0,0.0,5.0,0,1.0
3686,Isa_ISCWN02_18012023_11_48.jpg,92465761,1.0,1.0,1,1,[1],1.0,1,1,[1],0.0,0.0,0.0,0,0.0
3687,Isa_ISCWN02_18012023_23_39.jpg,92465766,1.0,1.08,1,1,[1],1.0,12,13,"[1, 1, 1, 1, 1, 1, 1, 1, 1, 1, 1, 2]",1.0,0.0,5.0,0,8.0
3688,Isa_ISCWN02_18012023_117_23.jpg,92465776,1.0,1.0,1,1,[1],1.0,1,1,[1],0.0,0.0,0.0,0,0.0
3689,Isa_ISCWN02_18012023_103_42.jpg,92465778,1.0,1.0,1,1,[1],1.0,1,1,[1],0.0,0.0,0.0,0,0.0
3690,Isa_ISCWN02_18012023_79_41.jpg,92465781,2.0,2.0,2,2,[2],2.0,1,2,[2],0.0,0.0,0.0,0,0.0
3691,Isa_ISCWN02_18012023_14_50.jpg,92465787,2.0,2.0,2,2,[2],2.0,1,2,[2],0.0,0.0,0.0,0,0.0
3692,Isa_ISCWN02_18012023_55_18.jpg,92465791,1.0,1.0,1,1,[1],1.0,1,1,[1],0.0,0.0,0.0,0,0.0
3693,Isa_ISCWN02_18012023_9_60.jpg,92465792,7.0,7.0,7,7,[7],7.0,1,7,[7],1.0,0.0,5.0,0,2.0
3694,Isa_ISCWN02_18012023_132_5.jpg,92465793,5.0,5.0,5,5,[5],5.0,1,5,[5],1.0,0.0,5.0,0,0.0
3695,Isa_ISCWN02_18012023_28_30.jpg,92465795,1.0,1.08,1,1,[1],1.0,12,13,"[1, 1, 1, 1, 1, 1, 1, 1, 1, 1, 1, 2]",1.0,0.0,5.0,0,8.0
3696,Isa_ISCWN02_18012023_107_26.jpg,92465796,2.0,2.0,2,2,[2],2.0,1,2,[2],0.0,0.0,0.0,0,0.0
3697,Isa_ISCWN02_18012023_74_29.jpg,92465797,1.0,1.0,1,1,[1],1.0,1,1,[1],0.0,0.0,0.0,0,0.0
3698,Isa_ISCWN02_18012023_107_18.jpg,92465800,2.0,2.0,2,2,[2],2.0,2,4,"[2, 2]",0.0,0.0,0.0,0,0.0
3699,Isa_ISCWN02_18012023_26_37.jpg,92465801,1.0,1.0,1,1,[1],1.0,1,1,[1],0.0,0.0,0.0,0,0.0
3700,Isa_ISCWN02_18012023_100_39.jpg,92465803,1.0,1.0,1,1,[1],1.0,2,2,"[1, 1]",0.0,0.0,0.0,0,0.0
3701,Isa_ISCWN02_18012023_107_24.jpg,92465805,15.0,15.0,15,15,[15],15.0,1,15,[15],1.0,0.0,5.0,0,3.0
3702,Isa_ISCWN02_18012023_96_45.jpg,92465806,1.0,1.0,1,1,[1],1.0,1,1,[1],0.0,0.0,0.0,0,0.0
3703,Isa_ISCWN02_18012023_14_46.jpg,92465807,1.0,1.0,1,1,[1],1.0,2,2,"[1, 1]",0.0,0.0,0.0,0,0.0
3704,Isa_ISCWN02_18012023_38_23.jpg,92465813,2.0,2.0,2,2,[2],2.0,1,2,[2],0.0,0.0,0.0,0,0.0
3705,Isa_ISCWN02_18012023_103_40.jpg,92465814,1.0,1.0,1,1,[1],1.0,1,1,[1],0.0,0.0,0.0,0,0.0
3706,Isa_ISCWN02_18012023_130_5.jpg,92465815,1.0,1.0,1,1,[1],1.0,13,13,"[1, 1, 1, 1, 1, 1, 1, 1, 1, 1, 1, 1, 1]",1.0,0.0,5.0,0,5.0
3707,Isa_ISCWN02_18012023_34_23.jpg,92465819,1.0,1.0,1,1,[1],1.0,1,1,[1],0.0,0.0,0.0,0,0.0
3708,Isa_ISCWN02_18012023_129_4.jpg,92465825,1.0,1.22,1,1,[1],1.0,9,11,"[1, 1, 1, 1, 1, 1, 1, 2, 2]",1.0,0.0,5.0,0,6.0
3709,Isa_ISCWN02_18012023_24_32.jpg,92465827,1.0,1.0,1,1,[1],1.0,1,1,[1],0.0,0.0,0.0,0,0.0
3710,Isa_ISCWN02_18012023_71_27.jpg,92465831,1.0,1.0,1,1,[1],1.0,2,2,"[1, 1]",0.0,0.0,0.0,0,0.0
3711,Isa_ISCWN02_18012023_80_35.jpg,92465833,1.0,1.0,1,1,[1],1.0,5,5,"[1, 1, 1, 1, 1]",1.0,0.0,5.0,0,0.0
3712,Isa_ISCWN02_18012023_18_46.jpg,92465835,4.0,4.0,4,4,[4],4.0,1,4,[4],0.0,0.0,0.0,0,0.0
3713,Isa_ISCWN02_18012023_105_20.jpg,92465842,7.0,7.0,7,7,[7],7.0,1,7,[7],1.0,0.0,5.0,0,2.0
3714,Isa_ISCWN02_18012023_71_26.jpg,92465843,1.0,1.0,1,1,[1],1.0,1,1,[1],0.0,0.0,0.0,0,0.0
3715,Isa_ISCWN02_18012023_24_33.jpg,92465846,2.0,1.89,2,2,[2],2.0,9,17,"[1, 2, 2, 2, 2, 2, 2, 2, 2]",2.0,0.0,5.0,0,0.0
3716,Isa_ISCWN02_18012023_129_5.jpg,92465847,1.0,1.0,1,1,[1],1.0,2,2,"[1, 1]",0.0,0.0,0.0,0,0.0
3717,Isa_ISCWN02_18012023_130_4.jpg,92465857,1.0,1.0,1,1,[1],1.0,1,1,[1],0.0,0.0,0.0,0,0.0
3718,Isa_ISCWN02_18012023_38_22.jpg,92465859,1.0,1.0,1,1,[1],1.0,1,1,[1],0.0,0.0,0.0,0,0.0
3719,Isa_ISCWN02_18012023_79_42.jpg,92465860,2.0,2.0,2,2,[2],2.0,1,2,[2],0.0,0.0,0.0,0,0.0
3720,Isa_ISCWN02_18012023_14_47.jpg,92465865,1.0,1.0,1,1,[1],1.0,1,1,[1],0.0,0.0,0.0,0,0.0
3721,Isa_ISCWN02_18012023_73_23.jpg,92465867,1.0,1.67,1,1,[1],1.0,3,5,"[1, 1, 3]",1.0,0.0,5.0,0,0.0
3722,Isa_ISCWN02_18012023_107_25.jpg,92465868,1.0,1.0,1,1,[1],1.0,2,2,"[1, 1]",0.0,0.0,0.0,0,0.0
3723,Isa_ISCWN02_18012023_109_20.jpg,92465874,1.0,1.0,1,1,[1],1.0,1,1,[1],0.0,0.0,0.0,0,0.0
3724,Isa_ISCWN02_18012023_67_19.jpg,92465875,1.0,1.0,1,1,[1],1.0,1,1,[1],0.0,0.0,0.0,0,0.0
3725,Isa_ISCWN02_18012023_69_20.jpg,92465876,1.0,1.0,1,1,[1],1.0,17,17,"[1, 1, 1, 1, 1, 1, 1, 1, 1, 1, 1, 1, 1, 1, 1, 1, 1]",1.0,0.0,5.0,0,11.0
3726,Isa_ISCWN02_18012023_41_21.jpg,92465878,1.0,1.0,1,1,[1],1.0,1,1,[1],0.0,0.0,0.0,0,0.0
3727,Isa_ISCWN02_18012023_103_32.jpg,92465881,1.0,1.0,1,1,[1],1.0,1,1,[1],0.0,0.0,0.0,0,0.0
3728,Isa_ISCWN02_18012023_25_28.jpg,92465884,1.0,1.0,1,1,[1],1.0,1,1,[1],0.0,0.0,0.0,0,0.0
3729,Isa_ISCWN02_18012023_92_47.jpg,92465889,1.0,1.0,1,1,[1],1.0,1,1,[1],0.0,0.0,0.0,0,0.0
3730,Isa_ISCWN02_18012023_29_28.jpg,92465893,3.0,3.0,3,3,[3],3.0,1,3,[3],0.0,0.0,0.0,0,0.0
3731,Isa_ISCWN02_18012023_106_16.jpg,92465894,1.0,1.0,1,1,[1],1.0,2,2,"[1, 1]",0.0,0.0,0.0,0,0.0
3732,Isa_ISCWN02_18012023_8_50.jpg,92465895,1.0,1.0,1,1,[1],1.0,2,2,"[1, 1]",0.0,0.0,0.0,0,0.0
3733,Isa_ISCWN02_18012023_131_3.jpg,92465897,1.0,1.1,1,1,[1],1.0,10,11,"[1, 1, 1, 1, 1, 1, 1, 1, 1, 2]",1.0,0.0,5.0,0,6.0
3734,Isa_ISCWN02_18012023_43_24.jpg,92465903,1.0,1.0,1,1,[1],1.0,1,1,[1],0.0,0.0,0.0,0,0.0
3735,Isa_ISCWN02_18012023_53_20.jpg,92465912,2.0,2.0,2,2,[2],2.0,1,2,[2],0.0,0.0,0.0,0,0.0
3736,Isa_ISCWN02_18012023_106_17.jpg,92465914,2.0,2.0,2,2,[2],2.0,1,2,[2],0.0,0.0,0.0,0,0.0
3737,Isa_ISCWN02_18012023_29_29.jpg,92465915,1.0,1.0,1,1,[1],1.0,1,1,[1],0.0,0.0,0.0,0,0.0
3738,Isa_ISCWN02_18012023_101_36.jpg,92465916,1.0,1.0,1,1,[1],1.0,2,2,"[1, 1]",0.0,0.0,0.0,0,0.0
3739,Isa_ISCWN02_18012023_10_51.jpg,92465919,1.0,1.0,1,1,[1],1.0,1,1,[1],0.0,0.0,0.0,0,0.0
3740,Isa_ISCWN02_18012023_103_27.jpg,92465923,2.0,2.0,2,2,[2],2.0,1,2,[2],0.0,0.0,0.0,0,0.0
3741,Isa_ISCWN02_18012023_82_43.jpg,92465926,1.0,1.0,1,1,[1],1.0,1,1,[1],0.0,0.0,0.0,0,0.0
3742,Isa_ISCWN02_18012023_32_25.jpg,92465929,1.0,1.33,1,1,[1],1.0,3,4,"[1, 1, 2]",0.0,0.0,0.0,0,0.0
3743,Isa_ISCWN02_18012023_128_3.jpg,92465930,1.0,1.0,1,1,[1],1.0,1,1,[1],0.0,0.0,0.0,0,0.0
3744,Isa_ISCWN02_18012023_67_18.jpg,92465931,1.0,1.0,1,1,[1],1.0,1,1,[1],0.0,0.0,0.0,0,0.0
3745,Isa_ISCWN02_18012023_113_22.jpg,92465932,1.0,3.33,1,1,[1],1.0,3,10,"[1, 1, 8]",1.0,0.0,5.0,0,5.0
3746,Isa_ISCWN02_18012023_113_20.jpg,92465933,2.0,2.0,2,2,[2],2.0,1,2,[2],0.0,0.0,0.0,0,0.0
3747,Isa_ISCWN02_18012023_32_27.jpg,92465934,1.0,2.0,1,1,[1],1.0,3,6,"[1, 1, 4]",1.0,0.0,5.0,0,1.0
3748,Isa_ISCWN02_18012023_41_22.jpg,92465935,2.0,2.0,2,2,[2],2.0,1,2,[2],0.0,0.0,0.0,0,0.0
3749,Isa_ISCWN02_18012023_103_31.jpg,92465939,1.0,1.0,1,1,[1],1.0,1,1,[1],0.0,0.0,0.0,0,0.0
3750,Isa_ISCWN02_18012023_77_37.jpg,92465941,1.0,1.0,1,1,[1],1.0,2,2,"[1, 1]",0.0,0.0,0.0,0,0.0
3751,Isa_ISCWN02_18012023_103_19.jpg,92465944,9.0,9.0,9,9,[9],9.0,1,9,[9],1.0,0.0,5.0,0,4.0
3752,Isa_ISCWN02_18012023_125_21.jpg,92465945,1.0,1.0,1,1,[1],1.0,1,1,[1],0.0,0.0,0.0,0,0.0
3753,Isa_ISCWN02_18012023_3_66.jpg,92465946,1.0,1.0,1,1,[1],1.0,1,1,[1],0.0,0.0,0.0,0,0.0
3754,Isa_ISCWN02_18012023_58_17.jpg,92465947,1.0,1.0,1,1,[1],1.0,1,1,[1],0.0,0.0,0.0,0,0.0
3755,Isa_ISCWN02_18012023_101_34.jpg,92465955,1.0,1.0,1,1,[1],1.0,1,1,[1],0.0,0.0,0.0,0,0.0
3756,Isa_ISCWN02_18012023_8_53.jpg,92465956,1.0,1.0,1,1,[1],1.0,1,1,[1],0.0,0.0,0.0,0,0.0
3757,Isa_ISCWN02_18012023_127_18.jpg,92465959,1.0,1.0,1,1,[1],1.0,1,1,[1],0.0,0.0,0.0,0,0.0
3758,Isa_ISCWN02_18012023_97_48.jpg,92465960,1.0,1.0,1,1,[1],1.0,1,1,[1],0.0,0.0,0.0,0,0.0
3759,Isa_ISCWN02_18012023_111_19.jpg,92465962,2.0,2.0,2,2,[2],2.0,1,2,[2],0.0,0.0,0.0,0,0.0
3760,Isa_ISCWN02_18012023_89_48.jpg,92465965,1.0,3.33,1,1,[1],1.0,3,10,"[1, 1, 8]",1.0,0.0,5.0,0,5.0
3761,Isa_ISCWN02_18012023_24_42.jpg,92465968,1.0,1.07,1,1,[1],1.0,15,16,"[1, 1, 1, 1, 1, 1, 1, 1, 1, 1, 1, 1, 1, 1, 2]",1.0,0.0,5.0,0,11.0
3762,Isa_ISCWN02_18012023_62_17.jpg,92465969,1.0,1.0,1,1,[1],1.0,1,1,[1],0.0,0.0,0.0,0,0.0
3763,Isa_ISCWN02_18012023_6_57.jpg,92465972,1.0,1.0,1,1,[1],1.0,1,1,[1],0.0,0.0,0.0,0,0.0
3764,Isa_ISCWN02_18012023_8_52.jpg,92465975,1.5,1.5,1,2,"[1, 2]",1.5,2,3,"[1, 2]",0.0,0.0,0.0,0,0.0
3765,Isa_ISCWN02_18012023_75_27.jpg,92465978,1.0,1.0,1,1,[1],1.0,3,3,"[1, 1, 1]",0.0,0.0,0.0,0,0.0
3766,Isa_ISCWN02_18012023_106_28.jpg,92465979,1.0,1.09,1,1,[1],1.0,11,12,"[1, 1, 1, 1, 1, 1, 1, 1, 1, 1, 2]",1.0,0.0,5.0,0,3.0
3767,Isa_ISCWN02_18012023_92_45.jpg,92465980,1.0,1.0,1,1,[1],1.0,2,2,"[1, 1]",0.0,0.0,0.0,0,0.0
3768,Isa_ISCWN02_18012023_81_39.jpg,92465981,1.0,1.0,1,1,[1],1.0,1,1,[1],0.0,0.0,0.0,0,0.0
3769,Isa_ISCWN02_18012023_103_18.jpg,92465986,2.0,2.0,2,2,[2],2.0,1,2,[2],0.0,0.0,0.0,0,0.0
3770,Isa_ISCWN02_18012023_77_36.jpg,92465989,1.0,1.0,1,1,[1],1.0,1,1,[1],0.0,0.0,0.0,0,0.0
3771,Isa_ISCWN02_18012023_104_39.jpg,92465990,1.0,1.0,1,1,[1],1.0,1,1,[1],0.0,0.0,0.0,0,0.0
3772,Isa_ISCWN02_18012023_41_23.jpg,92465994,19.0,19.0,19,19,[19],19.0,1,19,[19],1.0,0.0,5.0,0,14.0
3773,Isa_ISCWN02_18012023_69_22.jpg,92465996,1.0,1.0,1,1,[1],1.0,1,1,[1],0.0,0.0,0.0,0,0.0
3774,Isa_ISCWN02_18012023_113_21.jpg,92465997,1.0,1.0,1,1,[1],1.0,2,2,"[1, 1]",0.0,0.0,0.0,0,0.0
3775,Isa_ISCWN02_18012023_128_4.jpg,92465998,1.0,1.0,1,1,[1],1.0,1,1,[1],0.0,0.0,0.0,0,0.0
3776,Isa_ISCWN02_18012023_32_22.jpg,92465999,1.0,1.0,1,1,[1],1.0,2,2,"[1, 1]",0.0,0.0,0.0,0,0.0
3777,Isa_ISCWN02_18012023_103_20.jpg,92466003,1.0,1.45,1,1,[1],1.0,11,16,"[1, 1, 1, 1, 1, 1, 1, 1, 1, 2, 5]",1.0,0.0,5.0,0,11.0
3778,Isa_ISCWN02_18012023_103_34.jpg,92466006,1.0,1.0,1,1,[1],1.0,1,1,[1],0.0,0.0,0.0,0,0.0
3779,Isa_ISCWN02_18012023_101_25.jpg,92466013,3.0,3.0,3,3,[3],3.0,1,3,[3],0.0,0.0,0.0,0,0.0
3780,Isa_ISCWN02_18012023_101_31.jpg,92466014,1.0,2.2,1,1,[1],1.0,5,11,"[1, 1, 1, 3, 5]",1.0,0.0,5.0,0,6.0
3781,Isa_ISCWN02_18012023_131_5.jpg,92466016,3.0,3.0,3,3,[3],3.0,1,3,[3],0.0,0.0,0.0,0,0.0
3782,Isa_ISCWN02_18012023_12_53.jpg,92466018,6.0,6.0,6,6,[6],6.0,1,6,[6],1.0,0.0,5.0,0,1.0
3783,Isa_ISCWN02_18012023_127_21.jpg,92466019,1.0,1.0,1,1,[1],1.0,1,1,[1],0.0,0.0,0.0,0,0.0
3784,Isa_ISCWN02_18012023_129_18.jpg,92466021,6.0,6.0,6,6,[6],6.0,1,6,[6],1.0,0.0,5.0,0,1.0
3785,Isa_ISCWN02_18012023_111_20.jpg,92466023,1.0,1.0,1,1,[1],1.0,1,1,[1],0.0,0.0,0.0,0,0.0
3786,Isa_ISCWN02_18012023_130_11.jpg,92466025,1.0,1.0,1,1,[1],1.0,1,1,[1],0.0,0.0,0.0,0,0.0
3787,Isa_ISCWN02_18012023_43_23.jpg,92466027,1.0,1.0,1,1,[1],1.0,1,1,[1],0.0,0.0,0.0,0,0.0
3788,Isa_ISCWN02_18012023_8_57.jpg,92466033,1.0,1.0,1,1,[1],1.0,1,1,[1],0.0,0.0,0.0,0,0.0
3789,Isa_ISCWN02_18012023_131_4.jpg,92466035,1.0,1.0,1,1,[1],1.0,1,1,[1],0.0,0.0,0.0,0,0.0
3790,Isa_ISCWN02_18012023_101_30.jpg,92466038,2.0,2.0,2,2,[2],2.0,1,2,[2],0.0,0.0,0.0,0,0.0
3791,Isa_ISCWN02_18012023_108_28.jpg,92466040,1.0,1.0,1,1,[1],1.0,1,1,[1],0.0,0.0,0.0,0,0.0
3792,Isa_ISCWN02_18012023_103_35.jpg,92466045,1.0,1.0,1,1,[1],1.0,1,1,[1],0.0,0.0,0.0,0,0.0
3793,Isa_ISCWN02_18012023_104_28.jpg,92466047,2.0,2.0,2,2,[2],2.0,1,2,[2],0.0,0.0,0.0,0,0.0
3794,Isa_ISCWN02_18012023_67_22.jpg,92466050,1.0,1.0,1,1,[1],1.0,1,1,[1],0.0,0.0,0.0,0,0.0
3795,Isa_ISCWN02_18012023_113_18.jpg,92466052,1.0,1.0,1,1,[1],1.0,1,1,[1],0.0,0.0,0.0,0,0.0
3796,Isa_ISCWN02_18012023_128_5.jpg,92466054,1.0,1.2,1,1,[1],1.0,5,6,"[1, 1, 1, 1, 2]",1.0,0.0,5.0,0,1.0
3797,Isa_ISCWN02_18012023_67_20.jpg,92466057,1.0,1.0,1,1,[1],1.0,1,1,[1],0.0,0.0,0.0,0,0.0
3798,Isa_ISCWN02_18012023_69_19.jpg,92466058,2.0,2.8,2,2,[2],2.0,5,14,"[1, 2, 2, 2, 7]",2.0,0.0,5.0,0,4.0
3799,Isa_ISCWN02_18012023_79_34.jpg,92466059,1.5,1.5,1,2,"[1, 2]",1.5,2,3,"[1, 2]",0.0,0.0,0.0,0,0.0
3800,Isa_ISCWN02_18012023_103_37.jpg,92466060,3.0,3.0,3,3,[3],3.0,1,3,[3],0.0,0.0,0.0,0,0.0
3801,Isa_ISCWN02_18012023_77_31.jpg,92466061,1.0,1.0,1,1,[1],1.0,1,1,[1],0.0,0.0,0.0,0,0.0
3802,Isa_ISCWN02_18012023_103_23.jpg,92466062,2.0,2.0,2,2,[2],2.0,1,2,[2],0.0,0.0,0.0,0,0.0
3803,Isa_ISCWN02_18012023_51_21.jpg,92466065,1.0,1.0,1,1,[1],1.0,1,1,[1],0.0,0.0,0.0,0,0.0
3804,Isa_ISCWN02_18012023_108_16.jpg,92466068,1.0,1.0,1,1,[1],1.0,1,1,[1],0.0,0.0,0.0,0,0.0
3805,Isa_ISCWN02_18012023_72_29.jpg,92466071,1.0,1.0,1,1,[1],1.0,2,2,"[1, 1]",0.0,0.0,0.0,0,0.0
3806,Isa_ISCWN02_18012023_131_6.jpg,92466074,1.0,1.0,1,1,[1],1.0,1,1,[1],0.0,0.0,0.0,0,0.0
3807,Isa_ISCWN02_18012023_90_47.jpg,92466075,1.0,1.0,1,1,[1],1.0,5,5,"[1, 1, 1, 1, 1]",1.0,0.0,5.0,0,0.0
3808,Isa_ISCWN02_18012023_127_22.jpg,92466077,1.0,1.4,1,1,[1],1.0,15,21,"[1, 1, 1, 1, 1, 1, 1, 1, 1, 1, 1, 1, 2, 2, 5]",1.0,0.0,5.0,0,14.0
3809,Isa_ISCWN02_18012023_65_19.jpg,92466078,3.0,2.69,2,3,"[2, 3]",2.5,16,43,"[2, 2, 2, 2, 2, 2, 2, 3, 3, 3, 3, 3, 3, 3, 4, 4]",3.0,0.0,5.0,0,0.0
3810,Isa_ISCWN02_18012023_43_21.jpg,92466081,3.5,3.5,2,5,"[2, 5]",3.5,2,7,"[2, 5]",1.0,0.0,5.0,0,2.0
3811,Isa_ISCWN02_18012023_133_5.jpg,92466083,1.0,1.0,1,1,[1],1.0,1,1,[1],0.0,0.0,0.0,0,0.0
3812,Isa_ISCWN02_18012023_130_13.jpg,92466084,2.0,2.41,2,3,"[2, 3]",2.5,17,41,"[1, 2, 2, 2, 2, 2, 2, 2, 2, 3, 3, 3, 3, 3, 3, 3, 3]",3.0,0.0,5.0,0,2.0
3813,Isa_ISCWN02_18012023_90_46.jpg,92466089,1.0,1.0,1,1,[1],1.0,1,1,[1],0.0,0.0,0.0,0,0.0
3814,Isa_ISCWN02_18012023_101_27.jpg,92466090,1.0,1.0,1,1,[1],1.0,1,1,[1],0.0,0.0,0.0,0,0.0
3815,Isa_ISCWN02_18012023_72_28.jpg,92466091,4.0,4.0,4,4,[4],4.0,1,4,[4],0.0,0.0,0.0,0,0.0
3816,Isa_ISCWN02_18012023_108_17.jpg,92466092,4.0,4.0,4,4,[4],4.0,1,4,[4],0.0,0.0,0.0,0,0.0
3817,Isa_ISCWN02_18012023_27_29.jpg,92466095,1.0,1.0,1,1,[1],1.0,1,1,[1],0.0,0.0,0.0,0,0.0
3818,Isa_ISCWN02_18012023_51_20.jpg,92466096,1.0,1.0,1,1,[1],1.0,1,1,[1],0.0,0.0,0.0,0,0.0
3819,Isa_ISCWN02_18012023_4_68.jpg,92466097,1.0,1.0,1,1,[1],1.0,3,3,"[1, 1, 1]",0.0,0.0,0.0,0,0.0
3820,Isa_ISCWN02_18012023_103_22.jpg,92466101,1.0,1.0,1,1,[1],1.0,1,1,[1],0.0,0.0,0.0,0,0.0
3821,Isa_ISCWN02_18012023_67_21.jpg,92466107,1.0,1.0,1,1,[1],1.0,1,1,[1],0.0,0.0,0.0,0,0.0
3822,Isa_ISCWN02_18012023_128_6.jpg,92466108,1.0,2.0,1,1,[1],1.0,5,10,"[1, 1, 1, 2, 5]",1.0,0.0,5.0,0,5.0
3823,Isa_ISCWN02_18012023_21_45.jpg,92466110,1.5,1.5,1,2,"[1, 2]",1.5,2,3,"[1, 2]",0.0,0.0,0.0,0,0.0
3824,Isa_ISCWN02_18012023_114_23.jpg,92466113,1.0,1.0,1,1,[1],1.0,20,20,"[1, 1, 1, 1, 1, 1, 1, 1, 1, 1, 1, 1, 1, 1, 1, 1, 1, 1, 1, 1]",1.0,0.0,5.0,0,2.0
3825,Isa_ISCWN02_18012023_85_42.jpg,92466114,1.0,1.0,1,1,[1],1.0,1,1,[1],0.0,0.0,0.0,0,0.0
3826,Isa_ISCWN02_18012023_25_35.jpg,92466116,3.0,3.0,3,3,[3],3.0,1,3,[3],0.0,0.0,0.0,0,0.0
3827,Isa_ISCWN02_18012023_77_29.jpg,92466119,2.0,2.0,2,2,[2],2.0,1,2,[2],0.0,0.0,0.0,0,0.0
3828,Isa_ISCWN02_18012023_70_20.jpg,92466120,4.0,3.67,2,5,"[2, 4, 5]",3.6666666666666665,3,11,"[2, 4, 5]",1.0,0.0,5.0,0,6.0
3829,Isa_ISCWN02_18012023_58_21.jpg,92466124,8.0,8.0,8,8,[8],8.0,1,8,[8],1.0,0.0,5.0,0,3.0
3830,Isa_ISCWN02_18012023_10_59.jpg,92466126,1.0,1.0,1,1,[1],1.0,1,1,[1],0.0,0.0,0.0,0,0.0
3831,Isa_ISCWN02_18012023_27_30.jpg,92466128,1.0,1.0,1,1,[1],1.0,6,6,"[1, 1, 1, 1, 1, 1]",1.0,0.0,5.0,0,1.0
3832,Isa_ISCWN02_18012023_54_21.jpg,92466137,1.0,1.0,1,1,[1],1.0,1,1,[1],0.0,0.0,0.0,0,0.0
3833,Isa_ISCWN02_18012023_129_17.jpg,92466138,3.0,3.0,3,3,[3],3.0,1,3,[3],0.0,0.0,0.0,0,0.0
3834,Isa_ISCWN02_18012023_118_23.jpg,92466140,2.0,2.0,2,2,[2],2.0,1,2,[2],0.0,0.0,0.0,0,0.0
3835,Isa_ISCWN02_18012023_116_26.jpg,92466145,2.0,2.0,1,3,"[1, 3]",2.0,2,4,"[1, 3]",0.0,0.0,0.0,0,0.0
3836,Isa_ISCWN02_18012023_89_42.jpg,92466149,1.0,1.0,1,1,[1],1.0,1,1,[1],0.0,0.0,0.0,0,0.0
3837,Isa_ISCWN02_18012023_44_25.jpg,92466151,3.0,3.0,2,4,"[2, 4]",3.0,2,6,"[2, 4]",1.0,0.0,5.0,0,1.0
3838,Isa_ISCWN02_18012023_87_46.jpg,92466152,2.0,2.0,2,2,[2],2.0,1,2,[2],0.0,0.0,0.0,0,0.0
3839,Isa_ISCWN02_18012023_62_21.jpg,92466153,1.0,1.0,1,1,[1],1.0,1,1,[1],0.0,0.0,0.0,0,0.0
3840,Isa_ISCWN02_18012023_23_41.jpg,92466154,2.0,2.2,1,1,[1],1.0,5,11,"[1, 1, 2, 3, 4]",1.0,0.0,5.0,0,6.0
3841,Isa_ISCWN02_18012023_118_22.jpg,92466155,4.0,4.0,4,4,[4],4.0,1,4,[4],0.0,0.0,0.0,0,0.0
3842,Isa_ISCWN02_18012023_99_46.jpg,92466161,1.0,1.0,1,1,[1],1.0,1,1,[1],0.0,0.0,0.0,0,0.0
3843,Isa_ISCWN02_18012023_97_43.jpg,92466162,1.0,1.0,1,1,[1],1.0,1,1,[1],0.0,0.0,0.0,0,0.0
3844,Isa_ISCWN02_18012023_8_64.jpg,92466163,1.0,1.25,1,1,[1],1.0,4,5,"[1, 1, 1, 2]",1.0,0.0,5.0,0,0.0
3845,Isa_ISCWN02_18012023_12_49.jpg,92466164,1.0,1.0,1,1,[1],1.0,1,1,[1],0.0,0.0,0.0,0,0.0
3846,Isa_ISCWN02_18012023_72_24.jpg,92466166,2.0,2.0,2,2,[2],2.0,1,2,[2],0.0,0.0,0.0,0,0.0
3847,Isa_ISCWN02_18012023_106_22.jpg,92466167,1.0,1.33,1,1,[1],1.0,3,4,"[1, 1, 2]",0.0,0.0,0.0,0,0.0
3848,Isa_ISCWN02_18012023_10_58.jpg,92466173,4.0,4.0,4,4,[4],4.0,1,4,[4],0.0,0.0,0.0,0,0.0
3849,Isa_ISCWN02_18012023_58_20.jpg,92466175,1.0,1.0,1,1,[1],1.0,1,1,[1],0.0,0.0,0.0,0,0.0
3850,Isa_ISCWN02_18012023_56_19.jpg,92466176,3.0,2.46,1,3,"[1, 3]",2.0,13,32,"[1, 1, 1, 1, 2, 2, 3, 3, 3, 3, 4, 4, 4]",4.0,0.0,5.0,0,3.0
3851,Isa_ISCWN02_18012023_17_45.jpg,92466177,1.0,1.0,1,1,[1],1.0,2,2,"[1, 1]",0.0,0.0,0.0,0,0.0
3852,Isa_ISCWN02_18012023_114_22.jpg,92466187,1.0,1.0,1,1,[1],1.0,2,2,"[1, 1]",0.0,0.0,0.0,0,0.0
3853,Isa_ISCWN02_18012023_108_19.jpg,92466208,16.0,14.94,10,19,"[10, 18, 19]",15.666666666666666,17,254,"[4, 7, 9, 10, 10, 13, 14, 15, 16, 17, 18, 18, 19, 19, 20, 21, 24]",20.0,0.0,5.0,0,26.0
3854,Isa_ISCWN02_18012023_72_26.jpg,92466210,13.0,13.0,13,13,[13],13.0,1,13,[13],1.0,0.0,5.0,0,8.0
3855,Isa_ISCWN02_18012023_99_44.jpg,92466216,1.0,1.0,1,1,[1],1.0,1,1,[1],0.0,0.0,0.0,0,0.0
3856,Isa_ISCWN02_18012023_87_44.jpg,92466223,1.0,1.0,1,1,[1],1.0,6,6,"[1, 1, 1, 1, 1, 1]",1.0,0.0,5.0,0,1.0
3857,Isa_ISCWN02_18012023_37_23.jpg,92466226,1.0,1.0,1,1,[1],1.0,1,1,[1],0.0,0.0,0.0,0,0.0
3858,Isa_ISCWN02_18012023_65_17.jpg,92466228,1.0,1.0,1,1,[1],1.0,1,1,[1],0.0,0.0,0.0,0,0.0
3859,Isa_ISCWN02_18012023_23_42.jpg,92466229,1.0,1.0,1,1,[1],1.0,2,2,"[1, 1]",0.0,0.0,0.0,0,0.0
3860,Isa_ISCWN02_18012023_6_62.jpg,92466233,3.0,3.0,3,3,[3],3.0,1,3,[3],0.0,0.0,0.0,0,0.0
3861,Isa_ISCWN02_18012023_108_18.jpg,92466238,1.0,1.0,1,1,[1],1.0,1,1,[1],0.0,0.0,0.0,0,0.0
3862,Isa_ISCWN02_18012023_108_24.jpg,92466241,2.0,2.33,2,2,[2],2.0,3,7,"[2, 2, 3]",1.0,0.0,5.0,0,2.0
3863,Isa_ISCWN02_18012023_104_24.jpg,92466247,1.0,1.0,1,1,[1],1.0,1,1,[1],0.0,0.0,0.0,0,0.0
3864,Isa_ISCWN02_18012023_104_30.jpg,92466248,1.0,1.0,1,1,[1],1.0,2,2,"[1, 1]",0.0,0.0,0.0,0,0.0
3865,Isa_ISCWN02_18012023_35_26.jpg,92466258,5.0,5.0,5,5,[5],5.0,1,5,[5],1.0,0.0,5.0,0,0.0
3866,Isa_ISCWN02_18012023_104_20.jpg,92466266,3.0,3.0,3,3,[3],3.0,1,3,[3],0.0,0.0,0.0,0,0.0
3867,Isa_ISCWN02_18012023_25_27.jpg,92466268,1.0,1.0,1,1,[1],1.0,1,1,[1],0.0,0.0,0.0,0,0.0
3868,Isa_ISCWN02_18012023_56_22.jpg,92466271,1.0,1.0,1,1,[1],1.0,1,1,[1],0.0,0.0,0.0,0,0.0
3869,Isa_ISCWN02_18012023_129_11.jpg,92466279,1.0,1.12,1,1,[1],1.0,16,18,"[1, 1, 1, 1, 1, 1, 1, 1, 1, 1, 1, 1, 1, 1, 2, 2]",1.0,0.0,5.0,0,11.0
3870,Isa_ISCWN02_18012023_99_41.jpg,92466281,1.0,1.0,1,1,[1],1.0,1,1,[1],0.0,0.0,0.0,0,0.0
3871,Isa_ISCWN02_18012023_97_44.jpg,92466282,1.0,1.0,1,1,[1],1.0,9,9,"[1, 1, 1, 1, 1, 1, 1, 1, 1]",1.0,0.0,5.0,0,4.0
3872,Isa_ISCWN02_18012023_118_24.jpg,92466292,1.0,1.0,1,1,[1],1.0,2,2,"[1, 1]",0.0,0.0,0.0,0,0.0
3873,Isa_ISCWN02_18012023_99_40.jpg,92466299,1.0,1.6,1,1,[1],1.0,5,8,"[1, 1, 1, 1, 4]",1.0,0.0,5.0,0,3.0
3874,Isa_ISCWN02_18012023_29_26.jpg,92466306,1.0,1.0,1,1,[1],1.0,1,1,[1],0.0,0.0,0.0,0,0.0
3875,Isa_ISCWN02_18012023_104_21.jpg,92466315,1.0,1.08,1,1,[1],1.0,13,14,"[1, 1, 1, 1, 1, 1, 1, 1, 1, 1, 1, 1, 2]",1.0,0.0,5.0,0,9.0
3876,Isa_ISCWN02_18012023_100_45.jpg,92466324,1.0,1.0,1,1,[1],1.0,1,1,[1],0.0,0.0,0.0,0,0.0
3877,Isa_ISCWN02_18012023_21_40.jpg,92466328,2.0,2.0,2,2,[2],2.0,1,2,[2],0.0,0.0,0.0,0,0.0
3878,Isa_ISCWN02_18012023_10_60.jpg,92466337,1.0,1.0,1,1,[1],1.0,1,1,[1],0.0,0.0,0.0,0,0.0
3879,Isa_ISCWN02_18012023_3_69.jpg,92466338,4.0,4.0,4,4,[4],4.0,1,4,[4],0.0,0.0,0.0,0,0.0
3880,Isa_ISCWN02_18012023_19_44.jpg,92466339,1.0,1.0,1,1,[1],1.0,7,7,"[1, 1, 1, 1, 1, 1, 1]",1.0,0.0,5.0,0,2.0
3881,Isa_ISCWN02_18012023_10_48.jpg,92466340,2.0,2.0,2,2,[2],2.0,1,2,[2],0.0,0.0,0.0,0,0.0
3882,Isa_ISCWN02_18012023_75_29.jpg,92466342,2.0,2.4,2,2,[2],2.0,5,12,"[1, 2, 2, 3, 4]",1.0,0.0,5.0,0,7.0
3883,Isa_ISCWN02_18012023_72_20.jpg,92466343,1.0,1.0,1,1,[1],1.0,3,3,"[1, 1, 1]",0.0,0.0,0.0,0,0.0
3884,Isa_ISCWN02_18012023_29_30.jpg,92466344,1.0,1.0,1,1,[1],1.0,1,1,[1],0.0,0.0,0.0,0,0.0
3885,Isa_ISCWN02_18012023_89_47.jpg,92466362,1.0,1.0,1,1,[1],1.0,2,2,"[1, 1]",0.0,0.0,0.0,0,0.0
3886,Isa_ISCWN02_18012023_87_43.jpg,92466364,1.0,1.0,1,1,[1],1.0,1,1,[1],0.0,0.0,0.0,0,0.0
3887,Isa_ISCWN02_18012023_23_44.jpg,92466366,3.0,3.0,3,3,[3],3.0,1,3,[3],0.0,0.0,0.0,0,0.0
3888,Isa_ISCWN02_18012023_111_17.jpg,92466368,1.0,2.86,1,1,[1],1.0,7,20,"[1, 1, 1, 1, 1, 3, 12]",1.0,0.0,5.0,0,15.0
3889,Isa_ISCWN02_18012023_102_43.jpg,92466372,1.0,1.0,1,1,[1],1.0,1,1,[1],0.0,0.0,0.0,0,0.0
3890,Isa_ISCWN02_18012023_8_49.jpg,92466380,2.5,2.5,2,3,"[2, 3]",2.5,2,5,"[2, 3]",1.0,0.0,5.0,0,0.0
3891,Isa_ISCWN02_18012023_129_13.jpg,92466381,1.0,1.0,1,1,[1],1.0,1,1,[1],0.0,0.0,0.0,0,0.0
3892,Isa_ISCWN02_18012023_27_34.jpg,92466385,1.0,1.33,1,1,[1],1.0,3,4,"[1, 1, 2]",0.0,0.0,0.0,0,0.0
3893,Isa_ISCWN02_18012023_75_28.jpg,92466387,1.0,1.0,1,1,[1],1.0,1,1,[1],0.0,0.0,0.0,0,0.0
3894,Isa_ISCWN02_18012023_72_21.jpg,92466389,3.0,3.0,3,3,[3],3.0,1,3,[3],0.0,0.0,0.0,0,0.0
3895,Isa_ISCWN02_18012023_81_36.jpg,92466390,1.0,1.53,1,1,[1],1.0,19,29,"[1, 1, 1, 1, 1, 1, 1, 1, 1, 1, 1, 1, 1, 1, 1, 1, 1, 2, 10]",3.0,0.0,5.0,0,4.0
3896,Isa_ISCWN02_18012023_58_19.jpg,92466393,1.0,1.0,1,1,[1],1.0,4,4,"[1, 1, 1, 1]",0.0,0.0,0.0,0,0.0
3897,Isa_ISCWN02_18012023_25_31.jpg,92466398,1.0,1.0,1,1,[1],1.0,1,1,[1],0.0,0.0,0.0,0,0.0
3898,Isa_ISCWN02_18012023_21_41.jpg,92466402,1.0,1.0,1,1,[1],1.0,1,1,[1],0.0,0.0,0.0,0,0.0
3899,Isa_ISCWN02_18012023_100_21.jpg,92466406,2.0,2.0,2,2,[2],2.0,1,2,[2],0.0,0.0,0.0,0,0.0
3900,Isa_ISCWN02_18012023_107_28.jpg,92466408,2.5,2.5,1,4,"[1, 4]",2.5,2,5,"[1, 4]",1.0,0.0,5.0,0,0.0
3901,Isa_ISCWN02_18012023_63_17.jpg,92466414,2.0,2.0,2,2,[2],2.0,1,2,[2],0.0,0.0,0.0,0,0.0
3902,Isa_ISCWN02_18012023_76_36.jpg,92466429,1.0,1.0,1,1,[1],1.0,1,1,[1],0.0,0.0,0.0,0,0.0
3903,Isa_ISCWN02_18012023_93_44.jpg,92466435,3.0,3.0,3,3,[3],3.0,1,3,[3],0.0,0.0,0.0,0,0.0
3904,Isa_ISCWN02_18012023_11_53.jpg,92466436,1.0,1.0,1,1,[1],1.0,1,1,[1],0.0,0.0,0.0,0,0.0
3905,Isa_ISCWN02_18012023_78_32.jpg,92466445,2.0,2.0,2,2,[2],2.0,1,2,[2],0.0,0.0,0.0,0,0.0
3906,Isa_ISCWN02_18012023_40_22.jpg,92466448,1.0,1.0,1,1,[1],1.0,1,1,[1],0.0,0.0,0.0,0,0.0
3907,Isa_ISCWN02_18012023_52_22.jpg,92466458,1.0,1.0,1,1,[1],1.0,1,1,[1],0.0,0.0,0.0,0,0.0
3908,Isa_ISCWN02_18012023_74_32.jpg,92466461,1.5,1.5,1,2,"[1, 2]",1.5,2,3,"[1, 2]",0.0,0.0,0.0,0,0.0
3909,Isa_ISCWN02_18012023_107_29.jpg,92466464,1.0,1.0,1,1,[1],1.0,1,1,[1],0.0,0.0,0.0,0,0.0
3910,Isa_ISCWN02_18012023_107_17.jpg,92466468,1.0,1.0,1,1,[1],1.0,1,1,[1],0.0,0.0,0.0,0,0.0
3911,Isa_ISCWN02_18012023_28_29.jpg,92466471,2.0,2.38,1,2,"[1, 2]",1.5,8,19,"[1, 1, 1, 2, 2, 2, 5, 5]",1.0,0.0,5.0,0,14.0
3912,Isa_ISCWN02_18012023_66_18.jpg,92466479,1.0,1.0,1,1,[1],1.0,1,1,[1],0.0,0.0,0.0,0,0.0
3913,Isa_ISCWN02_18012023_112_22.jpg,92466482,1.0,1.0,1,1,[1],1.0,1,1,[1],0.0,0.0,0.0,0,0.0
3914,Isa_ISCWN02_18012023_125_6.jpg,92466484,1.0,1.0,1,1,[1],1.0,1,1,[1],0.0,0.0,0.0,0,0.0
3915,Isa_ISCWN02_18012023_76_35.jpg,92466490,2.0,2.0,2,2,[2],2.0,1,2,[2],0.0,0.0,0.0,0,0.0
3916,Isa_ISCWN02_18012023_102_33.jpg,92466491,2.5,2.5,2,3,"[2, 3]",2.5,2,5,"[2, 3]",1.0,0.0,5.0,0,0.0
3917,Isa_ISCWN02_18012023_71_28.jpg,92466493,1.0,1.0,1,1,[1],1.0,1,1,[1],0.0,0.0,0.0,0,0.0
3918,Isa_ISCWN02_18012023_50_25.jpg,92466497,1.0,1.0,1,1,[1],1.0,1,1,[1],0.0,0.0,0.0,0,0.0
3919,Isa_ISCWN02_18012023_11_50.jpg,92466501,3.0,3.0,3,3,[3],3.0,1,3,[3],0.0,0.0,0.0,0,0.0
3920,Isa_ISCWN02_18012023_102_32.jpg,92466507,1.0,1.0,1,1,[1],1.0,1,1,[1],0.0,0.0,0.0,0,0.0
3921,Isa_ISCWN02_18012023_40_21.jpg,92466512,3.0,3.0,3,3,[3],3.0,1,3,[3],0.0,0.0,0.0,0,0.0
3922,Isa_ISCWN02_18012023_68_20.jpg,92466514,1.0,1.0,1,1,[1],1.0,4,4,"[1, 1, 1, 1]",0.0,0.0,0.0,0,0.0
3923,Isa_ISCWN02_18012023_33_24.jpg,92466515,1.0,1.0,1,1,[1],1.0,15,15,"[1, 1, 1, 1, 1, 1, 1, 1, 1, 1, 1, 1, 1, 1, 1]",2.0,0.0,5.0,0,0.0
3924,Isa_ISCWN02_18012023_42_24.jpg,92466517,5.0,5.0,1,9,"[1, 9]",5.0,2,10,"[1, 9]",1.0,0.0,5.0,0,5.0
3925,Isa_ISCWN02_18012023_64_20.jpg,92466518,1.0,1.0,1,1,[1],1.0,2,2,"[1, 1]",0.0,0.0,0.0,0,0.0
3926,Isa_ISCWN02_18012023_28_28.jpg,92466524,2.0,2.33,1,1,[1],1.0,9,21,"[1, 1, 1, 2, 2, 3, 3, 4, 4]",2.0,0.0,5.0,0,6.0
3927,Isa_ISCWN02_18012023_74_25.jpg,92466525,1.0,1.0,1,1,[1],1.0,2,2,"[1, 1]",0.0,0.0,0.0,0,0.0
3928,Isa_ISCWN02_18012023_100_37.jpg,92466526,3.0,3.0,3,3,[3],3.0,1,3,[3],0.0,0.0,0.0,0,0.0
3929,Isa_ISCWN02_18012023_74_31.jpg,92466527,1.0,1.0,1,1,[1],1.0,1,1,[1],0.0,0.0,0.0,0,0.0
3930,Isa_ISCWN02_18012023_109_17.jpg,92466529,1.0,1.0,1,1,[1],1.0,1,1,[1],0.0,0.0,0.0,0,0.0
3931,Isa_ISCWN02_18012023_73_28.jpg,92466531,1.0,1.0,1,1,[1],1.0,1,1,[1],0.0,0.0,0.0,0,0.0
3932,Isa_ISCWN02_18012023_7_51.jpg,92466535,1.0,1.0,1,1,[1],1.0,1,1,[1],0.0,0.0,0.0,0,0.0
3933,Isa_ISCWN02_18012023_52_19.jpg,92466536,1.0,1.0,1,1,[1],1.0,1,1,[1],0.0,0.0,0.0,0,0.0
3934,Isa_ISCWN02_18012023_64_18.jpg,92466538,1.0,1.07,1,1,[1],1.0,14,15,"[1, 1, 1, 1, 1, 1, 1, 1, 1, 1, 1, 1, 1, 2]",1.0,0.0,5.0,0,10.0
3935,Isa_ISCWN02_18012023_131_13.jpg,92466540,1.0,1.0,1,1,[1],1.0,1,1,[1],0.0,0.0,0.0,0,0.0
3936,Isa_ISCWN02_18012023_68_18.jpg,92466543,3.0,3.22,2,2,[2],2.0,9,29,"[2, 2, 2, 2, 3, 4, 4, 4, 6]",3.0,0.0,5.0,0,6.0
3937,Isa_ISCWN02_18012023_78_35.jpg,92466550,1.0,1.0,1,1,[1],1.0,1,1,[1],0.0,0.0,0.0,0,0.0
3938,Isa_ISCWN02_18012023_5_68.jpg,92466552,6.0,6.0,1,11,"[1, 11]",6.0,2,12,"[1, 11]",1.0,0.0,5.0,0,7.0
3939,Isa_ISCWN02_18012023_16_48.jpg,92466555,1.0,1.0,1,1,[1],1.0,1,1,[1],0.0,0.0,0.0,0,0.0
3940,Isa_ISCWN02_18012023_50_21.jpg,92466557,1.0,1.0,1,1,[1],1.0,2,2,"[1, 1]",0.0,0.0,0.0,0,0.0
3941,Isa_ISCWN02_18012023_23_30.jpg,92466561,1.0,1.0,1,1,[1],1.0,2,2,"[1, 1]",0.0,0.0,0.0,0,0.0
3942,Isa_ISCWN02_18012023_102_37.jpg,92466562,3.0,3.0,3,3,[3],3.0,1,3,[3],0.0,0.0,0.0,0,0.0
3943,Isa_ISCWN02_18012023_99_37.jpg,92466564,2.0,2.0,2,2,[2],2.0,1,2,[2],0.0,0.0,0.0,0,0.0
3944,Isa_ISCWN02_18012023_68_19.jpg,92466566,16.0,18.89,1,16,"[1, 16]",8.5,9,170,"[1, 1, 2, 16, 16, 20, 30, 37, 47]",19.0,0.0,5.0,0,18.0
3945,Isa_ISCWN02_18012023_31_24.jpg,92466570,2.0,2.0,2,2,[2],2.0,1,2,[2],0.0,0.0,0.0,0,0.0
3946,Isa_ISCWN02_18012023_91_47.jpg,92466574,1.0,1.0,1,1,[1],1.0,1,1,[1],0.0,0.0,0.0,0,0.0
3947,Isa_ISCWN02_18012023_100_32.jpg,92466580,10.0,10.0,10,10,[10],10.0,1,10,[10],1.0,0.0,5.0,0,5.0
3948,Isa_ISCWN02_18012023_128_19.jpg,92466585,3.0,3.0,3,3,[3],3.0,1,3,[3],0.0,0.0,0.0,0,0.0
3949,Isa_ISCWN02_18012023_13_46.jpg,92466586,9.0,9.0,9,9,[9],9.0,1,9,[9],1.0,0.0,5.0,0,4.0
3950,Isa_ISCWN02_18012023_110_21.jpg,92466591,1.0,1.67,1,1,[1],1.0,3,5,"[1, 1, 3]",1.0,0.0,5.0,0,0.0
3951,Isa_ISCWN02_18012023_61_17.jpg,92466596,1.0,1.0,1,1,[1],1.0,2,2,"[1, 1]",0.0,0.0,0.0,0,0.0
3952,Isa_ISCWN02_18012023_112_18.jpg,92466597,3.0,3.0,2,4,"[2, 4]",3.0,2,6,"[2, 4]",1.0,0.0,5.0,0,1.0
3953,Isa_ISCWN02_18012023_105_28.jpg,92466600,1.0,1.0,1,1,[1],1.0,1,1,[1],0.0,0.0,0.0,0,0.0
3954,Isa_ISCWN02_18012023_76_33.jpg,92466601,1.0,1.0,1,1,[1],1.0,12,12,"[1, 1, 1, 1, 1, 1, 1, 1, 1, 1, 1, 1]",1.0,0.0,5.0,0,7.0
3955,Isa_ISCWN02_18012023_102_35.jpg,92466602,1.0,1.0,1,1,[1],1.0,1,1,[1],0.0,0.0,0.0,0,0.0
3956,Isa_ISCWN02_18012023_11_56.jpg,92466608,2.0,2.0,2,2,[2],2.0,1,2,[2],0.0,0.0,0.0,0,0.0
3957,Isa_ISCWN02_18012023_94_48.jpg,92466609,3.0,3.0,3,3,[3],3.0,1,3,[3],0.0,0.0,0.0,0,0.0
3958,Isa_ISCWN02_18012023_124_24.jpg,92466613,1.0,1.0,1,1,[1],1.0,1,1,[1],0.0,0.0,0.0,0,0.0
3959,Isa_ISCWN02_18012023_105_15.jpg,92466617,15.0,15.0,15,15,[15],15.0,1,15,[15],1.0,0.0,5.0,0,10.0
3960,Isa_ISCWN02_18012023_102_34.jpg,92466619,2.0,2.0,2,2,[2],2.0,1,2,[2],0.0,0.0,0.0,0,0.0
3961,Isa_ISCWN02_18012023_102_20.jpg,92466620,2.0,2.0,2,2,[2],2.0,1,2,[2],0.0,0.0,0.0,0,0.0
3962,Isa_ISCWN02_18012023_105_29.jpg,92466621,1.0,1.0,1,1,[1],1.0,1,1,[1],0.0,0.0,0.0,0,0.0
3963,Isa_ISCWN02_18012023_83_44.jpg,92466622,2.0,2.0,2,2,[2],2.0,1,2,[2],0.0,0.0,0.0,0,0.0
3964,Isa_ISCWN02_18012023_110_20.jpg,92466629,1.0,1.0,1,1,[1],1.0,2,2,"[1, 1]",0.0,0.0,0.0,0,0.0
3965,Isa_ISCWN02_18012023_7_53.jpg,92466630,1.0,1.0,1,1,[1],1.0,1,1,[1],0.0,0.0,0.0,0,0.0
3966,Isa_ISCWN02_18012023_91_44.jpg,92466631,1.0,1.0,1,1,[1],1.0,1,1,[1],0.0,0.0,0.0,0,0.0
3967,Isa_ISCWN02_18012023_82_38.jpg,92466632,2.0,2.0,2,2,[2],2.0,1,2,[2],0.0,0.0,0.0,0,0.0
3968,Isa_ISCWN02_18012023_128_18.jpg,92466634,1.0,1.0,1,1,[1],1.0,1,1,[1],0.0,0.0,0.0,0,0.0
3969,Isa_ISCWN02_18012023_126_21.jpg,92466635,1.0,1.0,1,1,[1],1.0,1,1,[1],0.0,0.0,0.0,0,0.0
3970,Isa_ISCWN02_18012023_100_31.jpg,92466638,2.0,2.0,2,2,[2],2.0,1,2,[2],0.0,0.0,0.0,0,0.0
3971,Isa_ISCAS02_08012023_80_68.jpg,92466656,1.0,1.0,1,1,[1],1.0,1,1,[1],0.0,0.0,0.0,0,0.0
3972,Isa_ISCAS03_08012023_16_10.jpg,92466662,4.0,4.0,4,4,[4],4.0,1,4,[4],0.0,0.0,0.0,0,0.0
3973,Isa_ISCAS03_08012023_39_30.jpg,92466665,1.5,1.5,1,2,"[1, 2]",1.5,2,3,"[1, 2]",0.0,0.0,0.0,0,0.0
3974,Isa_ISCAS01_08012023_62_16.jpg,92466667,2.0,2.0,1,3,"[1, 3]",2.0,2,4,"[1, 3]",0.0,0.0,0.0,0,0.0
3975,Isa_ISCAS02_08012023_58_13.jpg,92466668,1.0,1.0,1,1,[1],1.0,1,1,[1],0.0,0.0,0.0,0,0.0
3976,Isa_ISCAS03_08012023_16_11.jpg,92466677,1.0,1.0,1,1,[1],1.0,1,1,[1],0.0,0.0,0.0,0,0.0
3977,Isa_ISCAS03_08012023_18_14.jpg,92466680,1.0,1.0,1,1,[1],1.0,1,1,[1],0.0,0.0,0.0,0,0.0
3978,Isa_ISCAS03_08012023_35_25.jpg,92466681,2.0,2.0,2,2,[2],2.0,1,2,[2],0.0,0.0,0.0,0,0.0
3979,Isa_ISCAS03_08012023_51_38.jpg,92466686,1.0,1.0,1,1,[1],1.0,1,1,[1],0.0,0.0,0.0,0,0.0
3980,Isa_ISCAS03_08012023_32_12.jpg,92466691,1.0,1.0,1,1,[1],1.0,1,1,[1],0.0,0.0,0.0,0,0.0
3981,Isa_ISCAS03_08012023_14_8.jpg,92466693,18.0,18.0,18,18,[18],18.0,1,18,[18],1.0,0.0,5.0,0,13.0
3982,Isa_ISCAS01_08012023_8_29.jpg,92466695,1.0,1.0,1,1,[1],1.0,1,1,[1],0.0,0.0,0.0,0,0.0
3983,Isa_ISCAS02_08012023_60_14.jpg,92466697,1.0,1.0,1,1,[1],1.0,1,1,[1],0.0,0.0,0.0,0,0.0
3984,Isa_ISCAS01_08012023_43_30.jpg,92466703,1.0,1.0,1,1,[1],1.0,1,1,[1],0.0,0.0,0.0,0,0.0
3985,Isa_ISCAS03_08012023_20_13.jpg,92466705,2.0,2.0,1,3,"[1, 2, 3]",2.0,3,6,"[1, 2, 3]",1.0,0.0,5.0,0,1.0
3986,Isa_ISCAS03_08012023_37_23.jpg,92466711,1.0,1.0,1,1,[1],1.0,1,1,[1],0.0,0.0,0.0,0,0.0
3987,Isa_ISCAS01_08012023_8_28.jpg,92466712,1.0,1.0,1,1,[1],1.0,1,1,[1],0.0,0.0,0.0,0,0.0
3988,Isa_ISCAS03_08012023_16_12.jpg,92466713,1.0,1.0,1,1,[1],1.0,1,1,[1],0.0,0.0,0.0,0,0.0
3989,Isa_ISCAS02_08012023_11_15.jpg,92466719,1.0,1.0,1,1,[1],1.0,1,1,[1],0.0,0.0,0.0,0,0.0
3990,Isa_ISCAS03_08012023_18_13.jpg,92466727,1.0,1.0,1,1,[1],1.0,1,1,[1],0.0,0.0,0.0,0,0.0
3991,Isa_ISCAS01_08012023_30_24.jpg,92466730,1.0,1.0,1,1,[1],1.0,2,2,"[1, 1]",0.0,0.0,0.0,0,0.0
3992,Isa_ISCAS03_08012023_10_8.jpg,92466734,1.0,1.0,1,1,[1],1.0,1,1,[1],0.0,0.0,0.0,0,0.0
3993,Isa_ISCAS01_08012023_30_25.jpg,92466735,1.0,1.0,1,1,[1],1.0,1,1,[1],0.0,0.0,0.0,0,0.0
3994,Isa_ISCAS02_08012023_58_14.jpg,92466736,9.0,9.0,9,9,[9],9.0,1,9,[9],1.0,0.0,5.0,0,4.0
3995,Isa_ISCAS01_08012023_65_18.jpg,92466737,2.0,2.0,2,2,[2],2.0,1,2,[2],0.0,0.0,0.0,0,0.0
3996,Isa_ISCAS03_08012023_18_12.jpg,92466739,2.0,2.0,2,2,[2],2.0,1,2,[2],0.0,0.0,0.0,0,0.0
3997,Isa_ISCAS03_08012023_35_23.jpg,92466743,4.0,4.0,4,4,[4],4.0,1,4,[4],0.0,0.0,0.0,0,0.0
3998,Isa_ISCAS01_08012023_7_40.jpg,92466746,1.0,1.0,1,1,[1],1.0,2,2,"[1, 1]",0.0,0.0,0.0,0,0.0
3999,Isa_ISCAS02_08012023_48_13.jpg,92466749,1.5,1.5,1,2,"[1, 2]",1.5,2,3,"[1, 2]",0.0,0.0,0.0,0,0.0
4000,Isa_ISCAS02_08012023_35_13.jpg,92466756,4.0,4.0,4,4,[4],4.0,1,4,[4],0.0,0.0,0.0,0,0.0
4001,Isa_ISCAS03_08012023_49_49.jpg,92466759,2.0,2.0,2,2,[2],2.0,1,2,[2],0.0,0.0,0.0,0,0.0
4002,Isa_ISCAS03_08012023_20_14.jpg,92466760,1.0,1.0,1,1,[1],1.0,2,2,"[1, 1]",0.0,0.0,0.0,0,0.0
4003,Isa_ISCAS03_08012023_29_19.jpg,92466762,1.0,1.0,1,1,[1],1.0,1,1,[1],0.0,0.0,0.0,0,0.0
4004,Isa_ISCAS03_08012023_29_25.jpg,92466763,1.0,1.0,1,1,[1],1.0,2,2,"[1, 1]",0.0,0.0,0.0,0,0.0
4005,Isa_ISCAS02_08012023_44_5.jpg,92466769,2.0,2.0,2,2,[2],2.0,1,2,[2],0.0,0.0,0.0,0,0.0
4006,Isa_ISCAS03_08012023_16_14.jpg,92466771,2.0,2.0,2,2,[2],2.0,1,2,[2],0.0,0.0,0.0,0,0.0
4007,Isa_ISCAS02_08012023_48_12.jpg,92466774,4.0,4.0,4,4,[4],4.0,1,4,[4],0.0,0.0,0.0,0,0.0
4008,Isa_ISCAS02_08012023_81_63.jpg,92466789,21.0,21.0,21,21,[21],21.0,1,21,[21],1.0,0.0,5.0,0,16.0
4009,Isa_ISCAS03_08012023_12_16.jpg,92466792,1.0,1.0,1,1,[1],1.0,1,1,[1],0.0,0.0,0.0,0,0.0
4010,Isa_ISCAS03_08012023_40_22.jpg,92466793,17.0,17.0,17,17,[17],17.0,1,17,[17],2.0,0.0,5.0,0,1.0
4011,Isa_ISCAS03_08012023_15_9.jpg,92466794,2.0,2.0,2,2,[2],2.0,1,2,[2],0.0,0.0,0.0,0,0.0
4012,Isa_ISCAS02_08012023_8_11.jpg,92466796,1.0,1.0,1,1,[1],1.0,1,1,[1],0.0,0.0,0.0,0,0.0
4013,Isa_ISCAS01_08012023_68_15.jpg,92466797,4.5,4.5,1,8,"[1, 8]",4.5,2,9,"[1, 8]",1.0,0.0,5.0,0,4.0
4014,Isa_ISCAS02_08012023_45_3.jpg,92466798,1.0,1.0,1,1,[1],1.0,1,1,[1],0.0,0.0,0.0,0,0.0
4015,Isa_ISCAS02_08012023_23_10.jpg,92466799,2.0,2.0,1,3,"[1, 3]",2.0,2,4,"[1, 3]",0.0,0.0,0.0,0,0.0
4016,Isa_ISCAS02_08012023_3_30.jpg,92466800,7.0,7.0,7,7,[7],7.0,1,7,[7],1.0,0.0,5.0,0,2.0
4017,Isa_ISCAS01_08012023_64_15.jpg,92466802,2.5,2.5,2,3,"[2, 3]",2.5,2,5,"[2, 3]",1.0,0.0,5.0,0,0.0
4018,Isa_ISCAS03_08012023_70_40.jpg,92466809,1.0,1.0,1,1,[1],1.0,1,1,[1],0.0,0.0,0.0,0,0.0
4019,Isa_ISCAS03_08012023_77_49.jpg,92466811,7.0,7.0,7,7,[7],7.0,1,7,[7],1.0,0.0,5.0,0,2.0
4020,Isa_ISCAS02_08012023_23_12.jpg,92466813,2.0,2.0,2,2,[2],2.0,1,2,[2],0.0,0.0,0.0,0,0.0
4021,Isa_ISCAS01_08012023_10_27.jpg,92466814,14.0,14.0,14,14,[14],14.0,1,14,[14],1.0,0.0,5.0,0,9.0
4022,Isa_ISCAS01_08012023_82_2.jpg,92466816,1.0,1.0,1,1,[1],1.0,1,1,[1],0.0,0.0,0.0,0,0.0
4023,Isa_ISCAS03_08012023_12_14.jpg,92466820,1.5,1.5,1,2,"[1, 2]",1.5,4,6,"[1, 1, 2, 2]",1.0,0.0,5.0,0,1.0
4024,Isa_ISCAS02_08012023_17_16.jpg,92466821,7.0,7.0,7,7,[7],7.0,1,7,[7],1.0,0.0,5.0,0,2.0
4025,Isa_ISCAS03_08012023_33_25.jpg,92466822,1.0,1.0,1,1,[1],1.0,1,1,[1],0.0,0.0,0.0,0,0.0
4026,Isa_ISCAS03_08012023_33_18.jpg,92466824,2.0,2.0,2,2,[2],2.0,1,2,[2],0.0,0.0,0.0,0,0.0
4027,Isa_ISCAS02_08012023_79_57.jpg,92466825,1.0,1.0,1,1,[1],1.0,1,1,[1],0.0,0.0,0.0,0,0.0
4028,Isa_ISCAS03_08012023_49_39.jpg,92466830,1.0,1.0,1,1,[1],1.0,1,1,[1],0.0,0.0,0.0,0,0.0
4029,Isa_ISCAS01_08012023_68_16.jpg,92466833,1.0,1.0,1,1,[1],1.0,1,1,[1],0.0,0.0,0.0,0,0.0
4030,Isa_ISCAS03_08012023_77_48.jpg,92466836,2.0,2.0,1,3,"[1, 3]",2.0,2,4,"[1, 3]",0.0,0.0,0.0,0,0.0
4031,Isa_ISCAS03_08012023_10_10.jpg,92466839,1.0,1.0,1,1,[1],1.0,1,1,[1],0.0,0.0,0.0,0,0.0
4032,Isa_ISCAS01_08012023_7_32.jpg,92466840,1.0,1.0,1,1,[1],1.0,1,1,[1],0.0,0.0,0.0,0,0.0
4033,Isa_ISCAS01_08012023_9_27.jpg,92466842,2.0,2.0,2,2,[2],2.0,1,2,[2],0.0,0.0,0.0,0,0.0
4034,Isa_ISCAS03_08012023_31_19.jpg,92466844,1.0,1.0,1,1,[1],1.0,1,1,[1],0.0,0.0,0.0,0,0.0
4035,Isa_ISCAS03_08012023_70_45.jpg,92466846,1.0,1.0,1,1,[1],1.0,1,1,[1],0.0,0.0,0.0,0,0.0
4036,Isa_ISCAS02_08012023_50_8.jpg,92466852,5.0,5.0,5,5,[5],5.0,1,5,[5],1.0,0.0,5.0,0,0.0
4037,Isa_ISCAS02_08012023_81_71.jpg,92466855,5.0,5.0,5,5,[5],5.0,1,5,[5],1.0,0.0,5.0,0,0.0
4038,Isa_ISCAS03_08012023_33_21.jpg,92466857,1.0,1.0,1,1,[1],1.0,1,1,[1],0.0,0.0,0.0,0,0.0
4039,Isa_ISCAS02_08012023_17_12.jpg,92466859,3.0,3.0,3,3,[3],3.0,2,6,"[3, 3]",1.0,0.0,5.0,0,1.0
4040,Isa_ISCAS03_08012023_12_10.jpg,92466861,1.5,1.5,1,2,"[1, 2]",1.5,2,3,"[1, 2]",0.0,0.0,0.0,0,0.0
4041,Isa_ISCAS03_08012023_31_24.jpg,92466867,1.0,1.0,1,1,[1],1.0,1,1,[1],0.0,0.0,0.0,0,0.0
4042,Isa_ISCAS03_08012023_38_28.jpg,92466868,1.0,1.0,1,1,[1],1.0,1,1,[1],0.0,0.0,0.0,0,0.0
4043,Isa_ISCAS03_08012023_31_18.jpg,92466869,3.0,3.0,3,3,[3],3.0,1,3,[3],0.0,0.0,0.0,0,0.0
4044,Isa_ISCAS03_08012023_70_44.jpg,92466870,1.0,1.0,1,1,[1],1.0,1,1,[1],0.0,0.0,0.0,0,0.0
4045,Isa_ISCAS03_08012023_42_21.jpg,92466871,1.5,1.5,1,2,"[1, 2]",1.5,2,3,"[1, 2]",0.0,0.0,0.0,0,0.0
4046,Isa_ISCAS03_08012023_42_23.jpg,92466874,1.0,1.0,1,1,[1],1.0,1,1,[1],0.0,0.0,0.0,0,0.0
4047,Isa_ISCAS03_08012023_11_9.jpg,92466877,25.0,25.0,25,25,[25],25.0,1,25,[25],1.0,0.0,5.0,0,19.0
4048,Isa_ISCAS03_08012023_70_46.jpg,92466878,1.0,1.0,1,1,[1],1.0,1,1,[1],0.0,0.0,0.0,0,0.0
4049,Isa_ISCAS03_08012023_48_42.jpg,92466882,1.0,1.0,1,1,[1],1.0,1,1,[1],0.0,0.0,0.0,0,0.0
4050,Isa_ISCAS02_08012023_17_11.jpg,92466892,7.0,7.0,7,7,[7],7.0,1,7,[7],1.0,0.0,5.0,0,2.0
4051,Isa_ISCAS01_08012023_47_24.jpg,92466894,1.5,1.5,1,2,"[1, 2]",1.5,4,6,"[1, 1, 2, 2]",1.0,0.0,5.0,0,1.0
4052,Isa_ISCAS02_08012023_6_11.jpg,92466895,1.0,1.0,1,1,[1],1.0,1,1,[1],0.0,0.0,0.0,0,0.0
4053,Isa_ISCAS02_08012023_21_10.jpg,92466896,7.0,7.0,2,12,"[2, 12]",7.0,2,14,"[2, 12]",1.0,0.0,5.0,0,8.0
4054,Isa_ISCAS03_08012023_42_22.jpg,92466907,1.0,1.0,1,1,[1],1.0,1,1,[1],0.0,0.0,0.0,0,0.0
4055,Isa_ISCAS02_08012023_34_14.jpg,92466912,1.0,1.0,1,1,[1],1.0,2,2,"[1, 1]",0.0,0.0,0.0,0,0.0
4056,Isa_ISCAS01_08012023_63_14.jpg,92466915,1.0,1.0,1,1,[1],1.0,1,1,[1],0.0,0.0,0.0,0,0.0
4057,Isa_ISCAS02_08012023_57_14.jpg,92466916,1.0,1.0,1,1,[1],1.0,1,1,[1],0.0,0.0,0.0,0,0.0
4058,Isa_ISCAS03_08012023_21_13.jpg,92466918,3.0,3.0,3,3,[3],3.0,1,3,[3],0.0,0.0,0.0,0,0.0
4059,Isa_ISCAS01_08012023_42_31.jpg,92466921,3.0,3.0,3,3,[3],3.0,1,3,[3],0.0,0.0,0.0,0,0.0
4060,Isa_ISCAS01_08012023_66_18.jpg,92466922,3.0,3.0,3,3,[3],3.0,1,3,[3],0.0,0.0,0.0,0,0.0
4061,Isa_ISCAS02_08012023_10_15.jpg,92466925,1.0,1.0,1,1,[1],1.0,2,2,"[1, 1]",0.0,0.0,0.0,0,0.0
4062,Isa_ISCAS02_08012023_79_74.jpg,92466926,1.0,1.0,1,1,[1],1.0,1,1,[1],0.0,0.0,0.0,0,0.0
4063,Isa_ISCAS03_08012023_34_26.jpg,92466927,2.0,2.0,2,2,[2],2.0,1,2,[2],0.0,0.0,0.0,0,0.0
4064,Isa_ISCAS02_08012023_81_57.jpg,92466929,6.0,6.0,6,6,[6],6.0,1,6,[6],1.0,0.0,5.0,0,1.0
4065,Isa_ISCAS02_08012023_24_10.jpg,92466936,1.0,1.0,1,1,[1],1.0,1,1,[1],0.0,0.0,0.0,0,0.0
4066,Isa_ISCAS03_08012023_38_33.jpg,92466940,2.0,2.0,2,2,[2],2.0,1,2,[2],0.0,0.0,0.0,0,0.0
4067,Isa_ISCAS03_08012023_51_46.jpg,92466943,1.0,1.0,1,1,[1],1.0,1,1,[1],0.0,0.0,0.0,0,0.0
4068,Isa_ISCAS03_08012023_17_11.jpg,92466947,1.0,1.0,1,1,[1],1.0,12,12,"[1, 1, 1, 1, 1, 1, 1, 1, 1, 1, 1, 1]",1.0,0.0,5.0,0,6.0
4069,Isa_ISCAS02_08012023_24_9.jpg,92466951,1.0,1.0,1,1,[1],1.0,1,1,[1],0.0,0.0,0.0,0,0.0
4070,Isa_ISCAS01_08012023_63_17.jpg,92466954,1.0,1.0,1,1,[1],1.0,1,1,[1],0.0,0.0,0.0,0,0.0
4071,Isa_ISCAS03_08012023_34_24.jpg,92466961,1.0,1.0,1,1,[1],1.0,1,1,[1],0.0,0.0,0.0,0,0.0
4072,Isa_ISCAS02_08012023_79_76.jpg,92466963,1.0,1.0,1,1,[1],1.0,1,1,[1],0.0,0.0,0.0,0,0.0
4073,Isa_ISCAS03_08012023_50_39.jpg,92466968,1.0,1.0,1,1,[1],1.0,2,2,"[1, 1]",0.0,0.0,0.0,0,0.0
4074,Isa_ISCAS02_08012023_3_12.jpg,92466970,1.0,1.0,1,1,[1],1.0,1,1,[1],0.0,0.0,0.0,0,0.0
4075,Isa_ISCAS01_08012023_63_16.jpg,92466972,1.0,1.0,1,1,[1],1.0,1,1,[1],0.0,0.0,0.0,0,0.0
4076,Isa_ISCAS03_08012023_31_14.jpg,92466973,19.0,19.0,19,19,[19],19.0,1,19,[19],1.0,0.0,5.0,0,13.0
4077,Isa_ISCAS03_08012023_11_7.jpg,92466977,2.0,2.0,2,2,[2],2.0,1,2,[2],0.0,0.0,0.0,0,0.0
4078,Isa_ISCAS02_08012023_57_12.jpg,92466987,2.0,2.0,1,3,"[1, 3]",2.0,2,4,"[1, 3]",0.0,0.0,0.0,0,0.0
4079,Isa_ISCAS03_08012023_15_10.jpg,92466996,1.0,1.0,1,1,[1],1.0,1,1,[1],0.0,0.0,0.0,0,0.0
4080,Isa_ISCAS03_08012023_38_21.jpg,92467003,2.0,2.0,1,3,"[1, 3]",2.0,2,4,"[1, 3]",0.0,0.0,0.0,0,0.0
4081,Isa_ISCAS03_08012023_36_24.jpg,92467004,3.0,3.0,3,3,[3],3.0,1,3,[3],0.0,0.0,0.0,0,0.0
4082,Isa_ISCAS02_08012023_49_13.jpg,92467006,1.0,1.0,1,1,[1],1.0,1,1,[1],0.0,0.0,0.0,0,0.0
4083,Isa_ISCAS03_08012023_19_10.jpg,92467007,1.0,1.0,1,1,[1],1.0,1,1,[1],0.0,0.0,0.0,0,0.0
4084,Isa_ISCAS03_08012023_19_12.jpg,92467008,1.0,1.0,1,1,[1],1.0,1,1,[1],0.0,0.0,0.0,0,0.0
4085,Isa_ISCAS02_08012023_12_15.jpg,92467009,2.0,2.0,2,2,[2],2.0,1,2,[2],0.0,0.0,0.0,0,0.0
4086,Isa_ISCAS03_08012023_38_23.jpg,92467014,1.0,1.0,1,1,[1],1.0,1,1,[1],0.0,0.0,0.0,0,0.0
4087,Isa_ISCAS02_08012023_38_11.jpg,92467026,96.0,96.0,96,96,[96],96.0,1,96,[96],1.0,0.0,5.0,0,26.0
4088,Isa_ISCAS02_08012023_22_8.jpg,92467030,11.0,11.0,11,11,[11],11.0,1,11,[11],1.0,0.0,5.0,0,6.0
4089,Isa_ISCAS02_08012023_79_58.jpg,92467031,3.0,3.0,3,3,[3],3.0,1,3,[3],0.0,0.0,0.0,0,0.0
4090,Isa_ISCAS02_08012023_10_11.jpg,92467033,19.0,19.0,19,19,[19],19.0,1,19,[19],2.0,0.0,5.0,0,0.0
4091,Isa_ISCAS01_08012023_31_24.jpg,92467040,3.0,3.0,3,3,[3],3.0,1,3,[3],0.0,0.0,0.0,0,0.0
4092,Isa_ISCAS03_08012023_38_22.jpg,92467042,1.0,1.33,1,1,[1],1.0,3,4,"[1, 1, 2]",0.0,0.0,0.0,0,0.0
4093,Isa_ISCAS02_08012023_12_14.jpg,92467048,5.0,5.0,5,5,[5],5.0,1,5,[5],1.0,0.0,5.0,0,0.0
4094,Isa_ISCAS03_08012023_19_13.jpg,92467050,8.0,8.0,8,8,[8],8.0,1,8,[8],1.0,0.0,5.0,0,3.0
4095,Isa_ISCAS02_08012023_9_12.jpg,92467054,2.0,2.0,2,2,[2],2.0,1,2,[2],0.0,0.0,0.0,0,0.0
4096,Isa_ISCAS01_08012023_27_33.jpg,92467064,1.0,1.0,1,1,[1],1.0,1,1,[1],0.0,0.0,0.0,0,0.0
4097,Isa_ISCAS02_08012023_82_58.jpg,92467065,2.5,2.5,2,3,"[2, 3]",2.5,2,5,"[2, 3]",1.0,0.0,5.0,0,0.0
4098,Isa_ISCAS01_08012023_65_16.jpg,92467067,1.0,1.0,1,1,[1],1.0,1,1,[1],0.0,0.0,0.0,0,0.0
4099,Isa_ISCAS01_08012023_44_27.jpg,92467070,1.0,1.0,1,1,[1],1.0,1,1,[1],0.0,0.0,0.0,0,0.0
4100,Isa_ISCAS02_08012023_82_59.jpg,92467076,6.0,6.0,1,11,"[1, 6, 11]",6.0,3,18,"[1, 6, 11]",1.0,0.0,5.0,0,13.0
4101,Isa_ISCAS03_08012023_11_11.jpg,92467078,1.5,1.5,1,2,"[1, 2]",1.5,2,3,"[1, 2]",0.0,0.0,0.0,0,0.0
4102,Isa_ISCAS03_08012023_32_25.jpg,92467079,1.0,1.0,1,1,[1],1.0,1,1,[1],0.0,0.0,0.0,0,0.0
4103,Isa_ISCAS01_08012023_41_28.jpg,92467090,1.0,1.0,1,1,[1],1.0,1,1,[1],0.0,0.0,0.0,0,0.0
4104,Isa_ISCAS03_08012023_41_22.jpg,92467091,3.0,3.0,3,3,[3],3.0,1,3,[3],0.0,0.0,0.0,0,0.0
4105,Isa_ISCAS03_08012023_13_16.jpg,92467092,2.0,2.0,2,2,[2],2.0,1,2,[2],0.0,0.0,0.0,0,0.0
4106,Isa_ISCAS01_08012023_65_15.jpg,92467098,2.5,2.5,2,3,"[2, 3]",2.5,2,5,"[2, 3]",1.0,0.0,5.0,0,0.0
4107,Isa_ISCAS02_08012023_22_10.jpg,92467099,2.0,2.0,2,2,[2],2.0,1,2,[2],0.0,0.0,0.0,0,0.0
4108,Isa_ISCAS01_08012023_48_25.jpg,92467115,2.0,2.0,2,2,[2],2.0,1,2,[2],0.0,0.0,0.0,0,0.0
4109,Isa_ISCAS01_08012023_35_25.jpg,92467117,1.0,1.0,1,1,[1],1.0,1,1,[1],0.0,0.0,0.0,0,0.0
4110,Isa_ISCAS01_08012023_67_15.jpg,92467118,1.0,1.0,1,1,[1],1.0,1,1,[1],0.0,0.0,0.0,0,0.0
4111,Isa_ISCAS03_08012023_18_9.jpg,92467119,1.0,1.0,1,1,[1],1.0,1,1,[1],0.0,0.0,0.0,0,0.0
4112,Isa_ISCAS02_08012023_80_67.jpg,92467123,1.0,1.0,1,1,[1],1.0,1,1,[1],0.0,0.0,0.0,0,0.0
4113,Isa_ISCAS02_08012023_82_62.jpg,92467127,9.0,9.0,9,9,[9],9.0,1,9,[9],1.0,0.0,5.0,0,4.0
4114,Isa_ISCAS03_08012023_49_43.jpg,92467129,1.0,1.0,1,1,[1],1.0,1,1,[1],0.0,0.0,0.0,0,0.0
4115,Isa_ISCAS02_08012023_22_15.jpg,92467132,1.0,1.0,1,1,[1],1.0,2,2,"[1, 1]",0.0,0.0,0.0,0,0.0
4116,Isa_ISCAS02_08012023_5_29.jpg,92467134,1.0,1.0,1,1,[1],1.0,1,1,[1],0.0,0.0,0.0,0,0.0
4117,Isa_ISCAS03_08012023_49_42.jpg,92467138,1.0,1.0,1,1,[1],1.0,1,1,[1],0.0,0.0,0.0,0,0.0
4118,Isa_ISCAS01_08012023_58_19.jpg,92467142,3.0,3.0,3,3,[3],3.0,1,3,[3],0.0,0.0,0.0,0,0.0
4119,Isa_ISCAS03_08012023_13_12.jpg,92467144,1.0,1.0,1,1,[1],1.0,2,2,"[1, 1]",0.0,0.0,0.0,0,0.0
4120,Isa_ISCAS02_08012023_9_15.jpg,92467147,2.0,2.0,2,2,[2],2.0,1,2,[2],0.0,0.0,0.0,0,0.0
4121,Isa_ISCAS02_08012023_23_8.jpg,92467148,3.5,3.5,1,6,"[1, 6]",3.5,2,7,"[1, 6]",1.0,0.0,5.0,0,2.0
4122,Isa_ISCAS03_08012023_51_37.jpg,92467149,2.0,2.0,2,2,[2],2.0,1,2,[2],0.0,0.0,0.0,0,0.0
4123,Isa_ISCAS01_08012023_67_16.jpg,92467150,5.0,5.0,5,5,[5],5.0,1,5,[5],1.0,0.0,5.0,0,0.0
4124,Isa_ISCAS02_08012023_80_70.jpg,92467153,2.0,2.0,2,2,[2],2.0,1,2,[2],0.0,0.0,0.0,0,0.0
4125,Isa_ISCAS02_08012023_16_12.jpg,92467154,2.0,2.0,2,2,[2],2.0,1,2,[2],0.0,0.0,0.0,0,0.0
4126,Isa_ISCAS03_08012023_50_49.jpg,92467158,15.0,15.0,15,15,[15],15.0,1,15,[15],1.0,0.0,5.0,0,10.0
4127,Isa_ISCAS01_08012023_27_36.jpg,92467159,1.0,1.0,1,1,[1],1.0,1,1,[1],0.0,0.0,0.0,0,0.0
4128,Isa_ISCAS03_08012023_49_40.jpg,92467163,1.0,1.0,1,1,[1],1.0,1,1,[1],0.0,0.0,0.0,0,0.0
4129,Isa_ISCAS01_08012023_27_37.jpg,92467170,1.0,1.0,1,1,[1],1.0,1,1,[1],0.0,0.0,0.0,0,0.0
4130,Isa_ISCAS03_08012023_32_20.jpg,92467174,2.0,2.0,2,2,[2],2.0,1,2,[2],0.0,0.0,0.0,0,0.0
4131,Isa_ISCAS02_08012023_80_71.jpg,92467175,2.0,2.0,2,2,[2],2.0,1,2,[2],0.0,0.0,0.0,0,0.0
4132,Isa_ISTI01-02-03_27012023_39_12.jpg,92467426,2.0,2.0,2,2,[2],2.0,1,2,[2],0.0,0.0,0.0,0,0.0
4133,Isa_ISTI01-02-03_27012023_16_26.jpg,92467430,4.0,4.0,4,4,[4],4.0,1,4,[4],0.0,0.0,0.0,0,0.0
4134,Isa_ISTI01-02-03_27012023_57_52.jpg,92467432,2.0,2.0,2,2,[2],2.0,1,2,[2],0.0,0.0,0.0,0,0.0
4135,Isa_ISTI01-02-03_27012023_57_46.jpg,92467436,1.0,1.0,1,1,[1],1.0,1,1,[1],0.0,0.0,0.0,0,0.0
4136,Isa_ISTI01-02-03_27012023_22_22.jpg,92467440,1.0,1.0,1,1,[1],1.0,1,1,[1],0.0,0.0,0.0,0,0.0
4137,Isa_ISTI01-02-03_27012023_2_43.jpg,92467441,1.0,1.0,1,1,[1],1.0,1,1,[1],0.0,0.0,0.0,0,0.0
4138,Isa_ISTI01-02-03_27012023_17_2.jpg,92467442,1.0,1.29,1,1,[1],1.0,7,9,"[1, 1, 1, 1, 1, 1, 3]",1.0,0.0,5.0,0,4.0
4139,Isa_ISTI01-02-03_27012023_10_47.jpg,92467445,1.0,1.0,1,1,[1],1.0,1,1,[1],0.0,0.0,0.0,0,0.0
4140,Isa_ISTI01-02-03_27012023_13_16.jpg,92467448,1.0,1.0,1,1,[1],1.0,1,1,[1],0.0,0.0,0.0,0,0.0
4141,Isa_ISTI01-02-03_27012023_51_32.jpg,92467456,1.0,1.0,1,1,[1],1.0,1,1,[1],0.0,0.0,0.0,0,0.0
4142,Isa_ISTI01-02-03_27012023_17_3.jpg,92467463,3.0,3.0,1,5,"[1, 5]",3.0,2,6,"[1, 5]",1.0,0.0,5.0,0,1.0
4143,Isa_ISTI01-02-03_27012023_66_73.jpg,92467469,1.5,1.5,1,2,"[1, 2]",1.5,2,3,"[1, 2]",0.0,0.0,0.0,0,0.0
4144,Isa_ISTI01-02-03_27012023_18_36.jpg,92467472,1.0,1.0,1,1,[1],1.0,1,1,[1],0.0,0.0,0.0,0,0.0
4145,Isa_ISTI01-02-03_27012023_59_56.jpg,92467482,1.0,1.0,1,1,[1],1.0,1,1,[1],0.0,0.0,0.0,0,0.0
4146,Isa_ISTI01-02-03_27012023_13_7.jpg,92467485,3.0,3.0,3,3,[3],3.0,1,3,[3],0.0,0.0,0.0,0,0.0
4147,Isa_ISTI01-02-03_27012023_59_54.jpg,92467493,1.0,1.0,1,1,[1],1.0,3,3,"[1, 1, 1]",0.0,0.0,0.0,0,0.0
4148,Isa_ISTI01-02-03_27012023_11_10.jpg,92467499,1.0,1.0,1,1,[1],1.0,1,1,[1],0.0,0.0,0.0,0,0.0
4149,Isa_ISTI01-02-03_27012023_57_45.jpg,92467500,1.0,1.0,1,1,[1],1.0,2,2,"[1, 1]",0.0,0.0,0.0,0,0.0
4150,Isa_ISTI01-02-03_27012023_18_34.jpg,92467501,1.0,1.33,1,1,[1],1.0,6,8,"[1, 1, 1, 1, 1, 3]",1.0,0.0,5.0,0,3.0
4151,Isa_ISTI01-02-03_27012023_20_24.jpg,92467506,1.0,1.44,1,1,[1],1.0,16,23,"[1, 1, 1, 1, 1, 1, 1, 1, 1, 1, 1, 1, 2, 2, 3, 4]",2.0,0.0,5.0,0,1.0
4152,Isa_ISTI01-02-03_27012023_53_35.jpg,92467509,4.0,4.0,4,4,[4],4.0,1,4,[4],0.0,0.0,0.0,0,0.0
4153,Isa_ISTI01-02-03_27012023_64_60.jpg,92467511,1.0,1.0,1,1,[1],1.0,1,1,[1],0.0,0.0,0.0,0,0.0
4154,Isa_ISTI01-02-03_27012023_22_21.jpg,92467513,1.0,1.0,1,1,[1],1.0,1,1,[1],0.0,0.0,0.0,0,0.0
4155,Isa_ISTI01-02-03_27012023_63_55.jpg,92467514,1.0,1.0,1,1,[1],1.0,1,1,[1],0.0,0.0,0.0,0,0.0
4156,Isa_ISTI01-02-03_27012023_17_1.jpg,92467515,3.0,3.0,2,4,"[2, 4]",3.0,8,24,"[2, 2, 2, 3, 3, 4, 4, 4]",2.0,0.0,5.0,0,0.0
4157,Isa_ISTI01-02-03_27012023_32_18.jpg,92467521,2.0,2.0,2,2,[2],2.0,1,2,[2],0.0,0.0,0.0,0,0.0
4158,Isa_ISTI01-02-03_27012023_55_68.jpg,92467524,3.0,2.73,2,3,"[2, 3]",2.5,15,41,"[1, 2, 2, 2, 2, 2, 2, 3, 3, 3, 3, 3, 3, 5, 5]",3.0,0.0,5.0,0,6.0
4159,Isa_ISTI01-02-03_27012023_55_40.jpg,92467528,1.0,1.0,1,1,[1],1.0,1,1,[1],0.0,0.0,0.0,0,0.0
4160,Isa_ISTI01-02-03_27012023_46_29.jpg,92467532,1.0,1.0,1,1,[1],1.0,1,1,[1],0.0,0.0,0.0,0,0.0
4161,Isa_ISTI01-02-03_27012023_13_14.jpg,92467534,1.0,1.0,1,1,[1],1.0,1,1,[1],0.0,0.0,0.0,0,0.0
4162,Isa_ISTI01-02-03_27012023_13_28.jpg,92467541,1.0,1.0,1,1,[1],1.0,1,1,[1],0.0,0.0,0.0,0,0.0
4163,Isa_ISTI01-02-03_27012023_35_10.jpg,92467545,1.0,1.0,1,1,[1],1.0,1,1,[1],0.0,0.0,0.0,0,0.0
4164,Isa_ISTI01-02-03_27012023_63_40.jpg,92467551,3.5,3.5,1,6,"[1, 6]",3.5,2,7,"[1, 6]",1.0,0.0,5.0,0,2.0
4165,Isa_ISTI01-02-03_27012023_20_19.jpg,92467562,1.0,1.33,1,1,[1],1.0,3,4,"[1, 1, 2]",0.0,0.0,0.0,0,0.0
4166,Isa_ISTI01-02-03_27012023_68_49.jpg,92467570,4.0,4.0,4,4,[4],4.0,1,4,[4],0.0,0.0,0.0,0,0.0
4167,Isa_ISTI01-02-03_27012023_59_69.jpg,92467577,1.0,1.0,1,1,[1],1.0,1,1,[1],0.0,0.0,0.0,0,0.0
4168,Isa_ISTI01-02-03_27012023_18_35.jpg,92467581,1.0,1.0,1,1,[1],1.0,1,1,[1],0.0,0.0,0.0,0,0.0
4169,Isa_ISTI01-02-03_27012023_59_55.jpg,92467587,5.0,5.0,5,5,[5],5.0,1,5,[5],1.0,0.0,5.0,0,0.0
4170,Isa_ISTI01-02-03_27012023_30_20.jpg,92467591,1.0,1.0,1,1,[1],1.0,2,2,"[1, 1]",0.0,0.0,0.0,0,0.0
4171,Isa_ISTI01-02-03_27012023_37_11.jpg,92467594,1.0,1.0,1,1,[1],1.0,7,7,"[1, 1, 1, 1, 1, 1, 1]",1.0,0.0,5.0,0,2.0
4172,Isa_ISTI01-02-03_27012023_44_28.jpg,92467606,1.0,1.0,1,1,[1],1.0,1,1,[1],0.0,0.0,0.0,0,0.0
4173,Isa_ISTI01-02-03_27012023_18_25.jpg,92467608,5.0,5.0,5,5,[5],5.0,1,5,[5],1.0,0.0,5.0,0,0.0
4174,Isa_ISTI01-02-03_27012023_11_29.jpg,92467611,3.0,4.0,1,1,[1],1.0,11,44,"[1, 1, 1, 2, 2, 3, 4, 4, 8, 9, 9]",5.0,0.0,5.0,0,1.0
4175,Isa_ISTI01-02-03_27012023_57_68.jpg,92467613,1.0,1.0,1,1,[1],1.0,5,5,"[1, 1, 1, 1, 1]",1.0,0.0,5.0,0,0.0
4176,Isa_ISTI01-02-03_27012023_16_34.jpg,92467616,2.0,2.0,2,2,[2],2.0,1,2,[2],0.0,0.0,0.0,0,0.0
4177,Isa_ISTI01-02-03_27012023_18_19.jpg,92467618,3.0,3.0,3,3,[3],3.0,1,3,[3],0.0,0.0,0.0,0,0.0
4178,Isa_ISTI01-02-03_27012023_66_48.jpg,92467623,1.0,1.0,1,1,[1],1.0,1,1,[1],0.0,0.0,0.0,0,0.0
4179,Isa_ISTI01-02-03_27012023_61_69.jpg,92467627,2.0,2.0,2,2,[2],2.0,1,2,[2],0.0,0.0,0.0,0,0.0
4180,Isa_ISTI01-02-03_27012023_66_74.jpg,92467629,2.0,2.0,2,2,[2],2.0,1,2,[2],0.0,0.0,0.0,0,0.0
4181,Isa_ISTI01-02-03_27012023_54_39.jpg,92467633,8.0,8.0,8,8,[8],8.0,1,8,[8],1.0,0.0,5.0,0,3.0
4182,Isa_ISTI01-02-03_27012023_12_50.jpg,92467636,1.0,1.0,1,1,[1],1.0,1,1,[1],0.0,0.0,0.0,0,0.0
4183,Isa_ISTI01-02-03_27012023_2_45.jpg,92467639,3.0,3.0,3,3,[3],3.0,19,57,"[3, 3, 3, 3, 3, 3, 3, 3, 3, 3, 3, 3, 3, 3, 3, 3, 3, 3, 3]",3.0,0.0,5.0,0,0.0
4184,Isa_ISTI01-02-03_27012023_32_21.jpg,92467651,4.0,4.0,2,6,"[2, 6]",4.0,2,8,"[2, 6]",1.0,0.0,5.0,0,3.0
4185,Isa_ISTI01-02-03_27012023_41_30.jpg,92467653,1.0,1.0,1,1,[1],1.0,2,2,"[1, 1]",0.0,0.0,0.0,0,0.0
4186,Isa_ISTI01-02-03_27012023_55_45.jpg,92467657,1.0,1.31,1,1,[1],1.0,16,21,"[1, 1, 1, 1, 1, 1, 1, 1, 1, 1, 1, 1, 2, 2, 2, 3]",1.0,0.0,5.0,0,16.0
4187,Isa_ISTI01-02-03_27012023_48_29.jpg,92467666,2.0,2.0,2,2,[2],2.0,1,2,[2],0.0,0.0,0.0,0,0.0
4188,Isa_ISTI01-02-03_27012023_55_50.jpg,92467667,1.0,1.0,1,1,[1],1.0,1,1,[1],0.0,0.0,0.0,0,0.0
4189,Isa_ISTI01-02-03_27012023_13_11.jpg,92467669,3.0,3.0,3,3,[3],3.0,1,3,[3],0.0,0.0,0.0,0,0.0
4190,Isa_ISTI01-02-03_27012023_15_7.jpg,92467681,1.0,1.0,1,1,[1],1.0,1,1,[1],0.0,0.0,0.0,0,0.0
4191,Isa_ISTI01-02-03_27012023_51_34.jpg,92467683,1.0,1.0,1,1,[1],1.0,1,1,[1],0.0,0.0,0.0,0,0.0
4192,Isa_ISTI01-02-03_27012023_2_44.jpg,92467687,5.0,4.11,6,6,[6],6.0,19,78,"[1, 1, 2, 2, 3, 3, 3, 3, 4, 5, 5, 5, 5, 6, 6, 6, 6, 6, 6]",7.0,0.0,5.0,0,2.0
4193,Isa_ISTI01-02-03_27012023_54_38.jpg,92467700,1.0,1.0,1,1,[1],1.0,1,1,[1],0.0,0.0,0.0,0,0.0
4194,Isa_ISTI01-02-03_27012023_20_20.jpg,92467705,1.0,1.0,1,1,[1],1.0,1,1,[1],0.0,0.0,0.0,0,0.0
4195,Isa_ISTI01-02-03_27012023_11_28.jpg,92467720,5.0,5.6,7,7,[7],7.0,15,84,"[1, 1, 3, 3, 4, 4, 5, 5, 6, 7, 7, 7, 10, 10, 11]",7.0,0.0,5.0,0,15.0
4196,Isa_ISTI01-02-03_27012023_18_24.jpg,92467725,1.0,1.0,1,1,[1],1.0,1,1,[1],0.0,0.0,0.0,0,0.0
4197,Isa_ISTI01-02-03_27012023_39_29.jpg,92467735,2.0,2.0,2,2,[2],2.0,1,2,[2],0.0,0.0,0.0,0,0.0
4198,Isa_ISTI01-02-03_27012023_37_10.jpg,92467737,1.0,1.0,1,1,[1],1.0,1,1,[1],0.0,0.0,0.0,0,0.0
4199,Isa_ISTI01-02-03_27012023_26_8.jpg,92467739,6.0,6.0,6,6,[6],6.0,1,6,[6],1.0,0.0,5.0,0,1.0
4200,Isa_ISTI01-02-03_27012023_30_19.jpg,92467741,1.0,1.0,1,1,[1],1.0,1,1,[1],0.0,0.0,0.0,0,0.0
4201,Isa_ISTI01-02-03_27012023_18_32.jpg,92467751,1.5,1.5,1,2,"[1, 2]",1.5,2,3,"[1, 2]",0.0,0.0,0.0,0,0.0
4202,Isa_ISTI01-02-03_27012023_61_56.jpg,92467755,1.0,1.0,1,1,[1],1.0,1,1,[1],0.0,0.0,0.0,0,0.0
4203,Isa_ISTI01-02-03_27012023_53_33.jpg,92467759,1.0,1.0,1,1,[1],1.0,1,1,[1],0.0,0.0,0.0,0,0.0
4204,Isa_ISTI01-02-03_27012023_15_5.jpg,92467771,1.0,1.0,1,1,[1],1.0,1,1,[1],0.0,0.0,0.0,0,0.0
4205,Isa_ISTI01-02-03_27012023_55_46.jpg,92467775,1.0,1.0,1,1,[1],1.0,7,7,"[1, 1, 1, 1, 1, 1, 1]",1.0,0.0,5.0,0,2.0
4206,Isa_ISTI01-02-03_27012023_13_13.jpg,92467777,3.0,3.0,3,3,[3],3.0,1,3,[3],0.0,0.0,0.0,0,0.0
4207,Isa_ISTI01-02-03_27012023_14_32.jpg,92467779,2.0,2.25,2,2,[2],2.0,4,9,"[2, 2, 2, 3]",1.0,0.0,5.0,0,4.0
4208,Isa_ISTI01-02-03_27012023_14_33.jpg,92467781,1.0,1.0,1,1,[1],1.0,1,1,[1],0.0,0.0,0.0,0,0.0
4209,Isa_ISTI01-02-03_27012023_55_47.jpg,92467783,2.0,2.0,2,2,[2],2.0,1,2,[2],0.0,0.0,0.0,0,0.0
4210,Isa_ISTI01-02-03_27012023_13_12.jpg,92467785,1.0,1.0,1,1,[1],1.0,1,1,[1],0.0,0.0,0.0,0,0.0
4211,Isa_ISTI01-02-03_27012023_41_32.jpg,92467787,1.0,1.0,1,1,[1],1.0,7,7,"[1, 1, 1, 1, 1, 1, 1]",1.0,0.0,5.0,0,2.0
4212,Isa_ISTI01-02-03_27012023_17_6.jpg,92467797,2.0,2.0,2,2,[2],2.0,1,2,[2],0.0,0.0,0.0,0,0.0
4213,Isa_ISTI01-02-03_27012023_20_23.jpg,92467802,1.0,1.0,1,1,[1],1.0,1,1,[1],0.0,0.0,0.0,0,0.0
4214,Isa_ISTI01-02-03_27012023_18_27.jpg,92467814,1.0,1.0,1,1,[1],1.0,1,1,[1],0.0,0.0,0.0,0,0.0
4215,Isa_ISTI01-02-03_27012023_37_13.jpg,92467817,1.5,1.5,1,2,"[1, 2]",1.5,2,3,"[1, 2]",0.0,0.0,0.0,0,0.0
4216,Isa_ISTI01-02-03_27012023_65_40.jpg,92467825,2.0,2.0,2,2,[2],2.0,1,2,[2],0.0,0.0,0.0,0,0.0
4217,Isa_ISTI01-02-03_27012023_4_41.jpg,92467829,1.0,1.08,1,1,[1],1.0,13,14,"[1, 1, 1, 1, 1, 1, 1, 1, 1, 1, 1, 1, 2]",1.0,0.0,5.0,0,9.0
4218,Isa_ISTI01-02-03_27012023_14_3.jpg,92467831,2.0,2.0,2,2,[2],2.0,1,2,[2],0.0,0.0,0.0,0,0.0
4219,Isa_ISTI01-02-03_27012023_66_39.jpg,92467839,1.0,1.0,1,1,[1],1.0,1,1,[1],0.0,0.0,0.0,0,0.0
4220,Isa_ISTI01-02-03_27012023_15_28.jpg,92467843,1.0,1.06,1,1,[1],1.0,18,19,"[1, 1, 1, 1, 1, 1, 1, 1, 1, 1, 1, 1, 1, 1, 1, 1, 1, 2]",2.0,0.0,5.0,0,1.0
4221,Isa_ISTI01-02-03_27012023_53_41.jpg,92467845,1.0,1.4,1,1,[1],1.0,15,21,"[1, 1, 1, 1, 1, 1, 1, 1, 1, 2, 2, 2, 2, 2, 2]",2.0,0.0,5.0,0,1.0
4222,Isa_ISTI01-02-03_27012023_58_74.jpg,92467852,1.0,1.0,1,1,[1],1.0,1,1,[1],0.0,0.0,0.0,0,0.0
4223,Isa_ISTI01-02-03_27012023_19_28.jpg,92467854,5.0,5.0,5,5,[5],5.0,1,5,[5],1.0,0.0,5.0,0,0.0
4224,Isa_ISTI01-02-03_27012023_45_31.jpg,92467855,1.0,1.0,1,1,[1],1.0,1,1,[1],0.0,0.0,0.0,0,0.0
4225,Isa_ISTI01-02-03_27012023_60_64.jpg,92467858,1.0,1.0,1,1,[1],1.0,16,16,"[1, 1, 1, 1, 1, 1, 1, 1, 1, 1, 1, 1, 1, 1, 1, 1]",1.0,0.0,5.0,0,11.0
4226,Isa_ISTI01-02-03_27012023_26_19.jpg,92467860,1.0,1.0,1,1,[1],1.0,1,1,[1],0.0,0.0,0.0,0,0.0
4227,Isa_ISTI01-02-03_27012023_13_49.jpg,92467865,4.0,4.0,4,4,[4],4.0,1,4,[4],0.0,0.0,0.0,0,0.0
4228,Isa_ISTI01-02-03_27012023_13_48.jpg,92467869,1.0,1.0,1,1,[1],1.0,1,1,[1],0.0,0.0,0.0,0,0.0
4229,Isa_ISTI01-02-03_27012023_6_51.jpg,92467872,2.0,2.0,2,2,[2],2.0,1,2,[2],0.0,0.0,0.0,0,0.0
4230,Isa_ISTI01-02-03_27012023_60_71.jpg,92467879,1.0,1.0,1,1,[1],1.0,1,1,[1],0.0,0.0,0.0,0,0.0
4231,Isa_ISTI01-02-03_27012023_58_61.jpg,92467881,1.0,1.0,1,1,[1],1.0,1,1,[1],0.0,0.0,0.0,0,0.0
4232,Isa_ISTI01-02-03_27012023_19_29.jpg,92467882,1.0,1.0,1,1,[1],1.0,1,1,[1],0.0,0.0,0.0,0,0.0
4233,Isa_ISTI01-02-03_27012023_56_70.jpg,92467883,1.0,1.0,1,1,[1],1.0,1,1,[1],0.0,0.0,0.0,0,0.0
4234,Isa_ISTI01-02-03_27012023_58_49.jpg,92467885,8.0,8.0,8,8,[8],8.0,1,8,[8],1.0,0.0,5.0,0,3.0
4235,Isa_ISTI01-02-03_27012023_64_29.jpg,92467891,2.0,2.0,2,2,[2],2.0,1,2,[2],0.0,0.0,0.0,0,0.0
4236,Isa_ISTI01-02-03_27012023_49_30.jpg,92467901,2.5,2.5,1,4,"[1, 4]",2.5,2,5,"[1, 4]",1.0,0.0,5.0,0,0.0
4237,Isa_ISTI01-02-03_27012023_9_28.jpg,92467906,5.0,4.69,6,6,[6],6.0,13,61,"[1, 2, 2, 3, 4, 4, 5, 6, 6, 6, 7, 7, 8]",7.0,0.0,5.0,0,1.0
4238,Isa_ISTI01-02-03_27012023_34_30.jpg,92467907,2.0,2.0,2,2,[2],2.0,1,2,[2],0.0,0.0,0.0,0,0.0
4239,Isa_ISTI01-02-03_27012023_50_39.jpg,92467908,1.0,1.0,1,1,[1],1.0,12,12,"[1, 1, 1, 1, 1, 1, 1, 1, 1, 1, 1, 1]",1.0,0.0,5.0,0,6.0
4240,Isa_ISTI01-02-03_27012023_65_55.jpg,92467910,4.5,4.5,3,6,"[3, 6]",4.5,2,9,"[3, 6]",1.0,0.0,5.0,0,4.0
4241,Isa_ISTI01-02-03_27012023_3_49.jpg,92467911,1.0,1.0,1,1,[1],1.0,1,1,[1],0.0,0.0,0.0,0,0.0
4242,Isa_ISTI01-02-03_27012023_62_74.jpg,92467914,1.0,1.0,1,1,[1],1.0,1,1,[1],0.0,0.0,0.0,0,0.0
4243,Isa_ISTI01-02-03_27012023_62_62.jpg,92467916,4.0,4.0,4,4,[4],4.0,1,4,[4],0.0,0.0,0.0,0,0.0
4244,Isa_ISTI01-02-03_27012023_4_42.jpg,92467920,1.0,1.0,1,1,[1],1.0,14,14,"[1, 1, 1, 1, 1, 1, 1, 1, 1, 1, 1, 1, 1, 1]",1.0,0.0,5.0,0,9.0
4245,Isa_ISTI01-02-03_27012023_16_2.jpg,92467922,1.0,1.0,1,1,[1],1.0,2,2,"[1, 1]",0.0,0.0,0.0,0,0.0
4246,Isa_ISTI01-02-03_27012023_49_26.jpg,92467925,2.0,2.0,2,2,[2],2.0,1,2,[2],0.0,0.0,0.0,0,0.0
4247,Isa_ISTI01-02-03_27012023_49_32.jpg,92467926,1.0,1.0,1,1,[1],1.0,1,1,[1],0.0,0.0,0.0,0,0.0
4248,Isa_ISTI01-02-03_27012023_53_42.jpg,92467929,14.0,15.53,14,14,[14],14.0,17,264,"[9, 10, 12, 12, 13, 14, 14, 14, 14, 14, 15, 16, 16, 17, 19, 27, 28]",16.0,0.0,5.0,0,23.0
4249,Isa_ISTI01-02-03_27012023_47_37.jpg,92467930,2.0,2.0,2,2,[2],2.0,1,2,[2],0.0,0.0,0.0,0,0.0
4250,Isa_ISTI01-02-03_27012023_10_27.jpg,92467934,6.0,5.94,6,6,[6],6.0,16,95,"[4, 5, 5, 5, 5, 5, 6, 6, 6, 6, 6, 6, 6, 6, 8, 10]",7.0,0.0,5.0,0,1.0
4251,Isa_ISTI01-02-03_27012023_19_17.jpg,92467936,1.0,1.0,1,1,[1],1.0,3,3,"[1, 1, 1]",0.0,0.0,0.0,0,0.0
4252,Isa_ISTI01-02-03_27012023_58_63.jpg,92467937,2.0,2.0,2,2,[2],2.0,1,2,[2],0.0,0.0,0.0,0,0.0
4253,Isa_ISTI01-02-03_27012023_45_32.jpg,92467938,4.0,4.0,4,4,[4],4.0,1,4,[4],0.0,0.0,0.0,0,0.0
4254,Isa_ISTI01-02-03_27012023_12_7.jpg,92467954,1.0,1.0,1,1,[1],1.0,1,1,[1],0.0,0.0,0.0,0,0.0
4255,Isa_ISTI01-02-03_27012023_6_52.jpg,92467958,1.0,1.17,1,1,[1],1.0,6,7,"[1, 1, 1, 1, 1, 2]",1.0,0.0,5.0,0,2.0
4256,Isa_ISTI01-02-03_27012023_69_42.jpg,92467961,3.0,3.0,2,4,"[2, 4]",3.0,2,6,"[2, 4]",1.0,0.0,5.0,0,1.0
4257,Isa_ISTI01-02-03_27012023_56_67.jpg,92467970,2.0,1.93,2,2,[2],2.0,15,29,"[1, 2, 2, 2, 2, 2, 2, 2, 2, 2, 2, 2, 2, 2, 2]",2.0,0.0,5.0,0,2.0
4258,Isa_ISTI01-02-03_27012023_10_26.jpg,92467974,1.0,1.0,1,1,[1],1.0,1,1,[1],0.0,0.0,0.0,0,0.0
4259,Isa_ISTI01-02-03_27012023_63_37.jpg,92467978,7.0,7.0,1,13,"[1, 13]",7.0,2,14,"[1, 13]",1.0,0.0,5.0,0,9.0
4260,Isa_ISTI01-02-03_27012023_47_36.jpg,92467983,1.0,1.44,1,1,[1],1.0,16,23,"[1, 1, 1, 1, 1, 1, 1, 1, 1, 1, 1, 2, 2, 2, 2, 4]",2.0,0.0,5.0,0,0.0
4261,Isa_ISTI01-02-03_27012023_15_16.jpg,92467984,4.0,4.0,3,5,"[3, 5]",4.0,2,8,"[3, 5]",1.0,0.0,5.0,0,3.0
4262,Isa_ISTI01-02-03_27012023_53_43.jpg,92467986,2.0,1.92,2,2,[2],2.0,13,25,"[1, 2, 2, 2, 2, 2, 2, 2, 2, 2, 2, 2, 2]",2.0,0.0,5.0,0,0.0
4263,Isa_ISTI01-02-03_27012023_49_33.jpg,92467988,3.0,3.0,3,3,[3],3.0,1,3,[3],0.0,0.0,0.0,0,0.0
4264,Isa_ISTI01-02-03_27012023_49_27.jpg,92467990,4.0,4.0,4,4,[4],4.0,1,4,[4],0.0,0.0,0.0,0,0.0
4265,Isa_ISTI01-02-03_27012023_16_3.jpg,92467992,1.0,1.0,1,1,[1],1.0,1,1,[1],0.0,0.0,0.0,0,0.0
4266,Isa_ISTI01-02-03_27012023_57_33.jpg,92467995,3.0,3.0,3,3,[3],3.0,1,3,[3],0.0,0.0,0.0,0,0.0
4267,Isa_ISTI01-02-03_27012023_4_43.jpg,92467996,1.0,1.0,1,1,[1],1.0,2,2,"[1, 1]",0.0,0.0,0.0,0,0.0
4268,Isa_ISTI01-02-03_27012023_62_73.jpg,92468006,1.0,1.0,1,1,[1],1.0,1,1,[1],0.0,0.0,0.0,0,0.0
4269,Isa_ISTI01-02-03_27012023_12_27.jpg,92468014,1.0,1.0,1,1,[1],1.0,1,1,[1],0.0,0.0,0.0,0,0.0
4270,Isa_ISTI01-02-03_27012023_49_23.jpg,92468016,1.0,1.75,1,1,[1],1.0,4,7,"[1, 1, 1, 4]",1.0,0.0,5.0,0,2.0
4271,Isa_ISTI01-02-03_27012023_49_37.jpg,92468017,4.0,4.0,4,4,[4],4.0,1,4,[4],0.0,0.0,0.0,0,0.0
4272,Isa_ISTI01-02-03_27012023_63_33.jpg,92468018,2.0,2.0,2,2,[2],2.0,1,2,[2],0.0,0.0,0.0,0,0.0
4273,Isa_ISTI01-02-03_27012023_45_37.jpg,92468022,4.5,4.56,3,3,[3],3.0,18,82,"[3, 3, 3, 3, 3, 4, 4, 4, 4, 5, 5, 5, 5, 6, 6, 6, 6, 7]",8.0,0.0,5.0,0,10.0
4274,Isa_ISTI01-02-03_27012023_58_72.jpg,92468025,1.0,1.0,1,1,[1],1.0,1,1,[1],0.0,0.0,0.0,0,0.0
4275,Isa_ISTI01-02-03_27012023_6_42.jpg,92468026,1.0,1.0,1,1,[1],1.0,1,1,[1],0.0,0.0,0.0,0,0.0
4276,Isa_ISTI01-02-03_27012023_26_23.jpg,92468033,2.0,2.0,2,2,[2],2.0,1,2,[2],0.0,0.0,0.0,0,0.0
4277,Isa_ISTI01-02-03_27012023_60_63.jpg,92468043,6.0,6.0,6,6,[6],6.0,1,6,[6],1.0,0.0,5.0,0,0.0
4278,Isa_ISTI01-02-03_27012023_6_43.jpg,92468046,1.0,1.0,1,1,[1],1.0,1,1,[1],0.0,0.0,0.0,0,0.0
4279,Isa_ISTI01-02-03_27012023_58_73.jpg,92468051,1.0,1.0,1,1,[1],1.0,1,1,[1],0.0,0.0,0.0,0,0.0
4280,Isa_ISTI01-02-03_27012023_45_36.jpg,92468053,2.0,2.0,2,2,[2],2.0,1,2,[2],0.0,0.0,0.0,0,0.0
4281,Isa_ISTI01-02-03_27012023_17_16.jpg,92468055,6.0,6.0,6,6,[6],6.0,1,6,[6],1.0,0.0,5.0,0,1.0
4282,Isa_ISTI01-02-03_27012023_63_32.jpg,92468062,1.0,1.0,1,1,[1],1.0,1,1,[1],0.0,0.0,0.0,0,0.0
4283,Isa_ISTI01-02-03_27012023_49_36.jpg,92468066,1.0,1.05,1,1,[1],1.0,19,20,"[1, 1, 1, 1, 1, 1, 1, 1, 1, 1, 1, 1, 1, 1, 1, 1, 1, 1, 2]",2.0,0.0,5.0,0,3.0
4284,Isa_ISTI01-02-03_27012023_62_72.jpg,92468083,2.0,2.0,2,2,[2],2.0,1,2,[2],0.0,0.0,0.0,0,0.0
4285,Isa_ISTI01-02-03_27012023_62_58.jpg,92468098,1.0,1.0,1,1,[1],1.0,1,1,[1],0.0,0.0,0.0,0,0.0
4286,Isa_ISTI01-02-03_27012023_4_50.jpg,92468102,1.0,1.0,1,1,[1],1.0,1,1,[1],0.0,0.0,0.0,0,0.0
4287,Isa_ISTI01-02-03_27012023_62_70.jpg,92468104,2.5,2.5,1,4,"[1, 4]",2.5,2,5,"[1, 4]",1.0,0.0,5.0,0,0.0
4288,Isa_ISTI01-02-03_27012023_50_29.jpg,92468111,1.0,1.0,1,1,[1],1.0,1,1,[1],0.0,0.0,0.0,0,0.0
4289,Isa_ISTI01-02-03_27012023_11_49.jpg,92468115,1.0,1.0,1,1,[1],1.0,19,19,"[1, 1, 1, 1, 1, 1, 1, 1, 1, 1, 1, 1, 1, 1, 1, 1, 1, 1, 1]",1.0,0.0,5.0,0,14.0
4290,Isa_ISTI01-02-03_27012023_33_15.jpg,92468119,17.0,17.0,17,17,[17],17.0,1,17,[17],1.0,0.0,5.0,0,12.0
4291,Isa_ISTI01-02-03_27012023_53_44.jpg,92468128,1.0,1.0,1,1,[1],1.0,7,7,"[1, 1, 1, 1, 1, 1, 1]",1.0,0.0,5.0,0,2.0
4292,Isa_ISTI01-02-03_27012023_12_30.jpg,92468135,1.0,1.33,1,1,[1],1.0,15,20,"[1, 1, 1, 1, 1, 1, 1, 1, 1, 1, 2, 2, 2, 2, 2]",2.0,0.0,5.0,0,0.0
4293,Isa_ISTI01-02-03_27012023_54_71.jpg,92468139,2.0,2.0,2,2,[2],2.0,1,2,[2],0.0,0.0,0.0,0,0.0
4294,Isa_ISTI01-02-03_27012023_31_10.jpg,92468140,7.0,7.0,7,7,[7],7.0,1,7,[7],1.0,0.0,5.0,0,2.0
4295,Isa_ISTI01-02-03_27012023_64_39.jpg,92468142,1.0,1.0,1,1,[1],1.0,1,1,[1],0.0,0.0,0.0,0,0.0
4296,Isa_ISTI01-02-03_27012023_58_71.jpg,92468149,1.0,1.0,1,1,[1],1.0,1,1,[1],0.0,0.0,0.0,0,0.0
4297,Isa_ISTI01-02-03_27012023_56_48.jpg,92468152,3.0,3.0,3,3,[3],3.0,1,3,[3],0.0,0.0,0.0,0,0.0
4298,Isa_ISTI01-02-03_27012023_58_59.jpg,92468161,2.0,2.0,2,2,[2],2.0,1,2,[2],0.0,0.0,0.0,0,0.0
4299,Isa_ISTI01-02-03_27012023_17_28.jpg,92468163,1.0,1.0,1,1,[1],1.0,1,1,[1],0.0,0.0,0.0,0,0.0
4300,Isa_ISTI01-02-03_27012023_1_48.jpg,92468167,1.0,1.0,1,1,[1],1.0,1,1,[1],0.0,0.0,0.0,0,0.0
4301,Isa_ISTI01-02-03_27012023_6_41.jpg,92468168,5.5,5.5,1,10,"[1, 10]",5.5,2,11,"[1, 10]",1.0,0.0,5.0,0,6.0
4302,Isa_ISTI01-02-03_27012023_60_75.jpg,92468175,1.0,1.0,1,1,[1],1.0,1,1,[1],0.0,0.0,0.0,0,0.0
4303,Isa_ISTI01-02-03_27012023_60_61.jpg,92468181,2.5,2.5,1,4,"[1, 4]",2.5,2,5,"[1, 4]",1.0,0.0,5.0,0,0.0
4304,Isa_ISTI01-02-03_27012023_60_74.jpg,92468200,1.5,1.5,1,2,"[1, 2]",1.5,2,3,"[1, 2]",0.0,0.0,0.0,0,0.0
4305,Isa_ISTI01-02-03_27012023_6_40.jpg,92468208,3.0,3.44,3,3,[3],3.0,18,62,"[3, 3, 3, 3, 3, 3, 3, 3, 3, 3, 3, 3, 3, 4, 4, 5, 5, 5]",3.0,0.0,5.0,0,0.0
4306,Isa_ISTI01-02-03_27012023_58_58.jpg,92468211,1.5,1.5,1,2,"[1, 2]",1.5,6,9,"[1, 1, 1, 2, 2, 2]",1.0,0.0,5.0,0,4.0
4307,Isa_ISTI01-02-03_27012023_17_29.jpg,92468213,1.0,1.27,1,1,[1],1.0,15,19,"[1, 1, 1, 1, 1, 1, 1, 1, 1, 1, 1, 1, 1, 2, 4]",1.0,0.0,5.0,0,6.0
4308,Isa_ISTI01-02-03_27012023_56_49.jpg,92468217,1.0,1.0,1,1,[1],1.0,1,1,[1],0.0,0.0,0.0,0,0.0
4309,Isa_ISTI01-02-03_27012023_63_31.jpg,92468230,5.0,5.0,5,5,[5],5.0,1,5,[5],1.0,0.0,5.0,0,0.0
4310,Isa_ISTI01-02-03_27012023_38_35.jpg,92468233,1.0,1.5,1,1,[1],1.0,14,21,"[1, 1, 1, 1, 1, 1, 1, 1, 1, 1, 1, 1, 3, 6]",1.0,0.0,5.0,0,16.0
4311,Isa_ISTI01-02-03_27012023_49_35.jpg,92468241,1.0,1.0,1,1,[1],1.0,2,2,"[1, 1]",0.0,0.0,0.0,0,0.0
4312,Isa_ISTI01-02-03_27012023_11_48.jpg,92468256,1.0,1.0,1,1,[1],1.0,3,3,"[1, 1, 1]",0.0,0.0,0.0,0,0.0
4313,Isa_ISTI01-02-03_27012023_11_51.jpg,92468287,1.0,1.0,1,1,[1],1.0,1,1,[1],0.0,0.0,0.0,0,0.0
4314,Isa_ISTI01-02-03_27012023_12_14.jpg,92468292,1.0,1.0,1,1,[1],1.0,2,2,"[1, 1]",0.0,0.0,0.0,0,0.0
4315,Isa_ISTI01-02-03_27012023_54_41.jpg,92468294,1.0,1.0,1,1,[1],1.0,1,1,[1],0.0,0.0,0.0,0,0.0
4316,Isa_ISTI01-02-03_27012023_40_34.jpg,92468295,1.0,1.43,1,1,[1],1.0,7,10,"[1, 1, 1, 1, 1, 2, 3]",1.0,0.0,5.0,0,5.0
4317,Isa_ISTI01-02-03_27012023_12_28.jpg,92468299,1.0,1.0,1,1,[1],1.0,2,2,"[1, 1]",0.0,0.0,0.0,0,0.0
4318,Isa_ISTI01-02-03_27012023_15_35.jpg,92468305,1.0,1.0,1,1,[1],1.0,1,1,[1],0.0,0.0,0.0,0,0.0
4319,Isa_ISTI01-02-03_27012023_31_20.jpg,92468311,21.0,21.0,21,21,[21],21.0,1,21,[21],1.0,0.0,5.0,0,7.0
4320,Isa_ISTI01-02-03_27012023_45_38.jpg,92468319,2.0,1.8,2,2,[2],2.0,10,18,"[1, 1, 2, 2, 2, 2, 2, 2, 2, 2]",2.0,0.0,5.0,0,0.0
4321,Isa_ISTI01-02-03_27012023_19_21.jpg,92468325,1.0,1.38,1,1,[1],1.0,16,22,"[1, 1, 1, 1, 1, 1, 1, 1, 1, 1, 1, 1, 1, 2, 3, 4]",1.0,0.0,5.0,0,16.0
4322,Isa_ISTI01-02-03_27012023_58_55.jpg,92468327,1.0,1.0,1,1,[1],1.0,5,5,"[1, 1, 1, 1, 1]",1.0,0.0,5.0,0,0.0
4323,Isa_ISTI01-02-03_27012023_60_51.jpg,92468331,1.0,1.42,1,1,[1],1.0,12,17,"[1, 1, 1, 1, 1, 1, 1, 1, 1, 1, 1, 6]",2.0,0.0,5.0,0,1.0
4324,Isa_ISTI01-02-03_27012023_8_48.jpg,92468335,1.0,1.0,1,1,[1],1.0,1,1,[1],0.0,0.0,0.0,0,0.0
4325,Isa_ISTI01-02-03_27012023_21_25.jpg,92468337,1.0,1.0,1,1,[1],1.0,1,1,[1],0.0,0.0,0.0,0,0.0
4326,Isa_ISTI01-02-03_27012023_14_49.jpg,92468339,2.0,2.0,2,2,[2],2.0,1,2,[2],0.0,0.0,0.0,0,0.0
4327,Isa_ISTI01-02-03_27012023_52_35.jpg,92468341,1.0,1.0,1,1,[1],1.0,1,1,[1],0.0,0.0,0.0,0,0.0
4328,Isa_ISTI01-02-03_27012023_8_49.jpg,92468343,1.0,1.0,1,1,[1],1.0,1,1,[1],0.0,0.0,0.0,0,0.0
4329,Isa_ISTI01-02-03_27012023_69_48.jpg,92468344,1.0,1.0,1,1,[1],1.0,1,1,[1],0.0,0.0,0.0,0,0.0
4330,Isa_ISTI01-02-03_27012023_19_20.jpg,92468352,16.0,16.0,16,16,[16],16.0,1,16,[16],1.0,0.0,5.0,0,11.0
4331,Isa_ISTI01-02-03_27012023_56_45.jpg,92468356,1.0,1.08,1,1,[1],1.0,12,13,"[1, 1, 1, 1, 1, 1, 1, 1, 1, 1, 1, 2]",1.0,0.0,5.0,0,8.0
4332,Isa_ISTI01-02-03_27012023_38_11.jpg,92468358,1.0,1.0,1,1,[1],1.0,1,1,[1],0.0,0.0,0.0,0,0.0
4333,Isa_ISTI01-02-03_27012023_36_14.jpg,92468362,2.5,2.5,1,4,"[1, 4]",2.5,2,5,"[1, 4]",1.0,0.0,5.0,0,0.0
4334,Isa_ISTI01-02-03_27012023_49_39.jpg,92468364,2.0,1.62,2,2,[2],2.0,8,13,"[1, 1, 1, 2, 2, 2, 2, 2]",2.0,0.0,5.0,0,0.0
4335,Isa_ISTI01-02-03_27012023_12_29.jpg,92468365,11.0,9.14,11,11,[11],11.0,7,64,"[3, 4, 6, 11, 11, 13, 16]",8.0,0.0,5.0,0,11.0
4336,Isa_ISTI01-02-03_27012023_47_28.jpg,92468367,1.0,1.0,1,1,[1],1.0,1,1,[1],0.0,0.0,0.0,0,0.0
4337,Isa_ISTI01-02-03_27012023_54_40.jpg,92468369,1.0,1.0,1,1,[1],1.0,1,1,[1],0.0,0.0,0.0,0,0.0
4338,Isa_ISTI01-02-03_27012023_33_30.jpg,92468371,2.5,2.5,1,4,"[1, 4]",2.5,2,5,"[1, 4]",1.0,0.0,5.0,0,0.0
4339,Isa_ISTI01-02-03_27012023_11_50.jpg,92468372,3.0,3.0,1,5,"[1, 5]",3.0,2,6,"[1, 5]",1.0,0.0,5.0,0,1.0
4340,Isa_ISTI01-02-03_27012023_50_30.jpg,92468374,1.0,1.0,1,1,[1],1.0,1,1,[1],0.0,0.0,0.0,0,0.0
4341,Isa_ISTI01-02-03_27012023_4_49.jpg,92468381,1.0,1.0,1,1,[1],1.0,1,1,[1],0.0,0.0,0.0,0,0.0
4342,Isa_ISTI01-02-03_27012023_14_9.jpg,92468390,1.0,1.0,1,1,[1],1.0,1,1,[1],0.0,0.0,0.0,0,0.0
4343,Isa_ISTI01-02-03_27012023_23_23.jpg,92468394,1.0,1.0,1,1,[1],1.0,1,1,[1],0.0,0.0,0.0,0,0.0
4344,Isa_ISTI01-02-03_27012023_50_26.jpg,92468398,1.0,1.0,1,1,[1],1.0,1,1,[1],0.0,0.0,0.0,0,0.0
4345,Isa_ISTI01-02-03_27012023_34_13.jpg,92468403,1.0,1.0,1,1,[1],1.0,1,1,[1],0.0,0.0,0.0,0,0.0
4346,Isa_ISTI01-02-03_27012023_54_42.jpg,92468407,1.0,2.31,1,1,[1],1.0,16,37,"[1, 1, 1, 1, 1, 1, 1, 1, 1, 1, 2, 2, 3, 4, 4, 12]",3.0,0.0,5.0,0,0.0
4347,Isa_ISTI01-02-03_27012023_25_4.jpg,92468413,1.0,1.0,1,1,[1],1.0,1,1,[1],0.0,0.0,0.0,0,0.0
4348,Isa_ISTI01-02-03_27012023_64_36.jpg,92468417,1.0,1.0,1,1,[1],1.0,2,2,"[1, 1]",0.0,0.0,0.0,0,0.0
4349,Isa_ISTI01-02-03_27012023_19_22.jpg,92468421,1.0,1.27,1,1,[1],1.0,15,19,"[1, 1, 1, 1, 1, 1, 1, 1, 1, 1, 1, 1, 2, 2, 3]",1.0,0.0,5.0,0,14.0
4350,Isa_ISTI01-02-03_27012023_56_47.jpg,92468423,2.0,1.8,2,2,[2],2.0,15,27,"[1, 1, 1, 1, 1, 2, 2, 2, 2, 2, 2, 2, 2, 3, 3]",2.0,0.0,5.0,0,0.0
4351,Isa_ISTI01-02-03_27012023_42_32.jpg,92468425,1.5,1.5,1,2,"[1, 2]",1.5,2,3,"[1, 2]",0.0,0.0,0.0,0,0.0
4352,Isa_ISTI01-02-03_27012023_58_56.jpg,92468430,2.0,2.88,1,1,[1],1.0,16,46,"[1, 1, 1, 1, 1, 1, 1, 2, 2, 3, 3, 3, 5, 5, 6, 10]",3.0,0.0,5.0,0,6.0
4353,Isa_ISTI01-02-03_27012023_27_6.jpg,92468432,4.0,4.0,4,4,[4],4.0,1,4,[4],0.0,0.0,0.0,0,0.0
4354,Isa_ISTI01-02-03_27012023_1_47.jpg,92468434,1.0,1.06,1,1,[1],1.0,17,18,"[1, 1, 1, 1, 1, 1, 1, 1, 1, 1, 1, 1, 1, 1, 1, 1, 2]",1.0,0.0,5.0,0,13.0
4355,Isa_ISTI01-02-03_27012023_52_37.jpg,92468438,3.5,3.5,3,4,"[3, 4]",3.5,2,7,"[3, 4]",1.0,0.0,5.0,0,2.0
4356,Isa_ISTI01-02-03_27012023_1_46.jpg,92468449,1.0,1.25,1,1,[1],1.0,12,15,"[1, 1, 1, 1, 1, 1, 1, 1, 1, 2, 2, 2]",1.0,0.0,5.0,0,10.0
4357,Isa_ISTI01-02-03_27012023_58_57.jpg,92468453,1.0,1.77,1,1,[1],1.0,13,23,"[1, 1, 1, 1, 1, 1, 1, 1, 1, 2, 2, 4, 6]",1.0,0.0,5.0,0,18.0
4358,Isa_ISTI01-02-03_27012023_56_46.jpg,92468458,1.0,1.25,1,1,[1],1.0,4,5,"[1, 1, 1, 2]",1.0,0.0,5.0,0,0.0
4359,Isa_ISTI01-02-03_27012023_19_23.jpg,92468462,1.0,1.0,1,1,[1],1.0,18,18,"[1, 1, 1, 1, 1, 1, 1, 1, 1, 1, 1, 1, 1, 1, 1, 1, 1, 1]",1.0,0.0,5.0,0,12.0
4360,Isa_ISTI01-02-03_27012023_54_43.jpg,92468469,1.0,1.0,1,1,[1],1.0,1,1,[1],0.0,0.0,0.0,0,0.0
4361,Isa_ISTI01-02-03_27012023_3_43.jpg,92468488,1.0,1.0,1,1,[1],1.0,12,12,"[1, 1, 1, 1, 1, 1, 1, 1, 1, 1, 1, 1]",1.0,0.0,5.0,0,7.0
4362,Isa_ISTI01-02-03_27012023_62_52.jpg,92468497,6.0,6.0,6,6,[6],6.0,1,6,[6],1.0,0.0,5.0,0,1.0
4363,Isa_ISTI01-02-03_27012023_9_32.jpg,92468501,1.0,1.0,1,1,[1],1.0,1,1,[1],0.0,0.0,0.0,0,0.0
4364,Isa_ISTI01-02-03_27012023_9_26.jpg,92468503,1.0,1.0,1,1,[1],1.0,1,1,[1],0.0,0.0,0.0,0,0.0
4365,Isa_ISTI01-02-03_27012023_15_33.jpg,92468505,1.0,1.0,1,1,[1],1.0,1,1,[1],0.0,0.0,0.0,0,0.0
4366,Isa_ISTI01-02-03_27012023_15_27.jpg,92468507,1.0,1.0,1,1,[1],1.0,1,1,[1],0.0,0.0,0.0,0,0.0
4367,Isa_ISTI01-02-03_27012023_18_1.jpg,92468509,1.0,1.0,1,1,[1],1.0,1,1,[1],0.0,0.0,0.0,0,0.0
4368,Isa_ISTI01-02-03_27012023_54_47.jpg,92468513,1.0,1.0,1,1,[1],1.0,1,1,[1],0.0,0.0,0.0,0,0.0
4369,Isa_ISTI01-02-03_27012023_19_33.jpg,92468530,1.0,1.0,1,1,[1],1.0,1,1,[1],0.0,0.0,0.0,0,0.0
4370,Isa_ISTI01-02-03_27012023_21_23.jpg,92468532,6.0,6.0,6,6,[6],6.0,1,6,[6],1.0,0.0,5.0,0,1.0
4371,Isa_ISTI01-02-03_27012023_60_57.jpg,92468534,1.0,1.0,1,1,[1],1.0,1,1,[1],0.0,0.0,0.0,0,0.0
4372,Isa_ISTI01-02-03_27012023_52_32.jpg,92468536,1.0,1.0,1,1,[1],1.0,2,2,"[1, 1]",0.0,0.0,0.0,0,0.0
4373,Isa_ISTI01-02-03_27012023_60_56.jpg,92468540,10.0,10.0,10,10,[10],10.0,1,10,[10],1.0,0.0,5.0,0,5.0
4374,Isa_ISTI01-02-03_27012023_56_43.jpg,92468543,1.0,1.0,1,1,[1],1.0,1,1,[1],0.0,0.0,0.0,0,0.0
4375,Isa_ISTI01-02-03_27012023_17_23.jpg,92468547,1.0,1.0,1,1,[1],1.0,1,1,[1],0.0,0.0,0.0,0,0.0
4376,Isa_ISTI01-02-03_27012023_58_46.jpg,92468549,1.0,1.0,1,1,[1],1.0,1,1,[1],0.0,0.0,0.0,0,0.0
4377,Isa_ISTI01-02-03_27012023_15_32.jpg,92468556,1.0,1.0,1,1,[1],1.0,5,5,"[1, 1, 1, 1, 1]",1.0,0.0,5.0,0,0.0
4378,Isa_ISTI01-02-03_27012023_9_27.jpg,92468558,1.0,1.0,1,1,[1],1.0,1,1,[1],0.0,0.0,0.0,0,0.0
4379,Isa_ISTI01-02-03_27012023_34_29.jpg,92468569,4.0,4.0,4,4,[4],4.0,1,4,[4],0.0,0.0,0.0,0,0.0
4380,Isa_ISTI01-02-03_27012023_23_4.jpg,92468571,1.0,1.0,1,1,[1],1.0,1,1,[1],0.0,0.0,0.0,0,0.0
4381,Isa_ISTI01-02-03_27012023_34_15.jpg,92468572,5.0,5.0,5,5,[5],5.0,1,5,[5],1.0,0.0,5.0,0,0.0
4382,Isa_ISTI01-02-03_27012023_54_44.jpg,92468575,3.0,2.8,3,3,[3],3.0,5,14,"[2, 3, 3, 3, 3]",2.0,0.0,5.0,0,4.0
4383,Isa_ISTI01-02-03_27012023_15_18.jpg,92468582,1.0,1.0,1,1,[1],1.0,1,1,[1],0.0,0.0,0.0,0,0.0
4384,Isa_ISTI01-02-03_27012023_36_10.jpg,92468586,1.0,1.0,1,1,[1],1.0,1,1,[1],0.0,0.0,0.0,0,0.0
4385,Isa_ISTI01-02-03_27012023_63_39.jpg,92468589,2.0,2.0,2,2,[2],2.0,1,2,[2],0.0,0.0,0.0,0,0.0
4386,Isa_ISTI01-02-03_27012023_38_29.jpg,92468592,1.0,1.0,1,1,[1],1.0,1,1,[1],0.0,0.0,0.0,0,0.0
4387,Isa_ISTI01-02-03_27012023_10_28.jpg,92468594,4.0,4.11,2,5,"[2, 3, 4, 5]",3.5,9,37,"[2, 2, 3, 3, 4, 4, 5, 5, 9]",4.0,0.0,5.0,0,2.0
4388,Isa_ISTI01-02-03_27012023_58_50.jpg,92468596,3.0,3.0,3,3,[3],3.0,1,3,[3],0.0,0.0,0.0,0,0.0
4389,Isa_ISTI01-02-03_27012023_56_69.jpg,92468598,1.0,1.0,1,1,[1],1.0,1,1,[1],0.0,0.0,0.0,0,0.0
4390,Isa_ISTI01-02-03_27012023_19_24.jpg,92468608,1.0,1.0,1,1,[1],1.0,12,12,"[1, 1, 1, 1, 1, 1, 1, 1, 1, 1, 1, 1]",1.0,0.0,5.0,0,5.0
4391,Isa_ISTI01-02-03_27012023_21_20.jpg,92468613,3.0,3.0,3,3,[3],3.0,1,3,[3],0.0,0.0,0.0,0,0.0
4392,Isa_ISTI01-02-03_27012023_12_9.jpg,92468617,3.0,3.33,2,2,[2],2.0,15,50,"[2, 2, 2, 2, 2, 2, 2, 3, 3, 3, 3, 4, 5, 5, 10]",4.0,0.0,5.0,0,2.0
4393,Isa_ISTI01-02-03_27012023_6_48.jpg,92468619,1.0,1.0,1,1,[1],1.0,15,15,"[1, 1, 1, 1, 1, 1, 1, 1, 1, 1, 1, 1, 1, 1, 1]",1.0,0.0,5.0,0,10.0
4394,Isa_ISTI01-02-03_27012023_55_38.jpg,92468622,5.5,5.5,1,10,"[1, 10]",5.5,2,11,"[1, 10]",1.0,0.0,5.0,0,6.0
4395,Isa_ISTI01-02-03_27012023_13_50.jpg,92468625,1.0,1.43,1,1,[1],1.0,7,10,"[1, 1, 1, 1, 2, 2, 2]",1.0,0.0,5.0,0,5.0
4396,Isa_ISTI01-02-03_27012023_6_49.jpg,92468629,1.0,1.0,1,1,[1],1.0,5,5,"[1, 1, 1, 1, 1]",1.0,0.0,5.0,0,0.0
4397,Isa_ISTI01-02-03_27012023_12_8.jpg,92468631,1.0,1.17,1,1,[1],1.0,18,21,"[1, 1, 1, 1, 1, 1, 1, 1, 1, 1, 1, 1, 1, 1, 1, 1, 1, 4]",1.0,0.0,5.0,0,5.0
4398,Isa_ISTI01-02-03_27012023_19_19.jpg,92468645,1.0,1.4,1,1,[1],1.0,15,21,"[1, 1, 1, 1, 1, 1, 1, 1, 1, 1, 1, 1, 2, 2, 5]",1.0,0.0,5.0,0,16.0
4399,Isa_ISTI01-02-03_27012023_10_29.jpg,92468647,1.0,1.0,1,1,[1],1.0,1,1,[1],0.0,0.0,0.0,0,0.0
4400,Isa_ISTI01-02-03_27012023_25_3.jpg,92468648,2.5,2.5,1,4,"[1, 4]",2.5,2,5,"[1, 4]",1.0,0.0,5.0,0,0.0
4401,Isa_ISTI01-02-03_27012023_38_14.jpg,92468653,1.0,1.0,1,1,[1],1.0,1,1,[1],0.0,0.0,0.0,0,0.0
4402,Isa_ISTI01-02-03_27012023_54_45.jpg,92468656,4.5,4.5,4,5,"[4, 5]",4.5,2,9,"[4, 5]",1.0,0.0,5.0,0,4.0
4403,Isa_ISTI01-02-03_27012023_12_10.jpg,92468657,1.0,1.71,1,1,[1],1.0,14,24,"[1, 1, 1, 1, 1, 1, 1, 1, 1, 1, 1, 1, 2, 10]",1.0,0.0,5.0,0,19.0
4404,Isa_ISTI01-02-03_27012023_15_19.jpg,92468658,3.0,4.0,1,8,"[1, 3, 8]",4.0,3,12,"[1, 3, 8]",1.0,0.0,5.0,0,7.0
4405,Isa_ISTI01-02-03_27012023_47_39.jpg,92468659,1.0,1.0,1,1,[1],1.0,1,1,[1],0.0,0.0,0.0,0,0.0
4406,Isa_ISTI01-02-03_27012023_50_35.jpg,92468664,1.0,1.0,1,1,[1],1.0,1,1,[1],0.0,0.0,0.0,0,0.0
4407,Isa_ISTI01-02-03_27012023_3_51.jpg,92468666,2.0,2.0,2,2,[2],2.0,1,2,[2],0.0,0.0,0.0,0,0.0
4408,Isa_ISTI01-02-03_27012023_62_37.jpg,92468668,1.0,1.0,1,1,[1],1.0,1,1,[1],0.0,0.0,0.0,0,0.0
4409,Isa_ISTI01-02-03_27012023_26_6.jpg,92468671,1.0,1.0,1,1,[1],1.0,1,1,[1],0.0,0.0,0.0,0,0.0
4410,Isa_ISTI01-02-03_27012023_59_62.jpg,92468672,1.0,1.0,1,1,[1],1.0,1,1,[1],0.0,0.0,0.0,0,0.0
4411,Isa_ISTI01-02-03_27012023_57_67.jpg,92468679,2.0,2.0,2,2,[2],2.0,1,2,[2],0.0,0.0,0.0,0,0.0
4412,Isa_ISTI01-02-03_27012023_7_52.jpg,92468681,1.0,1.0,1,1,[1],1.0,1,1,[1],0.0,0.0,0.0,0,0.0
4413,Isa_ISTI01-02-03_27012023_29_22.jpg,92468684,1.0,1.0,1,1,[1],1.0,1,1,[1],0.0,0.0,0.0,0,0.0
4414,Isa_ISTI01-02-03_27012023_7_46.jpg,92468688,2.0,2.0,2,2,[2],2.0,1,2,[2],0.0,0.0,0.0,0,0.0
4415,Isa_ISTI01-02-03_27012023_68_42.jpg,92468689,1.0,1.0,1,1,[1],1.0,1,1,[1],0.0,0.0,0.0,0,0.0
4416,Isa_ISTI01-02-03_27012023_61_72.jpg,92468690,2.0,2.0,2,2,[2],2.0,1,2,[2],0.0,0.0,0.0,0,0.0
4417,Isa_ISTI01-02-03_27012023_32_12.jpg,92468703,2.0,2.0,2,2,[2],2.0,1,2,[2],0.0,0.0,0.0,0,0.0
4418,Isa_ISTI01-02-03_27012023_46_36.jpg,92468705,1.0,1.0,1,1,[1],1.0,1,1,[1],0.0,0.0,0.0,0,0.0
4419,Isa_ISTI01-02-03_27012023_52_43.jpg,92468706,1.0,1.0,1,1,[1],1.0,15,15,"[1, 1, 1, 1, 1, 1, 1, 1, 1, 1, 1, 1, 1, 1, 1]",2.0,0.0,5.0,0,0.0
4420,Isa_ISTI01-02-03_27012023_14_16.jpg,92468708,1.0,1.33,1,1,[1],1.0,9,12,"[1, 1, 1, 1, 1, 1, 1, 1, 4]",1.0,0.0,5.0,0,7.0
4421,Isa_ISTI01-02-03_27012023_46_23.jpg,92468714,5.5,5.5,4,7,"[4, 7]",5.5,2,11,"[4, 7]",1.0,0.0,5.0,0,6.0
4422,Isa_ISTI01-02-03_27012023_46_37.jpg,92468718,1.0,1.0,1,1,[1],1.0,15,15,"[1, 1, 1, 1, 1, 1, 1, 1, 1, 1, 1, 1, 1, 1, 1]",1.0,0.0,5.0,0,10.0
4423,Isa_ISTI01-02-03_27012023_20_1.jpg,92468720,1.0,1.0,1,1,[1],1.0,1,1,[1],0.0,0.0,0.0,0,0.0
4424,Isa_ISTI01-02-03_27012023_60_33.jpg,92468723,1.0,1.0,1,1,[1],1.0,2,2,"[1, 1]",0.0,0.0,0.0,0,0.0
4425,Isa_ISTI01-02-03_27012023_19_5.jpg,92468724,1.0,1.0,1,1,[1],1.0,1,1,[1],0.0,0.0,0.0,0,0.0
4426,Isa_ISTI01-02-03_27012023_25_23.jpg,92468725,1.0,1.0,1,1,[1],1.0,1,1,[1],0.0,0.0,0.0,0,0.0
4427,Isa_ISTI01-02-03_27012023_22_3.jpg,92468728,4.0,4.0,4,4,[4],4.0,1,4,[4],0.0,0.0,0.0,0,0.0
4428,Isa_ISTI01-02-03_27012023_64_57.jpg,92468729,1.0,1.0,1,1,[1],1.0,1,1,[1],0.0,0.0,0.0,0,0.0
4429,Isa_ISTI01-02-03_27012023_61_73.jpg,92468731,1.0,1.0,1,1,[1],1.0,1,1,[1],0.0,0.0,0.0,0,0.0
4430,Isa_ISTI01-02-03_27012023_57_66.jpg,92468739,1.0,1.0,1,1,[1],1.0,1,1,[1],0.0,0.0,0.0,0,0.0
4431,Isa_ISTI01-02-03_27012023_57_72.jpg,92468740,22.0,22.0,22,22,[22],22.0,1,22,[22],1.0,0.0,5.0,0,17.0
4432,Isa_ISTI01-02-03_27012023_44_26.jpg,92468742,1.5,1.5,1,2,"[1, 2]",1.5,2,3,"[1, 2]",0.0,0.0,0.0,0,0.0
4433,Isa_ISTI01-02-03_27012023_59_63.jpg,92468745,1.0,1.6,1,1,[1],1.0,15,24,"[1, 1, 1, 1, 1, 1, 1, 1, 1, 1, 1, 1, 1, 1, 10]",2.0,0.0,5.0,0,0.0
4434,Isa_ISTI01-02-03_27012023_62_36.jpg,92468747,4.0,4.0,4,4,[4],4.0,1,4,[4],0.0,0.0,0.0,0,0.0
4435,Isa_ISTI01-02-03_27012023_39_32.jpg,92468750,6.0,6.0,6,6,[6],6.0,1,6,[6],1.0,0.0,5.0,0,1.0
4436,Isa_ISTI01-02-03_27012023_39_30.jpg,92468751,1.0,1.0,1,1,[1],1.0,1,1,[1],0.0,0.0,0.0,0,0.0
4437,Isa_ISTI01-02-03_27012023_26_5.jpg,92468752,1.0,1.0,1,1,[1],1.0,1,1,[1],0.0,0.0,0.0,0,0.0
4438,Isa_ISTI01-02-03_27012023_62_34.jpg,92468753,1.0,1.0,1,1,[1],1.0,1,1,[1],0.0,0.0,0.0,0,0.0
4439,Isa_ISTI01-02-03_27012023_59_49.jpg,92468760,1.0,1.0,1,1,[1],1.0,1,1,[1],0.0,0.0,0.0,0,0.0
4440,Isa_ISTI01-02-03_27012023_27_18.jpg,92468766,2.0,2.0,2,2,[2],2.0,1,2,[2],0.0,0.0,0.0,0,0.0
4441,Isa_ISTI01-02-03_27012023_61_65.jpg,92468780,3.0,3.0,3,3,[3],3.0,1,3,[3],0.0,0.0,0.0,0,0.0
4442,Isa_ISTI01-02-03_27012023_5_40.jpg,92468788,1.0,1.21,1,1,[1],1.0,14,17,"[1, 1, 1, 1, 1, 1, 1, 1, 1, 1, 1, 1, 1, 4]",1.0,0.0,5.0,0,10.0
4443,Isa_ISTI01-02-03_27012023_63_74.jpg,92468795,3.5,3.5,3,4,"[3, 4]",3.5,2,7,"[3, 4]",1.0,0.0,5.0,0,2.0
4444,Isa_ISTI01-02-03_27012023_58_35.jpg,92468799,1.5,1.5,1,2,"[1, 2]",1.5,2,3,"[1, 2]",0.0,0.0,0.0,0,0.0
4445,Isa_ISTI01-02-03_27012023_35_30.jpg,92468808,6.0,6.0,6,6,[6],6.0,1,6,[6],1.0,0.0,5.0,0,1.0
4446,Isa_ISTI01-02-03_27012023_41_28.jpg,92468810,2.0,2.0,2,2,[2],2.0,1,2,[2],0.0,0.0,0.0,0,0.0
4447,Isa_ISTI01-02-03_27012023_52_40.jpg,92468817,2.0,1.71,2,2,[2],2.0,14,24,"[1, 1, 1, 1, 2, 2, 2, 2, 2, 2, 2, 2, 2, 2]",1.0,0.0,5.0,0,4.0
4448,Isa_ISTI01-02-03_27012023_48_24.jpg,92468823,1.0,1.0,1,1,[1],1.0,1,1,[1],0.0,0.0,0.0,0,0.0
4449,Isa_ISTI01-02-03_27012023_48_25.jpg,92468825,1.0,1.55,1,1,[1],1.0,11,17,"[1, 1, 1, 1, 1, 1, 1, 1, 1, 1, 7]",1.0,0.0,5.0,0,11.0
4450,Isa_ISTI01-02-03_27012023_48_31.jpg,92468828,4.0,4.0,4,4,[4],4.0,1,4,[4],0.0,0.0,0.0,0,0.0
4451,Isa_ISTI01-02-03_27012023_55_48.jpg,92468830,1.0,1.0,1,1,[1],1.0,1,1,[1],0.0,0.0,0.0,0,0.0
4452,Isa_ISTI01-02-03_27012023_14_14.jpg,92468832,1.0,1.0,1,1,[1],1.0,1,1,[1],0.0,0.0,0.0,0,0.0
4453,Isa_ISTI01-02-03_27012023_52_41.jpg,92468833,1.0,1.0,1,1,[1],1.0,1,1,[1],0.0,0.0,0.0,0,0.0
4454,Isa_ISTI01-02-03_27012023_46_34.jpg,92468835,3.0,3.0,3,3,[3],3.0,1,3,[3],0.0,0.0,0.0,0,0.0
4455,Isa_ISTI01-02-03_27012023_60_30.jpg,92468843,1.0,1.0,1,1,[1],1.0,1,1,[1],0.0,0.0,0.0,0,0.0
4456,Isa_ISTI01-02-03_27012023_20_2.jpg,92468846,3.0,3.0,3,3,[3],3.0,1,3,[3],0.0,0.0,0.0,0,0.0
4457,Isa_ISTI01-02-03_27012023_63_61.jpg,92468851,3.0,3.0,3,3,[3],3.0,1,3,[3],0.0,0.0,0.0,0,0.0
4458,Isa_ISTI01-02-03_27012023_2_48.jpg,92468857,1.0,1.0,1,1,[1],1.0,1,1,[1],0.0,0.0,0.0,0,0.0
4459,Isa_ISTI01-02-03_27012023_5_41.jpg,92468859,2.5,2.5,1,4,"[1, 4]",2.5,2,5,"[1, 4]",1.0,0.0,5.0,0,0.0
4460,Isa_ISTI01-02-03_27012023_61_70.jpg,92468865,1.0,1.0,1,1,[1],1.0,1,1,[1],0.0,0.0,0.0,0,0.0
4461,Isa_ISTI01-02-03_27012023_66_45.jpg,92468878,4.0,4.0,4,4,[4],4.0,1,4,[4],0.0,0.0,0.0,0,0.0
4462,Isa_ISTI01-02-03_27012023_44_31.jpg,92468885,12.0,12.0,12,12,[12],12.0,1,12,[12],1.0,0.0,5.0,0,7.0
4463,Isa_ISTI01-02-03_27012023_44_25.jpg,92468891,2.0,2.0,2,2,[2],2.0,1,2,[2],0.0,0.0,0.0,0,0.0
4464,Isa_ISTI01-02-03_27012023_18_28.jpg,92468893,3.0,3.0,3,3,[3],3.0,1,3,[3],0.0,0.0,0.0,0,0.0
4465,Isa_ISTI01-02-03_27012023_62_35.jpg,92468899,15.0,15.0,15,15,[15],15.0,1,15,[15],1.0,0.0,5.0,0,10.0
4466,Isa_ISTI01-02-03_27012023_13_9.jpg,92468907,1.0,1.5,1,1,[1],1.0,14,21,"[1, 1, 1, 1, 1, 1, 1, 1, 1, 1, 1, 1, 4, 5]",2.0,0.0,5.0,0,2.0
4467,Isa_ISTI01-02-03_27012023_59_58.jpg,92468910,13.0,13.0,13,13,[13],13.0,1,13,[13],1.0,0.0,5.0,0,8.0
4468,Isa_ISTI01-02-03_27012023_57_49.jpg,92468917,1.0,1.07,1,1,[1],1.0,14,15,"[1, 1, 1, 1, 1, 1, 1, 1, 1, 1, 1, 1, 1, 2]",1.0,0.0,5.0,0,5.0
4469,Isa_ISTI01-02-03_27012023_44_35.jpg,92468918,2.5,3.0,1,1,[1],1.0,14,42,"[1, 1, 1, 1, 1, 2, 2, 3, 3, 3, 5, 6, 6, 7]",4.0,0.0,5.0,0,0.0
4470,Isa_ISTI01-02-03_27012023_9_51.jpg,92468922,1.0,1.0,1,1,[1],1.0,1,1,[1],0.0,0.0,0.0,0,0.0
4471,Isa_ISTI01-02-03_27012023_66_41.jpg,92468932,1.0,1.0,1,1,[1],1.0,1,1,[1],0.0,0.0,0.0,0,0.0
4472,Isa_ISTI01-02-03_27012023_53_39.jpg,92468935,1.0,1.0,1,1,[1],1.0,1,1,[1],0.0,0.0,0.0,0,0.0
4473,Isa_ISTI01-02-03_27012023_22_4.jpg,92468938,6.5,6.5,3,10,"[3, 10]",6.5,2,13,"[3, 10]",1.0,0.0,5.0,0,8.0
4474,Isa_ISTI01-02-03_27012023_5_45.jpg,92468939,4.0,3.22,4,4,[4],4.0,9,29,"[1, 2, 2, 2, 4, 4, 4, 4, 6]",4.0,0.0,5.0,0,3.0
4475,Isa_ISTI01-02-03_27012023_64_50.jpg,92468941,1.0,1.0,1,1,[1],1.0,1,1,[1],0.0,0.0,0.0,0,0.0
4476,Isa_ISTI01-02-03_27012023_56_35.jpg,92468948,1.0,1.0,1,1,[1],1.0,1,1,[1],0.0,0.0,0.0,0,0.0
4477,Isa_ISTI01-02-03_27012023_19_2.jpg,92468949,1.0,1.0,1,1,[1],1.0,1,1,[1],0.0,0.0,0.0,0,0.0
4478,Isa_ISTI01-02-03_27012023_13_31.jpg,92468954,1.0,1.0,1,1,[1],1.0,3,3,"[1, 1, 1]",0.0,0.0,0.0,0,0.0
4479,Isa_ISTI01-02-03_27012023_13_19.jpg,92468962,1.0,1.0,1,1,[1],1.0,1,1,[1],0.0,0.0,0.0,0,0.0
4480,Isa_ISTI01-02-03_27012023_52_44.jpg,92468964,1.0,1.13,1,1,[1],1.0,15,17,"[1, 1, 1, 1, 1, 1, 1, 1, 1, 1, 1, 1, 1, 1, 3]",1.0,0.0,5.0,0,9.0
4481,Isa_ISTI01-02-03_27012023_13_18.jpg,92468967,1.0,1.0,1,1,[1],1.0,1,1,[1],0.0,0.0,0.0,0,0.0
4482,Isa_ISTI01-02-03_27012023_48_34.jpg,92468974,1.0,1.0,1,1,[1],1.0,1,1,[1],0.0,0.0,0.0,0,0.0
4483,Isa_ISTI01-02-03_27012023_32_15.jpg,92468975,1.0,1.0,1,1,[1],1.0,1,1,[1],0.0,0.0,0.0,0,0.0
4484,Isa_ISTI01-02-03_27012023_10_49.jpg,92468979,2.0,2.0,2,2,[2],2.0,1,2,[2],0.0,0.0,0.0,0,0.0
4485,Isa_ISTI01-02-03_27012023_5_50.jpg,92468982,1.0,1.0,1,1,[1],1.0,1,1,[1],0.0,0.0,0.0,0,0.0
4486,Isa_ISTI01-02-03_27012023_66_54.jpg,92468987,9.0,9.0,9,9,[9],9.0,1,9,[9],1.0,0.0,5.0,0,4.0
4487,Isa_ISTI01-02-03_27012023_7_41.jpg,92468989,1.0,1.0,1,1,[1],1.0,1,1,[1],0.0,0.0,0.0,0,0.0
4488,Isa_ISTI01-02-03_27012023_29_19.jpg,92468991,1.0,1.0,1,1,[1],1.0,1,1,[1],0.0,0.0,0.0,0,0.0
4489,Isa_ISTI01-02-03_27012023_27_20.jpg,92468995,38.0,38.0,38,38,[38],38.0,1,38,[38],1.0,0.0,5.0,0,14.0
4490,Isa_ISTI01-02-03_27012023_61_75.jpg,92468996,1.0,1.0,1,1,[1],1.0,1,1,[1],0.0,0.0,0.0,0,0.0
4491,Isa_ISTI01-02-03_27012023_44_34.jpg,92469002,1.0,1.0,1,1,[1],1.0,1,1,[1],0.0,0.0,0.0,0,0.0
4492,Isa_ISTI01-02-03_27012023_59_71.jpg,92469003,1.0,1.0,1,1,[1],1.0,1,1,[1],0.0,0.0,0.0,0,0.0
4493,Isa_ISTI01-02-03_27012023_43_29.jpg,92469005,2.0,2.0,2,2,[2],2.0,1,2,[2],0.0,0.0,0.0,0,0.0
4494,Isa_ISTI01-02-03_27012023_59_59.jpg,92469007,2.0,2.0,2,2,[2],2.0,1,2,[2],0.0,0.0,0.0,0,0.0
4495,Isa_ISTI01-02-03_27012023_62_30.jpg,92469012,1.0,1.0,1,1,[1],1.0,1,1,[1],0.0,0.0,0.0,0,0.0
4496,Isa_ISTI01-02-03_27012023_65_39.jpg,92469013,2.0,2.0,2,2,[2],2.0,1,2,[2],0.0,0.0,0.0,0,0.0
4497,Isa_ISTI01-02-03_27012023_13_8.jpg,92469015,1.5,2.0,1,1,[1],1.0,4,8,"[1, 1, 2, 4]",1.0,0.0,5.0,0,3.0
4498,Isa_ISTI01-02-03_27012023_66_56.jpg,92469040,1.0,1.0,1,1,[1],1.0,7,7,"[1, 1, 1, 1, 1, 1, 1]",1.0,0.0,5.0,0,2.0
4499,Isa_ISTI01-02-03_27012023_66_42.jpg,92469045,5.0,5.0,5,5,[5],5.0,1,5,[5],1.0,0.0,5.0,0,0.0
4500,Isa_ISTI01-02-03_27012023_5_52.jpg,92469049,1.0,1.0,1,1,[1],1.0,3,3,"[1, 1, 1]",0.0,0.0,0.0,0,0.0
4501,Isa_ISTI01-02-03_27012023_58_33.jpg,92469054,4.0,4.0,3,5,"[3, 5]",4.0,2,8,"[3, 5]",1.0,0.0,5.0,0,3.0
4502,Isa_ISTI01-02-03_27012023_56_36.jpg,92469056,1.0,1.0,1,1,[1],1.0,2,2,"[1, 1]",0.0,0.0,0.0,0,0.0
4503,Isa_ISTI01-02-03_27012023_32_17.jpg,92469057,1.0,1.0,1,1,[1],1.0,1,1,[1],0.0,0.0,0.0,0,0.0
4504,Isa_ISTI01-02-03_27012023_20_5.jpg,92469058,1.0,1.0,1,1,[1],1.0,1,1,[1],0.0,0.0,0.0,0,0.0
4505,Isa_ISTI01-02-03_27012023_14_13.jpg,92469063,1.0,1.0,1,1,[1],1.0,16,16,"[1, 1, 1, 1, 1, 1, 1, 1, 1, 1, 1, 1, 1, 1, 1, 1]",1.0,0.0,5.0,0,9.0
4506,Isa_ISTI01-02-03_27012023_14_12.jpg,92469066,1.0,1.0,1,1,[1],1.0,1,1,[1],0.0,0.0,0.0,0,0.0
4507,Isa_ISTI01-02-03_27012023_48_37.jpg,92469068,1.0,1.0,1,1,[1],1.0,2,2,"[1, 1]",0.0,0.0,0.0,0,0.0
4508,Isa_ISTI01-02-03_27012023_55_72.jpg,92469071,3.0,3.0,3,3,[3],3.0,1,3,[3],0.0,0.0,0.0,0,0.0
4509,Isa_ISTI01-02-03_27012023_48_23.jpg,92469073,1.0,1.0,1,1,[1],1.0,1,1,[1],0.0,0.0,0.0,0,0.0
4510,Isa_ISTI01-02-03_27012023_32_16.jpg,92469075,1.0,1.0,1,1,[1],1.0,1,1,[1],0.0,0.0,0.0,0,0.0
4511,Isa_ISTI01-02-03_27012023_58_32.jpg,92469077,1.0,1.0,1,1,[1],1.0,1,1,[1],0.0,0.0,0.0,0,0.0
4512,Isa_ISTI01-02-03_27012023_5_53.jpg,92469080,1.0,1.0,1,1,[1],1.0,1,1,[1],0.0,0.0,0.0,0,0.0
4513,Isa_ISTI01-02-03_27012023_64_52.jpg,92469081,6.0,6.0,6,6,[6],6.0,1,6,[6],1.0,0.0,5.0,0,1.0
4514,Isa_ISTI01-02-03_27012023_63_73.jpg,92469082,1.0,1.0,1,1,[1],1.0,1,1,[1],0.0,0.0,0.0,0,0.0
4515,Isa_ISTI01-02-03_27012023_7_42.jpg,92469083,1.0,1.0,1,1,[1],1.0,5,5,"[1, 1, 1, 1, 1]",1.0,0.0,5.0,0,0.0
4516,Isa_ISTI01-02-03_27012023_66_57.jpg,92469086,1.0,1.0,1,1,[1],1.0,1,1,[1],0.0,0.0,0.0,0,0.0
4517,Isa_ISTI01-02-03_27012023_27_23.jpg,92469089,2.0,2.0,2,2,[2],2.0,1,2,[2],0.0,0.0,0.0,0,0.0
4518,Isa_ISTI01-02-03_27012023_9_53.jpg,92469090,5.5,5.5,1,10,"[1, 10]",5.5,2,11,"[1, 10]",1.0,0.0,5.0,0,6.0
4519,Isa_ISTI01-02-03_27012023_68_46.jpg,92469092,1.0,1.0,1,1,[1],1.0,1,1,[1],0.0,0.0,0.0,0,0.0
4520,Isa_ISTI01-02-03_27012023_61_62.jpg,92469093,1.0,1.0,1,1,[1],1.0,1,1,[1],0.0,0.0,0.0,0,0.0
4521,Isa_ISVB01_27012023_6_3.jpg,92469121,4.0,4.75,2,4,"[2, 4]",3.0,16,76,"[1, 1, 2, 2, 2, 3, 4, 4, 4, 5, 6, 7, 7, 9, 9, 10]",7.0,0.0,5.0,0,2.0
4522,Isa_ISVB01_27012023_76_42.jpg,92469128,1.0,1.0,1,1,[1],1.0,2,2,"[1, 1]",0.0,0.0,0.0,0,0.0
4523,Isa_ISVB03_77012023_26_23.jpg,92469130,1.0,1.0,1,1,[1],1.0,7,7,"[1, 1, 1, 1, 1, 1, 1]",1.0,0.0,5.0,0,2.0
4524,Isa_ISVB01_27012023_2_6.jpg,92469140,2.0,2.0,2,2,[2],2.0,1,2,[2],0.0,0.0,0.0,0,0.0
4525,Isa_ISVB03_77012023_26_22.jpg,92469141,1.0,1.38,1,1,[1],1.0,8,11,"[1, 1, 1, 1, 1, 2, 2, 2]",1.0,0.0,5.0,0,6.0
4526,Isa_ISVB01_27012023_60_27.jpg,92469150,3.0,3.0,3,3,[3],3.0,1,3,[3],0.0,0.0,0.0,0,0.0
4527,Isa_ISVB01_27012023_4_2.jpg,92469160,23.5,26.93,2,2,[2],2.0,14,377,"[2, 2, 10, 15, 19, 20, 21, 26, 28, 35, 36, 42, 53, 68]",32.0,0.0,5.0,0,41.0
4528,Isa_ISVB01_27012023_52_40.jpg,92469162,1.0,1.8,1,1,[1],1.0,5,9,"[1, 1, 1, 3, 3]",1.0,0.0,5.0,0,4.0
4529,Isa_ISVB03_77012023_28_19.jpg,92469167,1.0,1.0,1,1,[1],1.0,7,7,"[1, 1, 1, 1, 1, 1, 1]",1.0,0.0,5.0,0,2.0
4530,Isa_ISVB01_27012023_76_41.jpg,92469168,1.0,1.0,1,1,[1],1.0,2,2,"[1, 1]",0.0,0.0,0.0,0,0.0
4531,Isa_ISVB01_27012023_44_18.jpg,92469170,1.0,1.0,1,1,[1],1.0,2,2,"[1, 1]",0.0,0.0,0.0,0,0.0
4532,Isa_ISVB01_27012023_75_38.jpg,92469172,1.0,1.0,1,1,[1],1.0,1,1,[1],0.0,0.0,0.0,0,0.0
4533,Isa_ISVB03_77012023_28_18.jpg,92469184,2.0,2.19,2,2,[2],2.0,16,35,"[1, 1, 1, 1, 2, 2, 2, 2, 2, 2, 2, 2, 3, 4, 4, 4]",3.0,0.0,5.0,0,7.0
4534,Isa_ISVB03_77012023_26_21.jpg,92469187,2.0,1.94,2,2,[2],2.0,17,33,"[1, 2, 2, 2, 2, 2, 2, 2, 2, 2, 2, 2, 2, 2, 2, 2, 2]",3.0,0.0,5.0,0,2.0
4535,Isa_ISVB01_27012023_52_41.jpg,92469191,1.0,1.0,1,1,[1],1.0,1,1,[1],0.0,0.0,0.0,0,0.0
4536,Isa_ISVB01_27012023_46_20.jpg,92469193,2.0,2.0,2,2,[2],2.0,1,2,[2],0.0,0.0,0.0,0,0.0
4537,Isa_ISVB01_27012023_48_31.jpg,92469195,1.0,1.0,1,1,[1],1.0,1,1,[1],0.0,0.0,0.0,0,0.0
4538,Isa_ISVB01_27012023_4_3.jpg,92469197,17.0,16.0,17,20,"[17, 20]",18.5,19,304,"[6, 7, 8, 9, 10, 12, 15, 16, 17, 17, 17, 20, 20, 20, 21, 21, 22, 23, 23]",22.0,0.0,5.0,0,14.0
4539,Isa_ISVB01_27012023_51_38.jpg,92469199,4.0,4.0,4,4,[4],4.0,1,4,[4],0.0,0.0,0.0,0,0.0
4540,Isa_ISVB01_27012023_77_38.jpg,92469202,1.0,1.5,1,1,[1],1.0,4,6,"[1, 1, 1, 3]",1.0,0.0,5.0,0,1.0
4541,Isa_ISVB01_27012023_4_7.jpg,92469204,1.5,1.5,1,2,"[1, 2]",1.5,2,3,"[1, 2]",0.0,0.0,0.0,0,0.0
4542,Isa_ISVB01_27012023_69_38.jpg,92469207,1.0,1.0,1,1,[1],1.0,1,1,[1],0.0,0.0,0.0,0,0.0
4543,Isa_ISVB01_27012023_20_9.jpg,92469211,3.5,3.5,3,4,"[3, 4]",3.5,2,7,"[3, 4]",1.0,0.0,5.0,0,2.0
4544,Isa_ISVB03_77012023_28_20.jpg,92469214,1.0,1.0,1,1,[1],1.0,1,1,[1],0.0,0.0,0.0,0,0.0
4545,Isa_ISVB01_27012023_72_34.jpg,92469219,1.0,1.0,1,1,[1],1.0,1,1,[1],0.0,0.0,0.0,0,0.0
4546,Isa_ISVB01_27012023_72_35.jpg,92469229,1.0,1.0,1,1,[1],1.0,5,5,"[1, 1, 1, 1, 1]",1.0,0.0,5.0,0,0.0
4547,Isa_ISVB01_27012023_44_20.jpg,92469232,2.0,2.0,2,2,[2],2.0,1,2,[2],0.0,0.0,0.0,0,0.0
4548,Isa_ISVB03_77012023_28_21.jpg,92469234,1.0,1.0,1,1,[1],1.0,1,1,[1],0.0,0.0,0.0,0,0.0
4549,Isa_ISVB01_27012023_4_6.jpg,92469242,1.0,1.0,1,1,[1],1.0,2,2,"[1, 1]",0.0,0.0,0.0,0,0.0
4550,Isa_ISVB01_27012023_77_39.jpg,92469245,1.5,1.5,1,2,"[1, 2]",1.5,2,3,"[1, 2]",0.0,0.0,0.0,0,0.0
4551,Isa_ISVB01_27012023_22_10.jpg,92469247,1.0,1.0,1,1,[1],1.0,1,1,[1],0.0,0.0,0.0,0,0.0
4552,Isa_ISVB01_27012023_6_6.jpg,92469249,1.5,2.0,1,1,[1],1.0,14,28,"[1, 1, 1, 1, 1, 1, 1, 2, 3, 3, 3, 3, 3, 4]",3.0,0.0,5.0,0,0.0
4553,Isa_ISVB01_27012023_74_42.jpg,92469253,4.0,4.5,4,4,[4],4.0,8,36,"[1, 2, 4, 4, 4, 4, 8, 9]",5.0,0.0,5.0,0,3.0
4554,Isa_ISVB01_27012023_4_4.jpg,92469256,8.0,8.0,8,8,[8],8.0,1,8,[8],1.0,0.0,5.0,0,3.0
4555,Isa_ISVB01_27012023_46_33.jpg,92469259,1.5,1.5,1,2,"[1, 2]",1.5,2,3,"[1, 2]",0.0,0.0,0.0,0,0.0
4556,Isa_ISVB01_27012023_72_37.jpg,92469267,1.0,1.0,1,1,[1],1.0,11,11,"[1, 1, 1, 1, 1, 1, 1, 1, 1, 1, 1]",1.0,0.0,5.0,0,1.0
4557,Isa_ISVB01_27012023_11_7.jpg,92469269,2.0,2.0,2,2,[2],2.0,1,2,[2],0.0,0.0,0.0,0,0.0
4558,Isa_ISVB01_27012023_72_36.jpg,92469273,1.0,1.09,1,1,[1],1.0,11,12,"[1, 1, 1, 1, 1, 1, 1, 1, 1, 1, 2]",1.0,0.0,5.0,0,7.0
4559,Isa_ISVB03_77012023_28_22.jpg,92469276,2.0,1.82,1,1,[1],1.0,17,31,"[1, 1, 1, 1, 1, 1, 1, 1, 2, 2, 2, 2, 2, 3, 3, 3, 4]",3.0,0.0,5.0,0,0.0
4560,Isa_ISVB01_27012023_46_32.jpg,92469282,5.0,5.0,5,5,[5],5.0,1,5,[5],1.0,0.0,5.0,0,0.0
4561,Isa_ISVB01_27012023_74_43.jpg,92469285,3.0,2.62,2,3,"[2, 3]",2.5,13,34,"[2, 2, 2, 2, 2, 2, 3, 3, 3, 3, 3, 3, 4]",3.0,0.0,5.0,0,4.0
4562,Isa_ISVB01_27012023_8_8.jpg,92469290,1.0,2.64,1,1,[1],1.0,11,29,"[1, 1, 1, 1, 1, 1, 1, 1, 2, 9, 10]",1.0,0.0,5.0,0,24.0
4563,Isa_ISVB01_27012023_6_7.jpg,92469291,7.0,6.2,7,7,[7],7.0,20,124,"[1, 2, 4, 5, 6, 6, 7, 7, 7, 7, 7, 7, 7, 7, 7, 7, 7, 7, 8, 8]",8.0,0.0,5.0,0,20.0
4564,Isa_ISVB01_27012023_42_19.jpg,92469295,1.0,1.0,1,1,[1],1.0,1,1,[1],0.0,0.0,0.0,0,0.0
4565,Isa_ISVB03_77012023_32_21.jpg,92469299,1.0,1.25,1,1,[1],1.0,4,5,"[1, 1, 1, 2]",1.0,0.0,5.0,0,0.0
4566,Isa_ISVB01_27012023_5_2.jpg,92469301,1.0,2.91,1,1,[1],1.0,11,32,"[1, 1, 1, 1, 1, 1, 2, 3, 4, 8, 9]",2.0,0.0,5.0,0,3.0
4567,Isa_ISVB01_27012023_57_38.jpg,92469302,1.0,1.0,1,1,[1],1.0,1,1,[1],0.0,0.0,0.0,0,0.0
4568,Isa_ISVB02_27012023_64.jpg,92469304,1.0,1.0,1,1,[1],1.0,1,1,[1],0.0,0.0,0.0,0,0.0
4569,Isa_ISVB01_27012023_49_38.jpg,92469306,1.0,1.0,1,1,[1],1.0,16,16,"[1, 1, 1, 1, 1, 1, 1, 1, 1, 1, 1, 1, 1, 1, 1, 1]",1.0,0.0,5.0,0,8.0
4570,Isa_ISVB02_27012023_112.jpg,92469309,1.0,1.0,1,1,[1],1.0,1,1,[1],0.0,0.0,0.0,0,0.0
4571,Isa_ISVB02_27012023_59.jpg,92469311,1.0,1.0,1,1,[1],1.0,1,1,[1],0.0,0.0,0.0,0,0.0
4572,Isa_ISVB01_27012023_49_39.jpg,92469313,1.0,1.22,1,1,[1],1.0,18,22,"[1, 1, 1, 1, 1, 1, 1, 1, 1, 1, 1, 1, 1, 1, 1, 1, 2, 4]",1.0,0.0,5.0,0,17.0
4573,Isa_ISVB02_27012023_71.jpg,92469314,1.0,1.0,1,1,[1],1.0,1,1,[1],0.0,0.0,0.0,0,0.0
4574,Isa_ISVB01_27012023_5_3.jpg,92469319,27.5,26.22,26,35,"[26, 29, 35]",30.0,18,472,"[3, 18, 19, 20, 22, 23, 26, 26, 27, 28, 29, 29, 30, 31, 34, 35, 35, 37]",29.0,0.0,5.0,0,57.0
4575,Isa_ISVB01_27012023_10_10.jpg,92469323,1.0,1.0,1,1,[1],1.0,1,1,[1],0.0,0.0,0.0,0,0.0
4576,Isa_ISVB03_77012023_27_17.jpg,92469328,2.0,1.79,2,2,[2],2.0,19,34,"[1, 1, 1, 1, 2, 2, 2, 2, 2, 2, 2, 2, 2, 2, 2, 2, 2, 2, 2]",2.0,0.0,5.0,0,0.0
4577,Isa_ISVB01_27012023_52_37.jpg,92469332,2.0,2.0,2,2,[2],2.0,1,2,[2],0.0,0.0,0.0,0,0.0
4578,Isa_ISVB01_27012023_5_1.jpg,92469333,1.0,1.0,1,1,[1],1.0,1,1,[1],0.0,0.0,0.0,0,0.0
4579,Isa_ISVB01_27012023_7_3.jpg,92469336,2.5,2.5,1,4,"[1, 2, 3, 4]",2.5,4,10,"[1, 2, 3, 4]",1.0,0.0,5.0,0,5.0
4580,Isa_ISVB02_27012023_98.jpg,92469338,1.0,1.0,1,1,[1],1.0,1,1,[1],0.0,0.0,0.0,0,0.0
4581,Isa_ISVB02_27012023_73.jpg,92469341,1.0,1.0,1,1,[1],1.0,1,1,[1],0.0,0.0,0.0,0,0.0
4582,Isa_ISVB02_27012023_111.jpg,92469342,1.0,1.0,1,1,[1],1.0,1,1,[1],0.0,0.0,0.0,0,0.0
4583,Isa_ISVB02_27012023_72.jpg,92469343,3.0,3.0,3,3,[3],3.0,1,3,[3],0.0,0.0,0.0,0,0.0
4584,Isa_ISVB02_27012023_99.jpg,92469346,8.0,7.61,10,10,[10],10.0,18,137,"[1, 1, 1, 2, 2, 6, 7, 7, 7, 9, 10, 10, 10, 10, 11, 13, 14, 16]",11.0,0.0,5.0,0,15.0
4585,Isa_ISVB01_27012023_52_36.jpg,92469349,3.0,3.0,3,3,[3],3.0,1,3,[3],0.0,0.0,0.0,0,0.0
4586,Isa_ISVB01_27012023_3_6.jpg,92469350,3.0,3.25,2,4,"[2, 3, 4]",3.0,12,39,"[1, 2, 2, 2, 3, 3, 3, 4, 4, 4, 5, 6]",3.0,0.0,5.0,0,3.0
4587,Isa_ISVB03_77012023_27_16.jpg,92469352,1.0,1.0,1,1,[1],1.0,9,9,"[1, 1, 1, 1, 1, 1, 1, 1, 1]",1.0,0.0,5.0,0,4.0
4588,Isa_ISVB01_27012023_10_7.jpg,92469353,3.0,3.0,3,3,[3],3.0,1,3,[3],0.0,0.0,0.0,0,0.0
4589,Isa_ISVB01_27012023_48_42.jpg,92469356,1.0,1.0,1,1,[1],1.0,1,1,[1],0.0,0.0,0.0,0,0.0
4590,Isa_ISVB01_27012023_5_4.jpg,92469358,1.0,1.0,1,1,[1],1.0,1,1,[1],0.0,0.0,0.0,0,0.0
4591,Isa_ISVB01_27012023_50_37.jpg,92469359,1.0,1.0,1,1,[1],1.0,1,1,[1],0.0,0.0,0.0,0,0.0
4592,Isa_ISVB02_27012023_62.jpg,92469365,9.0,10.0,1,1,[1],1.0,7,70,"[1, 1, 4, 9, 14, 19, 22]",7.0,0.0,5.0,0,23.0
4593,Isa_ISVB02_27012023_100.jpg,92469369,1.0,1.0,1,1,[1],1.0,2,2,"[1, 1]",0.0,0.0,0.0,0,0.0
4594,Isa_ISVB03_77012023_25_16.jpg,92469372,1.0,1.0,1,1,[1],1.0,1,1,[1],0.0,0.0,0.0,0,0.0
4595,Isa_ISVB01_27012023_50_36.jpg,92469375,1.0,1.0,1,1,[1],1.0,1,1,[1],0.0,0.0,0.0,0,0.0
4596,Isa_ISVB01_27012023_5_5.jpg,92469377,4.0,4.0,4,4,[4],4.0,1,4,[4],0.0,0.0,0.0,0,0.0
4597,Isa_ISVB01_27012023_48_43.jpg,92469379,1.0,1.0,1,1,[1],1.0,1,1,[1],0.0,0.0,0.0,0,0.0
4598,Isa_ISVB01_27012023_74_37.jpg,92469382,1.5,1.5,1,2,"[1, 2]",1.5,2,3,"[1, 2]",0.0,0.0,0.0,0,0.0
4599,Isa_ISVB01_27012023_42_20.jpg,92469387,3.0,3.0,3,3,[3],3.0,1,3,[3],0.0,0.0,0.0,0,0.0
4600,Isa_ISVB01_27012023_55_38.jpg,92469389,4.0,4.0,4,4,[4],4.0,1,4,[4],0.0,0.0,0.0,0,0.0
4601,Isa_ISVB01_27012023_5_7.jpg,92469394,2.5,2.5,1,4,"[1, 4]",2.5,2,5,"[1, 4]",1.0,0.0,5.0,0,0.0
4602,Isa_ISVB01_27012023_57_29.jpg,92469395,9.0,9.0,9,9,[9],9.0,1,9,[9],1.0,0.0,5.0,0,4.0
4603,Isa_ISVB01_27012023_21_9.jpg,92469397,4.5,4.5,3,6,"[3, 6]",4.5,2,9,"[3, 6]",1.0,0.0,5.0,0,4.0
4604,Isa_ISVB01_27012023_72_40.jpg,92469398,2.0,2.0,2,2,[2],2.0,1,2,[2],0.0,0.0,0.0,0,0.0
4605,Isa_ISVB02_27012023_61.jpg,92469404,1.5,1.5,1,2,"[1, 2]",1.5,2,3,"[1, 2]",0.0,0.0,0.0,0,0.0
4606,Isa_ISVB02_27012023_60.jpg,92469406,1.0,1.0,1,1,[1],1.0,1,1,[1],0.0,0.0,0.0,0,0.0
4607,Isa_ISVB02_27012023_117.jpg,92469408,1.0,1.0,1,1,[1],1.0,8,8,"[1, 1, 1, 1, 1, 1, 1, 1]",1.0,0.0,5.0,0,3.0
4608,Isa_ISVB01_27012023_47_39.jpg,92469410,1.0,1.0,1,1,[1],1.0,2,2,"[1, 1]",0.0,0.0,0.0,0,0.0
4609,Isa_ISVB03_77012023_25_15.jpg,92469411,1.0,1.0,1,1,[1],1.0,2,2,"[1, 1]",0.0,0.0,0.0,0,0.0
4610,Isa_ISVB01_27012023_71_38.jpg,92469415,5.0,5.0,5,5,[5],5.0,1,5,[5],1.0,0.0,5.0,0,0.0
4611,Isa_ISVB01_27012023_5_6.jpg,92469417,2.0,1.83,2,2,[2],2.0,12,22,"[1, 1, 2, 2, 2, 2, 2, 2, 2, 2, 2, 2]",2.0,0.0,5.0,0,0.0
4612,Isa_ISVB01_27012023_51_44.jpg,92469425,1.0,1.0,1,1,[1],1.0,1,1,[1],0.0,0.0,0.0,0,0.0
4613,Isa_ISVB01_27012023_7_9.jpg,92469435,1.0,1.0,1,1,[1],1.0,1,1,[1],0.0,0.0,0.0,0,0.0
4614,Isa_ISVB01_27012023_47_34.jpg,92469440,1.0,1.0,1,1,[1],1.0,1,1,[1],0.0,0.0,0.0,0,0.0
4615,Isa_ISVB01_27012023_9_6.jpg,92469442,1.0,1.0,1,1,[1],1.0,1,1,[1],0.0,0.0,0.0,0,0.0
4616,Isa_ISVB02_27012023_79.jpg,92469445,2.0,2.0,2,2,[2],2.0,1,2,[2],0.0,0.0,0.0,0,0.0
4617,Isa_ISVB01_27012023_47_21.jpg,92469458,1.0,4.0,1,1,[1],1.0,3,12,"[1, 1, 10]",2.0,0.0,5.0,0,0.0
4618,Isa_ISVB01_27012023_7_8.jpg,92469463,1.0,1.19,1,1,[1],1.0,16,19,"[1, 1, 1, 1, 1, 1, 1, 1, 1, 1, 1, 1, 1, 2, 2, 2]",1.0,0.0,5.0,0,6.0
4619,Isa_ISVB03_77012023_15_2.jpg,92469468,1.0,1.0,1,1,[1],1.0,1,1,[1],0.0,0.0,0.0,0,0.0
4620,Isa_ISVB01_27012023_71_34.jpg,92469469,2.0,2.0,2,2,[2],2.0,1,2,[2],0.0,0.0,0.0,0,0.0
4621,Isa_ISVB01_27012023_10_9.jpg,92469473,1.0,1.0,1,1,[1],1.0,1,1,[1],0.0,0.0,0.0,0,0.0
4622,Isa_ISVB03_77012023_29_19.jpg,92469475,1.0,1.55,1,1,[1],1.0,11,17,"[1, 1, 1, 1, 1, 1, 2, 2, 2, 2, 3]",2.0,0.0,5.0,0,1.0
4623,Isa_ISVB03_77012023_27_20.jpg,92469477,13.0,13.0,13,13,[13],13.0,1,13,[13],1.0,0.0,5.0,0,8.0
4624,Isa_ISVB03_77012023_27_22.jpg,92469478,1.0,1.6,1,1,[1],1.0,10,16,"[1, 1, 1, 1, 1, 1, 1, 2, 3, 4]",2.0,0.0,5.0,0,1.0
4625,Isa_ISVB02_27012023_91.jpg,92469488,1.0,1.0,1,1,[1],1.0,1,1,[1],0.0,0.0,0.0,0,0.0
4626,Isa_ISVB01_27012023_9_5.jpg,92469492,13.0,13.0,13,13,[13],13.0,1,13,[13],1.0,0.0,5.0,0,8.0
4627,Isa_ISVB01_27012023_40_17.jpg,92469504,59.0,59.0,59,59,[59],59.0,1,59,[59],1.0,0.0,5.0,0,31.0
4628,Isa_ISVB02_27012023_118.jpg,92469510,1.0,1.33,1,1,[1],1.0,6,8,"[1, 1, 1, 1, 2, 2]",1.0,0.0,5.0,0,3.0
4629,Isa_ISVB01_27012023_5_9.jpg,92469520,1.0,1.0,1,1,[1],1.0,1,1,[1],0.0,0.0,0.0,0,0.0
4630,Isa_ISVB01_27012023_71_37.jpg,92469522,1.0,1.8,1,1,[1],1.0,10,18,"[1, 1, 1, 1, 1, 1, 1, 1, 1, 9]",2.0,0.0,5.0,0,1.0
4631,Isa_ISVB03_77012023_27_23.jpg,92469525,1.0,1.0,1,1,[1],1.0,8,8,"[1, 1, 1, 1, 1, 1, 1, 1]",1.0,0.0,5.0,0,3.0
4632,Isa_ISVB01_27012023_51_42.jpg,92469528,2.0,2.0,2,2,[2],2.0,1,2,[2],0.0,0.0,0.0,0,0.0
4633,Isa_ISVB02_27012023_80.jpg,92469540,1.0,1.44,1,1,[1],1.0,9,13,"[1, 1, 1, 1, 1, 2, 2, 2, 2]",1.0,0.0,5.0,0,8.0
4634,Isa_ISVB03_77012023_25_22.jpg,92469542,1.0,1.44,1,1,[1],1.0,16,23,"[1, 1, 1, 1, 1, 1, 1, 1, 1, 1, 1, 1, 2, 2, 3, 4]",1.0,0.0,5.0,0,16.0
4635,Isa_ISVB02_27012023_42.jpg,92469551,1.0,1.0,1,1,[1],1.0,2,2,"[1, 1]",0.0,0.0,0.0,0,0.0
4636,Isa_ISVB01_27012023_47_33.jpg,92469552,1.0,1.0,1,1,[1],1.0,1,1,[1],0.0,0.0,0.0,0,0.0
4637,Isa_ISVB02_27012023_135.jpg,92469555,1.0,1.0,1,1,[1],1.0,2,2,"[1, 1]",0.0,0.0,0.0,0,0.0
4638,Isa_ISVB03_77012023_25_23.jpg,92469557,1.0,1.14,1,1,[1],1.0,7,8,"[1, 1, 1, 1, 1, 1, 2]",1.0,0.0,5.0,0,3.0
4639,Isa_ISVB02_27012023_81.jpg,92469559,1.0,1.0,1,1,[1],1.0,2,2,"[1, 1]",0.0,0.0,0.0,0,0.0
4640,Isa_ISVB01_27012023_51_43.jpg,92469566,4.0,4.0,4,4,[4],4.0,1,4,[4],0.0,0.0,0.0,0,0.0
4641,Isa_ISVB01_27012023_1_8.jpg,92469568,1.0,1.0,1,1,[1],1.0,1,1,[1],0.0,0.0,0.0,0,0.0
4642,Isa_ISVB03_77012023_27_18.jpg,92469570,2.0,2.0,2,2,[2],2.0,1,2,[2],0.0,0.0,0.0,0,0.0
4643,Isa_ISVB01_27012023_45_20.jpg,92469572,1.0,1.0,1,1,[1],1.0,1,1,[1],0.0,0.0,0.0,0,0.0
4644,Isa_ISVB01_27012023_51_41.jpg,92469576,1.0,1.5,1,1,[1],1.0,6,9,"[1, 1, 1, 1, 2, 3]",1.0,0.0,5.0,0,4.0
4645,Isa_ISVB01_27012023_3_8.jpg,92469579,1.0,1.0,1,1,[1],1.0,2,2,"[1, 1]",0.0,0.0,0.0,0,0.0
4646,Isa_ISVB02_27012023_83.jpg,92469589,1.0,1.1,1,1,[1],1.0,10,11,"[1, 1, 1, 1, 1, 1, 1, 1, 1, 2]",1.0,0.0,5.0,0,5.0
4647,Isa_ISVB03_77012023_25_21.jpg,92469591,1.0,1.44,1,1,[1],1.0,9,13,"[1, 1, 1, 1, 1, 1, 2, 2, 3]",1.0,0.0,5.0,0,8.0
4648,Isa_ISVB02_27012023_97.jpg,92469593,1.0,1.0,1,1,[1],1.0,1,1,[1],0.0,0.0,0.0,0,0.0
4649,Isa_ISVB02_27012023_137.jpg,92469599,1.0,1.33,1,1,[1],1.0,3,4,"[1, 1, 2]",0.0,0.0,0.0,0,0.0
4650,Isa_ISVB02_27012023_41.jpg,92469603,1.0,1.0,1,1,[1],1.0,1,1,[1],0.0,0.0,0.0,0,0.0
4651,Isa_ISVB01_27012023_49_35.jpg,92469606,1.0,1.0,1,1,[1],1.0,1,1,[1],0.0,0.0,0.0,0,0.0
4652,Isa_ISVB02_27012023_96.jpg,92469608,2.0,2.0,2,2,[2],2.0,1,2,[2],0.0,0.0,0.0,0,0.0
4653,Isa_ISVB01_27012023_3_9.jpg,92469617,1.0,1.0,1,1,[1],1.0,1,1,[1],0.0,0.0,0.0,0,0.0
4654,Isa_ISVB01_27012023_51_40.jpg,92469620,1.0,1.0,1,1,[1],1.0,1,1,[1],0.0,0.0,0.0,0,0.0
4655,Isa_ISVB03_77012023_29_20.jpg,92469622,1.0,1.0,1,1,[1],1.0,1,1,[1],0.0,0.0,0.0,0,0.0
4656,Isa_ISVB01_27012023_53_36.jpg,92469632,2.0,2.0,2,2,[2],2.0,1,2,[2],0.0,0.0,0.0,0,0.0
4657,Isa_ISVB03_77012023_26_17.jpg,92469642,1.0,1.0,1,1,[1],1.0,3,3,"[1, 1, 1]",0.0,0.0,0.0,0,0.0
4658,Isa_ISVB01_27012023_6_9.jpg,92469650,1.0,1.0,1,1,[1],1.0,1,1,[1],0.0,0.0,0.0,0,0.0
4659,Isa_ISVB01_27012023_60_38.jpg,92469656,1.0,1.0,1,1,[1],1.0,3,3,"[1, 1, 1]",0.0,0.0,0.0,0,0.0
4660,Isa_ISVB01_27012023_55_40.jpg,92469659,1.0,1.0,1,1,[1],1.0,1,1,[1],0.0,0.0,0.0,0,0.0
4661,Isa_ISVB03_77012023_26_15.jpg,92469663,4.0,4.0,4,4,[4],4.0,1,4,[4],0.0,0.0,0.0,0,0.0
4662,Isa_ISVB01_27012023_59_40.jpg,92469667,4.0,4.0,4,4,[4],4.0,1,4,[4],0.0,0.0,0.0,0,0.0
4663,Isa_ISVB01_27012023_43_18.jpg,92469669,4.0,4.0,4,4,[4],4.0,1,4,[4],0.0,0.0,0.0,0,0.0
4664,Isa_ISVB01_27012023_72_38.jpg,92469671,2.0,1.8,2,2,[2],2.0,5,9,"[1, 2, 2, 2, 2]",1.0,0.0,5.0,0,4.0
4665,Isa_ISVB03_77012023_31_19.jpg,92469672,2.0,2.0,2,2,[2],2.0,1,2,[2],0.0,0.0,0.0,0,0.0
4666,Isa_ISVB02_27012023_30.jpg,92469680,14.0,14.0,14,14,[14],14.0,1,14,[14],1.0,0.0,5.0,0,9.0
4667,Isa_ISVB01_27012023_56_38.jpg,92469697,1.0,1.0,1,1,[1],1.0,17,17,"[1, 1, 1, 1, 1, 1, 1, 1, 1, 1, 1, 1, 1, 1, 1, 1, 1]",1.0,0.0,5.0,0,3.0
4668,Isa_ISVB03_77012023_27_9.jpg,92469705,1.0,1.0,1,1,[1],1.0,21,21,"[1, 1, 1, 1, 1, 1, 1, 1, 1, 1, 1, 1, 1, 1, 1, 1, 1, 1, 1, 1, 1]",1.0,0.0,5.0,0,0.0
4669,Isa_ISVB01_27012023_2_8.jpg,92469707,1.5,1.5,1,2,"[1, 2]",1.5,2,3,"[1, 2]",0.0,0.0,0.0,0,0.0
4670,Isa_ISVB03_77012023_31_20.jpg,92469710,1.0,1.0,1,1,[1],1.0,1,1,[1],0.0,0.0,0.0,0,0.0
4671,Isa_ISVB01_27012023_49_41.jpg,92469714,1.0,1.0,1,1,[1],1.0,3,3,"[1, 1, 1]",0.0,0.0,0.0,0,0.0
4672,Isa_ISVB02_27012023_156.jpg,92469715,1.0,1.0,1,1,[1],1.0,1,1,[1],0.0,0.0,0.0,0,0.0
4673,Isa_ISVB01_27012023_57_41.jpg,92469717,1.0,1.0,1,1,[1],1.0,1,1,[1],0.0,0.0,0.0,0,0.0
4674,Isa_ISVB01_27012023_73_40.jpg,92469720,9.0,9.0,3,15,"[3, 15]",9.0,2,18,"[3, 15]",2.0,0.0,5.0,0,2.0
4675,Isa_ISVB03_77012023_28_16.jpg,92469725,1.0,1.0,1,1,[1],1.0,1,1,[1],0.0,0.0,0.0,0,0.0
4676,Isa_ISVB01_27012023_75_37.jpg,92469726,1.0,1.16,1,1,[1],1.0,19,22,"[1, 1, 1, 1, 1, 1, 1, 1, 1, 1, 1, 1, 1, 1, 1, 1, 2, 2, 2]",2.0,0.0,5.0,0,7.0
4677,Isa_ISVB02_27012023_154.jpg,92469727,1.0,1.0,1,1,[1],1.0,3,3,"[1, 1, 1]",0.0,0.0,0.0,0,0.0
4678,Isa_ISVB01_27012023_49_43.jpg,92469728,1.0,1.0,1,1,[1],1.0,2,2,"[1, 1]",0.0,0.0,0.0,0,0.0
4679,Isa_ISVB02_27012023_155.jpg,92469731,3.0,2.89,3,3,[3],3.0,9,26,"[2, 3, 3, 3, 3, 3, 3, 3, 3]",3.0,0.0,5.0,0,1.0
4680,Isa_ISVB01_27012023_75_36.jpg,92469733,1.0,1.0,1,1,[1],1.0,18,18,"[1, 1, 1, 1, 1, 1, 1, 1, 1, 1, 1, 1, 1, 1, 1, 1, 1, 1]",2.0,0.0,5.0,0,2.0
4681,Isa_ISVB01_27012023_27_16.jpg,92469734,1.0,1.0,1,1,[1],1.0,17,17,"[1, 1, 1, 1, 1, 1, 1, 1, 1, 1, 1, 1, 1, 1, 1, 1, 1]",1.0,0.0,5.0,0,12.0
