subject_id,data.no,data.yes
92458387,0.0,22.0
92458388,4.0,16.0
92458389,3.0,17.0
92458390,1.0,19.0
92458391,21.0,0.0
92458392,20.0,0.0
92458393,20.0,0.0
92458394,10.0,11.0
92458395,21.0,0.0
92458396,19.0,2.0
92458397,16.0,5.0
92458398,1.0,19.0
92458399,0.0,20.0
92458400,20.0,0.0
92458401,4.0,16.0
92458402,7.0,13.0
92458403,20.0,0.0
92458404,20.0,0.0
92458405,20.0,0.0
92458406,20.0,0.0
92458407,1.0,19.0
92458408,1.0,20.0
92458409,6.0,15.0
92458410,0.0,21.0
92458411,1.0,19.0
92458412,18.0,2.0
92458413,20.0,0.0
92458414,20.0,0.0
92458415,20.0,1.0
92458416,8.0,12.0
92458417,20.0,0.0
92458418,11.0,9.0
92458419,2.0,18.0
92458420,20.0,0.0
92458421,20.0,0.0
92458422,3.0,17.0
92458423,21.0,0.0
92458424,18.0,2.0
92458425,20.0,0.0
92458426,12.0,8.0
92458427,17.0,3.0
92458428,18.0,2.0
92458429,18.0,2.0
92458430,2.0,18.0
92458431,18.0,2.0
92458432,20.0,0.0
92458433,21.0,0.0
92458434,0.0,20.0
92458435,19.0,2.0
92458436,4.0,17.0
92458437,19.0,1.0
92458438,20.0,0.0
92458439,4.0,16.0
92458440,16.0,4.0
92458441,0.0,20.0
92458442,19.0,1.0
92458443,21.0,0.0
92458444,4.0,17.0
92458445,22.0,0.0
92458446,20.0,0.0
92458447,19.0,1.0
92458448,3.0,17.0
92458449,21.0,0.0
92458450,21.0,0.0
92458452,5.0,15.0
92458453,20.0,0.0
92458454,0.0,20.0
92458455,20.0,0.0
92458456,21.0,0.0
92458457,19.0,2.0
92458458,20.0,0.0
92458459,19.0,1.0
92458460,20.0,0.0
92458461,20.0,0.0
92458462,1.0,20.0
92458463,20.0,0.0
92458464,20.0,0.0
92458465,0.0,20.0
92458466,20.0,0.0
92458467,8.0,12.0
92458468,4.0,16.0
92458469,21.0,0.0
92458470,1.0,20.0
92458471,19.0,1.0
92458472,19.0,1.0
92458473,8.0,12.0
92458474,21.0,0.0
92458475,2.0,18.0
92458476,18.0,2.0
92458477,1.0,19.0
92458478,3.0,19.0
92458479,21.0,0.0
92458480,20.0,1.0
92458481,5.0,16.0
92458482,14.0,8.0
92458483,14.0,6.0
92458484,18.0,2.0
92458486,20.0,0.0
92458487,19.0,1.0
92458488,20.0,0.0
92458489,20.0,0.0
92458490,20.0,0.0
92458491,20.0,0.0
92458492,20.0,0.0
92458493,20.0,0.0
92458494,18.0,2.0
92458495,20.0,0.0
92458496,20.0,0.0
92458497,20.0,0.0
92458498,3.0,17.0
92458499,14.0,6.0
92458500,12.0,8.0
92458501,16.0,4.0
92458502,21.0,0.0
92458503,0.0,21.0
92458505,18.0,2.0
92458506,0.0,21.0
92458507,20.0,0.0
92458508,20.0,1.0
92458509,2.0,18.0
92458510,20.0,0.0
92458511,3.0,18.0
92458512,18.0,2.0
92458513,13.0,7.0
92458514,19.0,1.0
92458515,20.0,0.0
92458516,21.0,0.0
92458517,21.0,0.0
92458518,20.0,1.0
92458519,18.0,2.0
92458520,20.0,0.0
92458521,20.0,0.0
92458522,2.0,18.0
92458523,21.0,0.0
92458524,20.0,0.0
92458525,20.0,0.0
92458526,0.0,20.0
92458527,19.0,1.0
92458528,20.0,0.0
92458529,0.0,20.0
92458530,20.0,0.0
92458531,1.0,19.0
92458532,20.0,0.0
92458533,20.0,0.0
92458534,3.0,17.0
92458535,19.0,1.0
92458536,4.0,16.0
92458537,2.0,18.0
92458538,19.0,1.0
92458539,20.0,0.0
92458540,19.0,1.0
92458541,20.0,0.0
92458543,3.0,18.0
92458544,20.0,0.0
92458545,17.0,3.0
92458546,20.0,0.0
92458547,11.0,9.0
92458548,19.0,1.0
92458549,20.0,0.0
92458550,5.0,15.0
92458552,21.0,0.0
92458553,20.0,0.0
92458554,13.0,8.0
92458555,6.0,14.0
92458556,20.0,0.0
92458557,4.0,16.0
92458558,7.0,13.0
92458559,0.0,20.0
92458560,5.0,15.0
92458561,21.0,0.0
92458562,14.0,10.0
92458563,20.0,1.0
92458564,13.0,7.0
92458565,2.0,18.0
92458566,20.0,1.0
92458567,14.0,6.0
92458568,19.0,1.0
92458569,20.0,1.0
92458570,0.0,20.0
92458571,0.0,20.0
92458572,19.0,1.0
92458573,21.0,0.0
92458574,2.0,18.0
92458575,19.0,1.0
92458576,19.0,1.0
92458577,11.0,10.0
92458578,20.0,1.0
92458579,20.0,0.0
92458580,16.0,4.0
92458581,18.0,2.0
92458582,0.0,20.0
92458583,16.0,4.0
92458584,1.0,19.0
92458585,1.0,19.0
92458586,8.0,12.0
92458587,21.0,0.0
92458588,20.0,1.0
92458589,19.0,2.0
92458590,19.0,1.0
92458591,8.0,12.0
92458592,17.0,3.0
92458593,6.0,14.0
92458594,20.0,0.0
92458595,21.0,0.0
92458596,20.0,0.0
92458597,21.0,0.0
92458598,19.0,1.0
92458599,20.0,0.0
92458600,18.0,6.0
92458601,5.0,24.0
92458602,7.0,13.0
92458603,20.0,0.0
92458604,20.0,0.0
92458605,19.0,1.0
92458606,2.0,18.0
92458607,10.0,10.0
92458608,20.0,0.0
92458609,20.0,0.0
92458610,18.0,3.0
92458611,7.0,13.0
92458612,17.0,3.0
92458613,19.0,1.0
92458614,20.0,0.0
92458615,15.0,5.0
92458616,21.0,0.0
92458617,21.0,0.0
92458618,20.0,0.0
92458619,20.0,0.0
92458620,19.0,1.0
92458621,20.0,0.0
92458622,2.0,18.0
92458623,20.0,0.0
92458624,19.0,2.0
92458625,18.0,2.0
92458626,13.0,7.0
92458627,2.0,18.0
92458628,4.0,16.0
92458629,14.0,6.0
92458630,21.0,0.0
92458631,21.0,0.0
92458632,15.0,5.0
92458633,19.0,1.0
92458634,21.0,0.0
92458635,1.0,20.0
92458636,1.0,19.0
92458637,19.0,1.0
92458638,16.0,4.0
92458639,11.0,9.0
92458640,20.0,0.0
92458641,18.0,2.0
92458642,19.0,1.0
92458643,20.0,0.0
92458644,1.0,19.0
92458645,20.0,0.0
92458646,19.0,1.0
92458647,19.0,1.0
92458648,20.0,0.0
92458649,19.0,1.0
92458650,19.0,1.0
92458651,19.0,1.0
92458652,4.0,16.0
92458653,4.0,16.0
92458654,20.0,1.0
92458655,2.0,19.0
92458656,18.0,2.0
92458657,3.0,17.0
92458658,18.0,2.0
92458659,20.0,0.0
92458660,22.0,0.0
92458661,20.0,1.0
92458662,19.0,1.0
92458663,4.0,16.0
92458664,19.0,1.0
92458665,5.0,15.0
92458666,20.0,0.0
92458667,17.0,4.0
92458668,2.0,18.0
92458669,20.0,0.0
92458670,3.0,18.0
92458671,11.0,9.0
92458672,17.0,3.0
92458673,5.0,15.0
92458674,10.0,10.0
92458675,3.0,17.0
92458676,9.0,11.0
92458677,19.0,1.0
92458678,18.0,2.0
92458679,20.0,0.0
92458680,0.0,20.0
92458681,4.0,17.0
92458682,2.0,18.0
92458683,1.0,19.0
92458684,2.0,19.0
92458685,21.0,2.0
92458686,3.0,17.0
92458687,19.0,1.0
92458688,20.0,0.0
92458689,21.0,0.0
92458690,19.0,1.0
92458691,19.0,1.0
92458692,19.0,1.0
92458693,19.0,1.0
92458694,20.0,0.0
92458695,2.0,18.0
92458696,0.0,20.0
92458697,19.0,2.0
92458698,21.0,0.0
92458699,2.0,18.0
92458700,0.0,20.0
92458701,8.0,12.0
92458702,2.0,18.0
92458703,19.0,1.0
92458704,18.0,2.0
92458705,20.0,0.0
92458706,2.0,18.0
92458707,18.0,2.0
92458709,20.0,0.0
92458710,20.0,0.0
92458711,20.0,0.0
92458712,1.0,19.0
92458713,1.0,19.0
92458714,17.0,3.0
92458715,9.0,11.0
92458716,20.0,0.0
92458717,19.0,1.0
92458718,3.0,17.0
92458719,16.0,4.0
92458720,20.0,0.0
92458721,12.0,8.0
92458722,20.0,0.0
92458723,20.0,1.0
92458724,20.0,0.0
92458725,8.0,13.0
92458726,20.0,0.0
92458727,20.0,0.0
92458728,21.0,0.0
92458729,10.0,11.0
92458730,9.0,12.0
92458731,20.0,0.0
92458732,10.0,10.0
92458733,0.0,21.0
92458734,19.0,1.0
92458735,20.0,0.0
92458736,13.0,7.0
92458737,4.0,16.0
92458738,1.0,19.0
92458739,20.0,0.0
92458740,13.0,7.0
92458741,11.0,9.0
92458742,19.0,1.0
92458743,19.0,1.0
92458744,20.0,0.0
92458745,10.0,10.0
92458746,19.0,1.0
92458747,20.0,0.0
92458748,5.0,15.0
92458749,2.0,18.0
92458750,18.0,3.0
92458751,20.0,0.0
92458752,13.0,7.0
92458753,20.0,1.0
92458754,20.0,0.0
92458755,20.0,0.0
92458756,21.0,0.0
92458757,20.0,0.0
92458758,19.0,1.0
92458759,4.0,16.0
92458760,1.0,21.0
92458761,17.0,3.0
92458762,13.0,7.0
92458763,3.0,17.0
92458764,21.0,0.0
92458765,2.0,18.0
92458766,20.0,0.0
92458768,20.0,0.0
92458769,21.0,0.0
92458770,20.0,0.0
92458771,1.0,19.0
92458772,14.0,6.0
92458773,1.0,19.0
92458774,20.0,0.0
92458775,19.0,1.0
92458776,20.0,0.0
92458777,21.0,0.0
92458778,4.0,16.0
92458779,20.0,1.0
92458780,2.0,18.0
92458781,16.0,4.0
92458782,20.0,0.0
92458783,19.0,1.0
92458784,0.0,20.0
92458785,20.0,0.0
92458786,18.0,2.0
92458787,20.0,0.0
92458788,16.0,4.0
92458789,3.0,17.0
92458790,13.0,7.0
92458791,9.0,11.0
92458792,20.0,0.0
92458793,6.0,15.0
92458794,10.0,11.0
92458795,18.0,4.0
92458796,21.0,0.0
92458797,20.0,0.0
92458798,19.0,1.0
92458799,20.0,0.0
92458800,6.0,14.0
92458801,18.0,2.0
92458802,20.0,0.0
92458803,20.0,0.0
92458804,20.0,0.0
92458805,20.0,0.0
92458806,21.0,0.0
92458807,17.0,3.0
92458808,5.0,15.0
92458809,20.0,0.0
92458810,3.0,18.0
92458812,1.0,20.0
92458813,5.0,16.0
92458815,0.0,20.0
92458816,4.0,16.0
92458817,18.0,2.0
92458818,3.0,17.0
92458819,13.0,7.0
92458820,3.0,17.0
92458821,19.0,1.0
92458823,19.0,1.0
92458824,21.0,0.0
92458825,18.0,2.0
92458826,21.0,1.0
92458827,20.0,0.0
92458828,19.0,2.0
92458829,19.0,1.0
92458830,7.0,13.0
92458831,20.0,1.0
92458832,20.0,1.0
92458833,20.0,0.0
92458834,19.0,1.0
92458835,20.0,0.0
92458836,22.0,3.0
92458837,20.0,0.0
92458838,19.0,1.0
92458839,17.0,3.0
92458840,20.0,1.0
92458841,0.0,20.0
92458842,21.0,0.0
92458843,1.0,19.0
92458844,21.0,0.0
92458845,8.0,12.0
92458846,20.0,0.0
92458847,20.0,1.0
92458848,21.0,0.0
92458849,7.0,14.0
92458850,10.0,10.0
92458851,21.0,0.0
92458852,20.0,1.0
92458853,12.0,10.0
92458854,0.0,20.0
92458855,3.0,17.0
92458856,20.0,0.0
92458857,7.0,13.0
92458858,5.0,15.0
92458859,20.0,0.0
92458860,19.0,1.0
92458861,18.0,3.0
92458862,7.0,13.0
92458863,20.0,0.0
92458864,20.0,0.0
92458865,21.0,0.0
92458866,18.0,2.0
92458867,20.0,0.0
92458868,19.0,1.0
92458869,18.0,2.0
92458870,12.0,8.0
92458871,0.0,20.0
92458872,11.0,9.0
92458873,20.0,0.0
92458874,0.0,20.0
92458875,0.0,20.0
92458876,20.0,1.0
92458877,1.0,19.0
92458878,20.0,0.0
92458879,21.0,0.0
92458880,4.0,16.0
92458881,3.0,17.0
92458882,20.0,0.0
92458883,1.0,19.0
92458884,19.0,1.0
92458885,20.0,0.0
92458886,21.0,0.0
92458887,18.0,2.0
92458888,21.0,0.0
92458889,20.0,0.0
92458890,19.0,1.0
92458891,0.0,20.0
92458892,20.0,0.0
92458893,20.0,0.0
92458894,0.0,20.0
92458895,20.0,0.0
92458896,18.0,2.0
92458897,20.0,1.0
92458898,17.0,3.0
92458899,1.0,19.0
92458900,20.0,0.0
92458901,21.0,0.0
92458902,0.0,20.0
92458903,2.0,19.0
92458904,20.0,0.0
92458905,20.0,0.0
92458906,20.0,0.0
92458907,10.0,11.0
92458908,0.0,20.0
92458909,19.0,1.0
92458910,20.0,0.0
92458911,1.0,19.0
92458912,20.0,0.0
92458913,19.0,1.0
92458914,1.0,19.0
92458915,20.0,0.0
92458916,1.0,19.0
92458917,20.0,1.0
92458918,20.0,0.0
92458919,17.0,3.0
92458920,6.0,14.0
92458921,20.0,0.0
92458922,9.0,12.0
92458923,19.0,2.0
92458924,17.0,3.0
92458925,1.0,20.0
92458926,20.0,0.0
92458927,20.0,1.0
92458928,22.0,0.0
92458929,2.0,18.0
92458930,2.0,18.0
92458931,18.0,2.0
92458932,20.0,0.0
92458933,3.0,17.0
92458934,18.0,2.0
92458935,20.0,0.0
92458936,18.0,5.0
92458937,3.0,17.0
92458938,20.0,0.0
92458939,20.0,0.0
92458940,19.0,1.0
92458941,20.0,0.0
92458942,1.0,19.0
92458943,11.0,9.0
92458944,20.0,0.0
92458945,1.0,19.0
92458946,0.0,20.0
92458947,20.0,0.0
92458948,19.0,1.0
92458950,20.0,0.0
92458951,19.0,1.0
92458952,20.0,0.0
92458953,17.0,3.0
92458954,17.0,3.0
92458955,20.0,1.0
92458956,3.0,18.0
92458957,20.0,0.0
92458958,17.0,3.0
92458959,2.0,18.0
92458960,9.0,12.0
92458961,2.0,18.0
92458962,2.0,18.0
92458963,1.0,19.0
92458964,20.0,0.0
92458965,1.0,19.0
92458966,4.0,16.0
92458967,18.0,2.0
92458968,20.0,1.0
92458969,15.0,5.0
92458970,20.0,0.0
92458971,15.0,6.0
92458972,20.0,0.0
92458973,1.0,19.0
92458974,2.0,18.0
92458975,20.0,0.0
92458976,19.0,1.0
92458977,19.0,1.0
92458978,20.0,0.0
92458979,19.0,1.0
92458980,21.0,0.0
92458981,1.0,19.0
92458982,20.0,0.0
92458983,19.0,1.0
92458984,20.0,1.0
92458985,19.0,1.0
92458986,22.0,6.0
92458987,1.0,19.0
92458988,19.0,1.0
92458989,3.0,17.0
92458990,19.0,1.0
92458991,1.0,19.0
92458992,0.0,20.0
92458993,21.0,0.0
92458994,19.0,1.0
92458995,20.0,0.0
92458996,19.0,1.0
92458997,19.0,1.0
92458998,21.0,0.0
92458999,1.0,19.0
92459000,20.0,0.0
92459001,20.0,0.0
92459002,2.0,19.0
92459003,21.0,0.0
92459004,20.0,0.0
92459005,6.0,15.0
92459006,10.0,10.0
92459007,7.0,13.0
92459008,20.0,0.0
92459009,2.0,19.0
92459010,20.0,1.0
92459011,21.0,0.0
92459012,20.0,0.0
92459013,1.0,19.0
92459014,20.0,0.0
92459015,9.0,11.0
92459016,19.0,1.0
92459018,20.0,0.0
92459019,18.0,3.0
92459020,1.0,19.0
92459021,21.0,0.0
92459022,19.0,1.0
92459023,21.0,0.0
92459024,20.0,0.0
92459025,0.0,20.0
92459026,20.0,0.0
92459027,2.0,18.0
92459028,20.0,0.0
92459029,0.0,20.0
92459030,20.0,0.0
92459031,21.0,0.0
92459032,20.0,0.0
92459033,16.0,4.0
92459034,18.0,2.0
92459035,20.0,0.0
92459036,2.0,19.0
92459037,9.0,11.0
92459038,21.0,0.0
92459039,1.0,19.0
92459040,0.0,20.0
92459041,1.0,19.0
92459042,11.0,10.0
92459043,19.0,1.0
92459044,20.0,0.0
92459045,19.0,1.0
92459046,20.0,0.0
92459047,2.0,19.0
92459048,3.0,17.0
92459049,20.0,0.0
92459050,22.0,0.0
92459051,20.0,0.0
92459052,20.0,0.0
92459053,4.0,16.0
92459054,15.0,6.0
92459055,20.0,0.0
92459056,1.0,19.0
92459057,11.0,9.0
92459058,19.0,1.0
92459059,19.0,1.0
92459060,20.0,0.0
92459061,18.0,2.0
92459062,23.0,2.0
92459063,26.0,1.0
92459064,18.0,11.0
92459065,25.0,4.0
92459066,20.0,8.0
92459067,25.0,1.0
92459068,26.0,1.0
92459069,19.0,6.0
92459070,6.0,23.0
92459071,5.0,17.0
92459072,22.0,4.0
92459074,3.0,26.0
92459075,25.0,2.0
92459076,22.0,1.0
92459077,25.0,1.0
92459078,25.0,2.0
92459079,22.0,1.0
92459080,24.0,2.0
92459081,12.0,14.0
92459082,8.0,19.0
92459083,6.0,18.0
92459085,26.0,4.0
92459086,23.0,3.0
92459087,12.0,18.0
92459088,30.0,6.0
92459089,25.0,3.0
92459090,20.0,4.0
92459091,16.0,10.0
92459092,26.0,3.0
92459093,23.0,5.0
92459094,7.0,22.0
92459095,12.0,19.0
92459096,7.0,20.0
92459097,25.0,1.0
92459098,19.0,14.0
92459099,23.0,1.0
92459100,5.0,19.0
92459101,26.0,4.0
92459102,25.0,3.0
92459103,23.0,4.0
92459104,20.0,7.0
92459105,30.0,0.0
92459106,16.0,11.0
92459107,24.0,3.0
92459108,25.0,3.0
92459109,24.0,2.0
92459110,27.0,0.0
92459111,10.0,20.0
92459112,11.0,19.0
92459113,11.0,19.0
92459114,6.0,21.0
92459115,26.0,2.0
92459116,26.0,2.0
92459117,25.0,2.0
92459118,25.0,0.0
92459119,22.0,3.0
92459120,20.0,0.0
92459121,18.0,2.0
92459122,3.0,19.0
92459123,10.0,10.0
92459124,2.0,19.0
92459125,2.0,18.0
92459126,19.0,1.0
92459127,18.0,2.0
92459128,7.0,13.0
92459129,15.0,5.0
92459130,19.0,1.0
92459131,16.0,4.0
92459132,20.0,0.0
92459133,19.0,1.0
92459134,1.0,19.0
92459135,3.0,17.0
92459136,19.0,2.0
92459137,20.0,0.0
92459138,2.0,18.0
92459139,2.0,20.0
92459140,3.0,17.0
92459141,1.0,19.0
92459142,11.0,9.0
92459144,17.0,3.0
92459145,20.0,0.0
92459146,21.0,0.0
92459147,18.0,2.0
92459148,2.0,18.0
92459149,17.0,3.0
92459150,19.0,1.0
92459151,2.0,19.0
92459152,10.0,10.0
92459153,20.0,0.0
92459154,21.0,0.0
92459155,9.0,11.0
92459156,2.0,18.0
92459157,11.0,9.0
92459158,20.0,0.0
92459159,20.0,0.0
92459160,2.0,18.0
92459161,18.0,2.0
92459162,21.0,0.0
92459163,19.0,1.0
92459164,19.0,1.0
92459165,17.0,3.0
92459166,20.0,0.0
92459167,20.0,0.0
92459168,18.0,3.0
92459169,19.0,1.0
92459170,2.0,18.0
92459171,19.0,1.0
92459172,19.0,1.0
92459173,20.0,1.0
92459174,20.0,0.0
92459175,3.0,17.0
92459176,19.0,1.0
92459177,20.0,0.0
92459178,19.0,1.0
92459179,5.0,15.0
92459180,14.0,7.0
92459181,19.0,1.0
92459182,20.0,0.0
92459183,20.0,0.0
92459184,20.0,0.0
92459185,2.0,18.0
92459186,19.0,1.0
92459187,19.0,1.0
92459188,20.0,0.0
92459189,19.0,1.0
92459190,14.0,6.0
92459191,19.0,1.0
92459192,15.0,5.0
92459193,20.0,0.0
92459194,18.0,2.0
92459195,21.0,0.0
92459196,8.0,12.0
92459197,19.0,1.0
92459198,14.0,6.0
92459199,19.0,1.0
92459200,3.0,17.0
92459201,3.0,18.0
92459202,21.0,0.0
92459203,19.0,1.0
92459204,20.0,1.0
92459205,20.0,0.0
92459206,18.0,2.0
92459207,20.0,0.0
92459208,0.0,20.0
92459209,1.0,19.0
92459210,18.0,2.0
92459211,0.0,20.0
92459212,18.0,2.0
92459213,19.0,1.0
92459214,9.0,12.0
92459215,1.0,19.0
92459216,19.0,1.0
92459217,20.0,0.0
92459218,9.0,11.0
92459219,10.0,10.0
92459220,20.0,0.0
92459221,20.0,0.0
92459222,1.0,19.0
92459223,20.0,0.0
92459224,20.0,0.0
92459225,4.0,16.0
92459226,14.0,6.0
92459227,1.0,19.0
92459228,4.0,16.0
92459229,20.0,1.0
92459230,9.0,11.0
92459231,20.0,1.0
92459232,20.0,0.0
92459233,20.0,0.0
92459234,6.0,15.0
92459235,21.0,0.0
92459236,20.0,0.0
92459238,19.0,1.0
92459239,16.0,5.0
92459240,0.0,20.0
92459241,7.0,13.0
92459242,19.0,1.0
92459243,19.0,1.0
92459244,0.0,20.0
92459245,20.0,0.0
92459246,21.0,0.0
92459247,19.0,2.0
92459248,3.0,18.0
92459249,7.0,13.0
92459250,17.0,3.0
92459251,18.0,2.0
92459252,18.0,2.0
92459253,15.0,5.0
92459254,4.0,16.0
92459255,21.0,0.0
92459256,20.0,0.0
92459257,2.0,18.0
92459258,20.0,0.0
92459259,3.0,18.0
92459260,20.0,0.0
92459261,20.0,0.0
92459262,21.0,0.0
92459263,20.0,1.0
92459264,20.0,0.0
92459265,19.0,1.0
92459266,3.0,17.0
92459267,0.0,20.0
92459268,16.0,4.0
92459269,17.0,3.0
92459270,12.0,8.0
92459271,4.0,16.0
92459272,20.0,0.0
92459273,20.0,0.0
92459274,12.0,8.0
92459275,20.0,1.0
92459276,2.0,19.0
92459277,1.0,19.0
92459278,20.0,1.0
92459279,5.0,15.0
92459280,19.0,1.0
92459281,1.0,19.0
92459282,20.0,0.0
92459283,19.0,1.0
92459284,21.0,0.0
92459285,19.0,1.0
92459286,20.0,0.0
92459287,14.0,6.0
92459288,19.0,1.0
92459289,18.0,2.0
92459290,8.0,12.0
92459291,19.0,1.0
92459292,20.0,0.0
92459293,2.0,18.0
92459294,0.0,20.0
92459295,20.0,0.0
92459297,20.0,0.0
92459298,18.0,2.0
92459299,11.0,9.0
92459300,20.0,0.0
92459301,0.0,20.0
92459302,15.0,5.0
92459303,21.0,0.0
92459304,6.0,15.0
92459305,19.0,1.0
92459306,21.0,0.0
92459307,20.0,0.0
92459308,20.0,1.0
92459309,19.0,1.0
92459310,18.0,2.0
92459311,20.0,0.0
92459312,20.0,0.0
92459313,21.0,0.0
92459314,1.0,19.0
92459315,20.0,1.0
92459316,20.0,0.0
92459317,20.0,0.0
92459318,19.0,1.0
92459319,20.0,0.0
92459320,19.0,1.0
92459321,19.0,2.0
92459322,20.0,0.0
92459323,10.0,10.0
92459324,15.0,5.0
92459325,18.0,2.0
92459326,19.0,1.0
92459327,16.0,4.0
92459328,1.0,19.0
92459329,20.0,1.0
92459330,18.0,2.0
92459331,19.0,1.0
92459332,20.0,0.0
92459333,4.0,16.0
92459334,19.0,1.0
92459335,20.0,0.0
92459336,16.0,5.0
92459337,0.0,20.0
92459338,20.0,0.0
92459339,11.0,9.0
92459340,20.0,0.0
92459341,16.0,4.0
92459342,11.0,9.0
92459343,20.0,0.0
92459345,2.0,18.0
92459346,20.0,0.0
92459347,2.0,19.0
92459348,3.0,17.0
92459349,20.0,1.0
92459350,20.0,0.0
92459351,19.0,1.0
92459352,20.0,0.0
92459353,2.0,18.0
92459354,5.0,16.0
92459355,6.0,14.0
92459356,20.0,0.0
92459357,9.0,11.0
92459358,1.0,19.0
92459359,0.0,21.0
92459360,0.0,20.0
92459361,17.0,3.0
92459362,3.0,18.0
92459363,18.0,3.0
92459364,19.0,1.0
92459365,20.0,0.0
92459366,19.0,1.0
92459367,20.0,0.0
92459368,20.0,0.0
92459369,20.0,0.0
92459370,4.0,16.0
92459371,9.0,11.0
92459372,16.0,4.0
92459373,4.0,22.0
92459374,20.0,0.0
92459375,20.0,0.0
92459376,2.0,18.0
92459377,16.0,4.0
92459378,21.0,1.0
92459379,20.0,0.0
92459380,18.0,2.0
92459381,19.0,1.0
92459382,20.0,2.0
92459383,20.0,0.0
92459384,20.0,0.0
92459385,19.0,1.0
92459386,20.0,0.0
92459387,19.0,2.0
92459388,4.0,16.0
92459389,18.0,2.0
92459390,12.0,8.0
92459392,20.0,0.0
92459393,20.0,0.0
92459394,20.0,0.0
92459395,0.0,20.0
92459396,20.0,0.0
92459397,4.0,16.0
92459398,19.0,1.0
92459399,20.0,0.0
92459400,20.0,0.0
92459401,13.0,7.0
92459402,21.0,0.0
92459403,20.0,0.0
92459404,0.0,20.0
92459405,6.0,14.0
92459406,1.0,19.0
92459407,9.0,11.0
92459408,19.0,1.0
92459409,20.0,0.0
92459410,23.0,0.0
92459411,20.0,0.0
92459412,13.0,7.0
92459413,0.0,20.0
92459414,19.0,1.0
92459415,2.0,18.0
92459416,0.0,21.0
92459417,20.0,1.0
92459418,18.0,2.0
92459419,18.0,2.0
92459420,9.0,12.0
92459421,20.0,0.0
92459422,19.0,1.0
92459423,19.0,1.0
92459424,5.0,16.0
92459425,20.0,1.0
92459426,19.0,1.0
92459427,20.0,0.0
92459428,19.0,1.0
92459429,20.0,1.0
92459430,25.0,7.0
92459431,22.0,2.0
92459432,26.0,3.0
92459433,18.0,9.0
92459434,25.0,3.0
92459435,27.0,2.0
92459436,4.0,22.0
92459437,8.0,15.0
92459438,27.0,0.0
92459439,9.0,16.0
92459440,27.0,2.0
92459441,7.0,18.0
92459442,23.0,2.0
92459443,24.0,2.0
92459444,24.0,3.0
92459445,28.0,0.0
92459446,23.0,3.0
92459447,12.0,15.0
92459448,12.0,15.0
92459449,7.0,21.0
92459450,24.0,3.0
92459451,23.0,4.0
92459452,21.0,5.0
92459453,24.0,3.0
92459454,27.0,1.0
92459455,26.0,5.0
92459456,26.0,4.0
92459457,6.0,20.0
92459458,5.0,23.0
92459459,4.0,22.0
92459460,25.0,5.0
92459461,24.0,2.0
92459462,22.0,3.0
92459463,25.0,3.0
92459464,11.0,14.0
92459465,25.0,5.0
92459466,10.0,16.0
92459467,9.0,23.0
92459468,22.0,2.0
92459469,25.0,4.0
92459470,12.0,13.0
92459471,32.0,3.0
92459472,9.0,15.0
92459473,27.0,1.0
92459479,20.0,0.0
92459480,10.0,10.0
92459481,20.0,0.0
92459482,20.0,1.0
92459483,19.0,1.0
92459484,20.0,0.0
92459485,17.0,3.0
92459487,19.0,1.0
92459488,20.0,0.0
92459489,19.0,1.0
92459490,19.0,1.0
92459491,19.0,2.0
92459492,20.0,0.0
92459493,17.0,3.0
92459494,20.0,0.0
92459495,20.0,0.0
92459496,20.0,1.0
92459497,20.0,0.0
92459498,21.0,0.0
92459499,18.0,2.0
92459500,15.0,5.0
92459501,19.0,1.0
92459502,22.0,0.0
92459503,20.0,0.0
92459504,20.0,0.0
92459505,19.0,1.0
92459506,21.0,2.0
92459507,20.0,0.0
92459508,20.0,0.0
92459509,20.0,0.0
92459510,18.0,2.0
92459511,19.0,1.0
92459512,20.0,0.0
92459513,19.0,1.0
92459514,20.0,0.0
92459515,18.0,2.0
92459516,19.0,1.0
92459517,20.0,1.0
92459518,19.0,1.0
92459519,19.0,2.0
92459520,21.0,0.0
92459521,0.0,20.0
92459522,20.0,0.0
92459523,3.0,17.0
92459524,21.0,0.0
92459525,19.0,1.0
92459526,20.0,1.0
92459527,17.0,3.0
92459528,19.0,1.0
92459529,18.0,2.0
92459530,19.0,1.0
92459531,20.0,0.0
92459532,19.0,2.0
92459533,20.0,1.0
92459534,19.0,1.0
92459535,19.0,1.0
92459536,19.0,1.0
92459537,21.0,0.0
92459538,20.0,0.0
92459539,19.0,1.0
92459540,20.0,0.0
92459541,20.0,0.0
92459542,19.0,2.0
92459543,20.0,0.0
92459544,20.0,1.0
92459545,19.0,1.0
92459546,20.0,1.0
92459547,19.0,2.0
92459548,19.0,1.0
92459550,19.0,2.0
92459551,20.0,0.0
92459552,19.0,1.0
92459553,20.0,0.0
92459554,20.0,0.0
92459555,19.0,1.0
92459556,19.0,2.0
92459557,19.0,2.0
92459558,20.0,0.0
92459559,19.0,1.0
92459560,20.0,0.0
92459561,17.0,3.0
92459562,20.0,1.0
92459563,20.0,0.0
92459564,18.0,2.0
92459565,20.0,0.0
92459566,20.0,0.0
92459567,21.0,0.0
92459568,20.0,0.0
92459569,16.0,4.0
92459570,20.0,0.0
92459571,19.0,1.0
92459572,21.0,0.0
92459573,18.0,2.0
92459574,19.0,2.0
92459575,20.0,1.0
92459576,19.0,2.0
92459577,20.0,1.0
92459578,20.0,0.0
92459579,21.0,0.0
92459580,21.0,0.0
92459581,17.0,3.0
92459583,20.0,0.0
92459584,20.0,1.0
92459585,21.0,0.0
92459586,20.0,0.0
92459587,19.0,1.0
92459588,20.0,0.0
92459589,20.0,1.0
92459590,19.0,1.0
92459591,18.0,2.0
92459592,21.0,0.0
92459593,22.0,0.0
92459594,18.0,3.0
92459595,21.0,1.0
92459596,15.0,5.0
92459597,19.0,2.0
92459598,20.0,0.0
92459599,18.0,2.0
92459600,3.0,17.0
92459601,5.0,15.0
92459602,21.0,0.0
92459603,18.0,2.0
92459604,20.0,0.0
92459605,21.0,0.0
92459606,20.0,0.0
92459607,20.0,0.0
92459608,20.0,0.0
92459609,20.0,0.0
92459610,19.0,1.0
92459611,19.0,1.0
92459612,20.0,0.0
92459613,20.0,0.0
92459615,18.0,2.0
92459616,18.0,2.0
92459617,20.0,0.0
92459619,18.0,3.0
92459620,18.0,2.0
92459621,19.0,1.0
92459624,20.0,0.0
92459625,17.0,3.0
92459626,18.0,2.0
92459627,19.0,1.0
92459628,0.0,20.0
92459629,20.0,0.0
92459630,20.0,0.0
92459631,20.0,0.0
92459632,14.0,6.0
92459633,19.0,1.0
92459634,20.0,0.0
92459635,19.0,2.0
92459637,20.0,0.0
92459638,20.0,0.0
92459639,17.0,3.0
92459641,19.0,2.0
92459642,18.0,2.0
92459643,21.0,0.0
92459645,19.0,2.0
92459646,20.0,0.0
92459647,20.0,0.0
92459649,19.0,1.0
92459650,20.0,1.0
92459651,4.0,16.0
92459653,20.0,1.0
92459654,20.0,1.0
92459655,20.0,0.0
92459656,22.0,0.0
92459657,19.0,2.0
92459658,19.0,1.0
92459659,1.0,19.0
92459660,19.0,1.0
92459661,19.0,1.0
92459662,17.0,3.0
92459663,17.0,3.0
92459664,17.0,3.0
92459665,20.0,0.0
92459667,15.0,5.0
92459668,20.0,0.0
92459669,20.0,0.0
92459671,20.0,0.0
92459672,17.0,4.0
92459673,20.0,0.0
92459675,2.0,20.0
92459676,18.0,2.0
92459677,20.0,1.0
92459679,9.0,11.0
92459680,18.0,3.0
92459681,3.0,18.0
92459682,19.0,1.0
92459683,16.0,4.0
92459684,20.0,0.0
92459685,7.0,13.0
92459686,21.0,1.0
92459687,20.0,1.0
92459688,20.0,0.0
92459689,19.0,1.0
92459690,19.0,2.0
92459691,19.0,1.0
92459693,19.0,1.0
92459694,20.0,1.0
92459695,20.0,1.0
92459696,20.0,1.0
92459698,20.0,0.0
92459699,9.0,11.0
92459700,20.0,0.0
92459702,17.0,4.0
92459703,19.0,1.0
92459704,20.0,0.0
92459705,19.0,1.0
92459706,22.0,0.0
92459708,20.0,1.0
92459709,20.0,0.0
92459710,20.0,0.0
92459711,20.0,0.0
92459713,19.0,1.0
92459714,19.0,1.0
92459715,20.0,0.0
92459717,1.0,19.0
92459718,7.0,14.0
92459719,20.0,0.0
92459720,20.0,0.0
92459722,19.0,1.0
92459723,20.0,0.0
92459725,20.0,0.0
92459726,19.0,1.0
92459727,19.0,1.0
92459728,17.0,3.0
92459730,21.0,0.0
92459731,18.0,2.0
92459733,20.0,0.0
92459734,21.0,0.0
92459735,20.0,1.0
92459737,21.0,0.0
92459739,18.0,2.0
92459740,19.0,1.0
92459741,19.0,1.0
92459742,20.0,1.0
92459744,19.0,1.0
92459745,19.0,1.0
92459746,18.0,2.0
92459748,20.0,1.0
92459749,19.0,1.0
92459750,18.0,2.0
92459752,19.0,1.0
92459753,18.0,3.0
92459754,19.0,1.0
92459755,19.0,1.0
92459756,17.0,3.0
92459757,20.0,0.0
92459758,19.0,1.0
92459759,22.0,0.0
92459760,3.0,17.0
92459761,20.0,0.0
92459762,20.0,0.0
92459764,21.0,0.0
92459765,20.0,0.0
92459766,20.0,0.0
92459767,11.0,9.0
92459768,19.0,1.0
92459769,20.0,0.0
92459770,20.0,0.0
92459771,19.0,1.0
92459772,20.0,0.0
92459773,19.0,2.0
92459774,20.0,1.0
92459775,20.0,0.0
92459776,9.0,12.0
92459777,13.0,7.0
92459778,19.0,1.0
92459779,10.0,10.0
92459780,20.0,0.0
92459781,20.0,0.0
92459782,20.0,0.0
92459784,21.0,0.0
92459785,21.0,0.0
92459786,20.0,0.0
92459788,19.0,1.0
92459789,21.0,0.0
92459790,20.0,0.0
92459792,19.0,1.0
92459793,19.0,1.0
92459794,21.0,0.0
92459796,18.0,2.0
92459797,20.0,0.0
92459798,20.0,0.0
92459800,20.0,0.0
92459801,10.0,10.0
92459802,20.0,0.0
92459803,20.0,1.0
92459805,0.0,21.0
92459806,21.0,0.0
92459807,20.0,0.0
92459809,20.0,0.0
92459810,10.0,10.0
92459811,19.0,1.0
92459813,20.0,1.0
92459814,20.0,1.0
92459815,19.0,2.0
92459816,21.0,0.0
92459818,1.0,19.0
92459819,12.0,8.0
92459820,20.0,1.0
92459821,21.0,0.0
92459823,19.0,1.0
92459824,21.0,1.0
92459825,20.0,1.0
92459826,20.0,0.0
92459827,19.0,1.0
92459828,21.0,0.0
92459829,20.0,0.0
92459830,19.0,1.0
92459831,19.0,1.0
92459832,20.0,1.0
92459833,19.0,1.0
92459834,20.0,0.0
92459835,21.0,0.0
92459836,19.0,1.0
92459837,20.0,0.0
92459838,19.0,1.0
92459839,20.0,0.0
92459840,20.0,0.0
92459841,19.0,1.0
92459842,18.0,2.0
92459843,19.0,1.0
92459844,20.0,0.0
92459845,21.0,0.0
92459847,17.0,3.0
92459848,18.0,3.0
92459849,20.0,0.0
92459850,18.0,2.0
92459851,21.0,0.0
92459852,21.0,0.0
92459854,18.0,2.0
92459855,19.0,1.0
92459856,19.0,2.0
92459857,15.0,6.0
92459859,18.0,2.0
92459860,20.0,0.0
92459862,19.0,1.0
92459863,20.0,1.0
92459864,20.0,0.0
92459865,19.0,1.0
92459867,20.0,1.0
92459868,21.0,0.0
92459869,20.0,0.0
92459871,20.0,2.0
92459872,18.0,2.0
92459873,3.0,17.0
92459875,20.0,0.0
92459876,18.0,2.0
92459877,20.0,1.0
92459879,20.0,0.0
92459880,20.0,0.0
92459881,5.0,15.0
92459883,19.0,1.0
92459884,22.0,0.0
92459885,20.0,1.0
92459888,20.0,0.0
92459889,21.0,0.0
92459891,19.0,1.0
92459892,19.0,1.0
92459893,20.0,0.0
92459895,19.0,1.0
92459896,21.0,0.0
92459897,19.0,1.0
92459899,20.0,0.0
92459900,20.0,0.0
92459901,19.0,1.0
92459903,18.0,2.0
92459904,19.0,2.0
92459905,19.0,1.0
92459906,19.0,1.0
92459908,18.0,2.0
92459909,20.0,0.0
92459910,20.0,0.0
92459911,19.0,1.0
92459912,20.0,0.0
92459913,20.0,0.0
92459914,20.0,0.0
92459915,20.0,0.0
92459916,20.0,0.0
92459917,18.0,2.0
92459918,20.0,0.0
92459919,19.0,1.0
92459920,18.0,2.0
92459921,13.0,7.0
92459922,19.0,1.0
92459923,20.0,0.0
92459925,19.0,1.0
92459926,19.0,1.0
92459927,20.0,0.0
92459928,18.0,2.0
92459929,18.0,2.0
92459930,19.0,1.0
92459931,17.0,3.0
92459932,20.0,0.0
92459933,19.0,1.0
92459934,19.0,1.0
92459935,20.0,1.0
92459936,18.0,2.0
92459938,20.0,0.0
92459939,19.0,2.0
92459940,16.0,4.0
92459942,19.0,1.0
92459943,19.0,1.0
92459944,15.0,5.0
92459946,19.0,2.0
92459947,18.0,2.0
92459948,20.0,0.0
92459949,19.0,1.0
92459951,20.0,1.0
92459952,20.0,0.0
92459953,21.0,0.0
92459955,20.0,0.0
92459957,20.0,0.0
92459958,12.0,8.0
92459960,19.0,1.0
92459961,19.0,1.0
92459962,4.0,16.0
92459964,4.0,16.0
92459965,21.0,0.0
92459966,20.0,0.0
92459968,19.0,1.0
92459969,20.0,0.0
92459970,17.0,3.0
92459972,7.0,13.0
92459973,5.0,15.0
92459974,16.0,4.0
92459976,1.0,19.0
92459977,19.0,1.0
92459978,19.0,1.0
92459980,19.0,1.0
92459981,20.0,0.0
92459982,20.0,0.0
92459983,18.0,3.0
92459985,18.0,2.0
92459986,20.0,0.0
92459987,19.0,1.0
92459988,20.0,0.0
92459989,19.0,1.0
92459990,20.0,0.0
92459991,20.0,0.0
92459992,19.0,1.0
92459993,20.0,1.0
92459994,19.0,1.0
92459995,20.0,0.0
92459996,20.0,0.0
92459997,20.0,0.0
92459998,20.0,0.0
92459999,19.0,1.0
92460000,20.0,0.0
92460001,18.0,2.0
92460002,21.0,0.0
92460003,13.0,7.0
92460004,20.0,1.0
92460005,21.0,0.0
92460006,20.0,0.0
92460007,19.0,1.0
92460008,7.0,13.0
92460009,18.0,2.0
92460010,20.0,0.0
92460012,19.0,1.0
92460013,20.0,0.0
92460014,19.0,1.0
92460015,20.0,0.0
92460016,20.0,0.0
92460017,20.0,0.0
92460018,20.0,0.0
92460020,20.0,0.0
92460021,20.0,0.0
92460022,21.0,0.0
92460024,10.0,10.0
92460025,19.0,1.0
92460026,15.0,5.0
92460028,20.0,1.0
92460029,7.0,13.0
92460030,6.0,14.0
92460031,20.0,0.0
92460033,22.0,0.0
92460034,2.0,18.0
92460035,21.0,0.0
92460037,18.0,2.0
92460038,20.0,0.0
92460039,21.0,0.0
92460040,10.0,11.0
92460041,20.0,0.0
92460042,20.0,0.0
92460043,19.0,1.0
92460044,20.0,0.0
92460045,19.0,2.0
92460046,19.0,1.0
92460047,19.0,1.0
92460048,20.0,0.0
92460049,20.0,1.0
92460050,20.0,0.0
92460053,18.0,3.0
92460054,20.0,0.0
92460055,20.0,0.0
92460057,18.0,2.0
92460058,19.0,2.0
92460059,10.0,10.0
92460061,19.0,1.0
92460062,20.0,0.0
92460063,18.0,2.0
92460064,20.0,0.0
92460065,19.0,1.0
92460066,19.0,1.0
92460068,20.0,1.0
92460069,19.0,2.0
92460070,19.0,1.0
92460072,3.0,18.0
92460073,21.0,0.0
92460074,19.0,2.0
92460076,19.0,1.0
92460077,6.0,14.0
92460078,3.0,17.0
92460079,20.0,0.0
92460081,10.0,10.0
92460082,20.0,0.0
92460083,19.0,1.0
92460084,20.0,0.0
92460085,8.0,12.0
92460086,20.0,0.0
92460087,20.0,0.0
92460088,19.0,1.0
92460089,21.0,1.0
92460090,19.0,1.0
92460091,19.0,1.0
92460092,22.0,2.0
92460093,19.0,1.0
92460095,18.0,2.0
92460096,20.0,0.0
92460098,20.0,2.0
92460099,21.0,0.0
92460100,21.0,0.0
92460101,19.0,1.0
92460102,1.0,20.0
92460104,19.0,1.0
92460105,20.0,0.0
92460106,20.0,0.0
92460108,20.0,0.0
92460109,20.0,0.0
92460110,20.0,0.0
92460112,20.0,0.0
92460113,19.0,1.0
92460115,20.0,0.0
92460116,22.0,0.0
92460118,20.0,0.0
92460119,19.0,1.0
92460120,17.0,5.0
92460121,21.0,0.0
92460122,20.0,0.0
92460124,17.0,3.0
92460125,20.0,0.0
92460127,18.0,2.0
92460128,18.0,2.0
92460129,21.0,0.0
92460130,19.0,1.0
92460132,20.0,0.0
92460133,19.0,1.0
92460135,20.0,1.0
92460136,19.0,1.0
92460137,20.0,1.0
92460139,18.0,4.0
92460140,18.0,2.0
92460141,18.0,3.0
92460143,19.0,1.0
92460144,20.0,1.0
92460145,19.0,1.0
92460147,19.0,1.0
92460148,18.0,2.0
92460149,22.0,0.0
92460151,17.0,3.0
92460152,13.0,8.0
92460154,21.0,0.0
92460155,19.0,2.0
92460156,19.0,1.0
92460158,18.0,2.0
92460159,19.0,1.0
92460160,17.0,3.0
92460161,20.0,1.0
92460163,18.0,2.0
92460164,19.0,1.0
92460165,18.0,2.0
92460167,19.0,1.0
92460168,19.0,1.0
92460169,19.0,1.0
92460170,20.0,0.0
92460171,21.0,1.0
92460173,19.0,1.0
92460174,18.0,2.0
92460175,19.0,1.0
92460177,20.0,0.0
92460178,20.0,0.0
92460179,20.0,0.0
92460181,20.0,0.0
92460182,19.0,1.0
92460184,19.0,1.0
92460185,20.0,0.0
92460186,6.0,14.0
92460187,20.0,0.0
92460188,13.0,7.0
92460189,20.0,0.0
92460190,5.0,15.0
92460191,20.0,0.0
92460192,20.0,0.0
92460193,21.0,0.0
92460194,20.0,0.0
92460195,19.0,1.0
92460196,20.0,1.0
92460197,20.0,0.0
92460198,20.0,0.0
92460199,21.0,0.0
92460200,19.0,1.0
92460201,21.0,0.0
92460202,21.0,0.0
92460203,19.0,1.0
92460204,21.0,0.0
92460205,20.0,0.0
92460206,20.0,0.0
92460207,20.0,0.0
92460209,20.0,0.0
92460210,20.0,0.0
92460211,12.0,9.0
92460212,20.0,0.0
92460213,20.0,0.0
92460214,20.0,0.0
92460215,20.0,1.0
92460216,18.0,2.0
92460217,19.0,1.0
92460218,19.0,1.0
92460219,21.0,0.0
92460220,18.0,2.0
92460221,19.0,1.0
92460222,19.0,1.0
92460223,20.0,0.0
92460224,20.0,1.0
92460226,20.0,0.0
92460227,20.0,1.0
92460228,19.0,1.0
92460229,21.0,0.0
92460230,20.0,0.0
92460231,20.0,0.0
92460232,20.0,0.0
92460233,20.0,0.0
92460235,3.0,17.0
92460236,20.0,0.0
92460237,20.0,0.0
92460239,20.0,0.0
92460240,10.0,10.0
92460241,17.0,3.0
92460243,19.0,1.0
92460244,19.0,1.0
92460246,23.0,5.0
92460247,18.0,2.0
92460248,19.0,1.0
92460250,20.0,0.0
92460251,20.0,0.0
92460253,20.0,0.0
92460254,21.0,0.0
92460255,19.0,1.0
92460257,19.0,1.0
92460258,20.0,1.0
92460259,20.0,0.0
92460260,19.0,1.0
92460261,20.0,0.0
92460262,19.0,1.0
92460263,18.0,2.0
92460264,18.0,2.0
92460266,19.0,1.0
92460267,21.0,0.0
92460268,20.0,1.0
92460269,20.0,0.0
92460270,20.0,0.0
92460271,18.0,2.0
92460272,17.0,3.0
92460273,19.0,1.0
92460274,20.0,0.0
92460275,20.0,0.0
92460277,21.0,0.0
92460278,20.0,1.0
92460279,20.0,0.0
92460280,20.0,0.0
92460281,17.0,3.0
92460282,19.0,1.0
92460283,6.0,15.0
92460284,19.0,1.0
92460285,20.0,0.0
92460287,19.0,1.0
92460288,21.0,0.0
92460289,10.0,11.0
92460290,20.0,1.0
92460291,20.0,1.0
92460292,20.0,0.0
92460293,20.0,0.0
92460294,19.0,1.0
92460296,20.0,0.0
92460297,20.0,0.0
92460298,18.0,2.0
92460299,19.0,1.0
92460300,20.0,0.0
92460301,19.0,1.0
92460302,21.0,0.0
92460304,19.0,1.0
92460305,20.0,1.0
92460306,19.0,1.0
92460308,20.0,0.0
92460309,19.0,1.0
92460310,17.0,4.0
92460311,19.0,2.0
92460312,18.0,3.0
92460313,19.0,1.0
92460314,19.0,1.0
92460315,21.0,0.0
92460316,20.0,0.0
92460318,20.0,0.0
92460319,20.0,0.0
92460320,18.0,2.0
92460321,19.0,1.0
92460322,19.0,1.0
92460323,3.0,18.0
92460324,20.0,0.0
92460325,20.0,1.0
92460327,21.0,0.0
92460328,18.0,2.0
92460329,21.0,0.0
92460331,2.0,19.0
92460332,20.0,0.0
92460333,21.0,0.0
92460334,20.0,1.0
92460335,19.0,1.0
92460337,20.0,0.0
92460338,21.0,0.0
92460339,18.0,2.0
92460341,19.0,1.0
92460342,19.0,1.0
92460343,18.0,2.0
92460344,19.0,1.0
92460346,19.0,1.0
92460347,19.0,1.0
92460348,20.0,0.0
92460349,21.0,0.0
92460350,20.0,0.0
92460353,18.0,2.0
92460354,21.0,0.0
92460355,21.0,0.0
92460356,21.0,0.0
92460357,21.0,0.0
92460358,19.0,1.0
92460360,18.0,2.0
92460361,5.0,16.0
92460362,18.0,2.0
92460364,20.0,0.0
92460365,18.0,2.0
92460366,20.0,0.0
92460368,20.0,1.0
92460369,20.0,0.0
92460370,18.0,2.0
92460371,20.0,1.0
92460372,0.0,20.0
92460373,21.0,0.0
92460374,21.0,0.0
92460375,20.0,0.0
92460376,19.0,1.0
92460377,21.0,0.0
92460378,6.0,14.0
92460379,20.0,0.0
92460381,21.0,0.0
92460382,21.0,0.0
92460383,20.0,0.0
92460384,18.0,2.0
92460385,18.0,3.0
92460386,20.0,1.0
92460387,19.0,1.0
92460389,21.0,0.0
92460390,20.0,0.0
92460391,18.0,2.0
92460393,19.0,1.0
92460395,19.0,1.0
92460396,21.0,0.0
92460397,19.0,1.0
92460399,20.0,0.0
92460400,21.0,0.0
92460402,18.0,2.0
92460403,20.0,0.0
92460404,19.0,1.0
92460406,20.0,2.0
92460407,19.0,1.0
92460408,20.0,1.0
92460409,20.0,0.0
92460410,19.0,1.0
92460411,20.0,0.0
92460412,20.0,0.0
92460413,20.0,0.0
92460414,20.0,0.0
92460415,19.0,1.0
92460416,19.0,1.0
92460418,20.0,0.0
92460419,5.0,15.0
92460420,19.0,1.0
92460421,21.0,0.0
92460422,18.0,2.0
92460423,20.0,0.0
92460424,18.0,2.0
92460425,18.0,2.0
92460427,19.0,1.0
92460428,16.0,4.0
92460429,18.0,2.0
92460431,19.0,1.0
92460432,19.0,1.0
92460434,20.0,0.0
92460435,21.0,0.0
92460436,20.0,0.0
92460438,20.0,0.0
92460439,20.0,1.0
92460440,2.0,18.0
92460441,14.0,7.0
92460442,5.0,15.0
92460443,19.0,1.0
92460444,2.0,18.0
92460445,20.0,0.0
92460446,20.0,0.0
92460447,19.0,1.0
92460449,21.0,0.0
92460450,18.0,2.0
92460451,20.0,1.0
92460453,18.0,2.0
92460454,19.0,1.0
92460456,19.0,1.0
92460457,21.0,0.0
92460458,21.0,0.0
92460460,18.0,2.0
92460461,20.0,0.0
92460462,21.0,0.0
92460464,9.0,11.0
92460465,15.0,5.0
92460466,4.0,16.0
92460468,19.0,1.0
92460469,20.0,0.0
92460470,19.0,1.0
92460472,20.0,0.0
92460473,20.0,0.0
92460474,20.0,0.0
92460476,20.0,1.0
92460477,20.0,0.0
92460478,20.0,0.0
92460480,20.0,0.0
92460481,19.0,1.0
92460483,20.0,1.0
92460484,19.0,1.0
92460485,21.0,0.0
92460487,17.0,3.0
92460488,20.0,0.0
92460490,20.0,1.0
92460491,19.0,1.0
92460492,18.0,2.0
92460494,21.0,1.0
92460495,20.0,1.0
92460496,20.0,0.0
92460498,20.0,0.0
92460499,5.0,15.0
92460501,21.0,0.0
92460502,19.0,1.0
92460504,21.0,0.0
92460505,19.0,1.0
92460506,19.0,1.0
92460508,20.0,1.0
92460509,22.0,0.0
92460510,20.0,0.0
92460511,19.0,1.0
92460513,21.0,0.0
92460514,20.0,0.0
92460515,20.0,0.0
92460516,19.0,1.0
92460518,19.0,1.0
92460520,20.0,0.0
92460521,18.0,2.0
92460523,20.0,0.0
92460524,19.0,1.0
92460525,18.0,2.0
92460526,0.0,20.0
92460527,20.0,0.0
92460528,20.0,1.0
92460529,19.0,1.0
92460530,20.0,0.0
92460531,16.0,4.0
92460532,19.0,1.0
92460533,17.0,4.0
92460534,18.0,2.0
92460535,20.0,0.0
92460536,19.0,1.0
92460537,20.0,0.0
92460538,19.0,1.0
92460539,19.0,1.0
92460540,19.0,2.0
92460541,21.0,0.0
92460542,4.0,16.0
92460543,20.0,0.0
92460544,20.0,0.0
92460545,20.0,0.0
92460546,20.0,0.0
92460547,18.0,2.0
92460548,19.0,2.0
92460549,19.0,1.0
92460550,19.0,1.0
92460551,19.0,1.0
92460552,20.0,1.0
92460553,19.0,1.0
92460554,8.0,13.0
92460555,19.0,1.0
92460556,20.0,1.0
92460557,20.0,0.0
92460558,3.0,17.0
92460559,19.0,1.0
92460561,21.0,0.0
92460562,6.0,15.0
92460563,20.0,1.0
92460565,17.0,3.0
92460566,19.0,1.0
92460567,12.0,8.0
92460568,19.0,1.0
92460569,17.0,3.0
92460570,21.0,0.0
92460571,20.0,0.0
92460572,21.0,0.0
92460573,21.0,0.0
92460574,20.0,0.0
92460575,19.0,1.0
92460576,20.0,0.0
92460577,18.0,2.0
92460578,19.0,1.0
92460580,20.0,0.0
92460581,20.0,1.0
92460582,21.0,0.0
92460583,20.0,0.0
92460584,18.0,2.0
92460585,20.0,0.0
92460586,21.0,0.0
92460587,20.0,0.0
92460588,17.0,3.0
92460589,18.0,2.0
92460590,20.0,0.0
92460591,20.0,0.0
92460592,20.0,0.0
92460593,19.0,1.0
92460594,20.0,0.0
92460595,21.0,0.0
92460596,20.0,1.0
92460597,18.0,2.0
92460598,21.0,0.0
92460599,20.0,0.0
92460600,18.0,2.0
92460601,20.0,0.0
92460602,21.0,0.0
92460603,20.0,1.0
92460604,20.0,1.0
92460605,17.0,3.0
92460606,19.0,1.0
92460607,19.0,2.0
92460608,20.0,0.0
92460609,21.0,0.0
92460610,21.0,0.0
92460612,20.0,0.0
92460613,20.0,0.0
92460614,18.0,2.0
92460615,17.0,3.0
92460616,20.0,1.0
92460617,18.0,2.0
92460618,20.0,0.0
92460619,20.0,0.0
92460620,1.0,19.0
92460621,20.0,0.0
92460622,21.0,0.0
92460623,20.0,0.0
92460624,18.0,2.0
92460625,20.0,0.0
92460626,20.0,0.0
92460627,17.0,3.0
92460628,18.0,2.0
92460629,19.0,1.0
92460630,18.0,2.0
92460631,20.0,1.0
92460632,19.0,1.0
92460633,19.0,1.0
92460634,4.0,16.0
92460635,21.0,0.0
92460636,19.0,1.0
92460637,18.0,2.0
92460638,21.0,0.0
92460639,20.0,0.0
92460640,19.0,1.0
92460641,6.0,14.0
92460642,19.0,1.0
92460643,16.0,4.0
92460644,20.0,0.0
92460645,20.0,1.0
92460646,19.0,1.0
92460647,21.0,0.0
92460648,17.0,3.0
92460649,18.0,2.0
92460650,21.0,0.0
92460651,19.0,1.0
92460652,20.0,0.0
92460653,18.0,2.0
92460654,20.0,0.0
92460655,20.0,0.0
92460656,19.0,2.0
92460657,20.0,0.0
92460658,19.0,1.0
92460660,20.0,0.0
92460661,20.0,1.0
92460662,19.0,1.0
92460663,21.0,0.0
92460664,19.0,1.0
92460665,20.0,1.0
92460666,19.0,1.0
92460667,21.0,0.0
92460668,18.0,2.0
92460669,19.0,1.0
92460670,19.0,1.0
92460671,20.0,1.0
92460672,20.0,1.0
92460673,21.0,0.0
92460674,20.0,0.0
92460675,20.0,0.0
92460676,20.0,0.0
92460677,20.0,0.0
92460678,20.0,1.0
92460679,17.0,3.0
92460680,21.0,0.0
92460681,21.0,0.0
92460682,2.0,18.0
92460683,22.0,0.0
92460684,18.0,2.0
92460685,19.0,1.0
92460686,20.0,0.0
92460687,9.0,11.0
92460688,18.0,2.0
92460689,20.0,0.0
92460690,21.0,0.0
92460691,18.0,2.0
92460692,21.0,0.0
92460693,20.0,1.0
92460694,20.0,0.0
92460695,18.0,2.0
92460696,21.0,0.0
92460697,29.0,3.0
92460698,19.0,2.0
92460699,21.0,0.0
92460700,20.0,0.0
92460701,20.0,0.0
92460702,20.0,0.0
92460703,20.0,1.0
92460704,20.0,1.0
92460705,19.0,1.0
92460706,20.0,0.0
92460707,20.0,1.0
92460708,20.0,0.0
92460709,19.0,2.0
92460710,20.0,1.0
92460711,20.0,1.0
92460712,20.0,0.0
92460713,19.0,1.0
92460714,20.0,0.0
92460715,19.0,1.0
92460716,20.0,0.0
92460717,19.0,1.0
92460718,20.0,0.0
92460719,19.0,1.0
92460720,22.0,0.0
92460722,19.0,1.0
92460723,20.0,1.0
92460724,19.0,1.0
92460725,19.0,1.0
92460726,19.0,1.0
92460727,19.0,1.0
92460728,20.0,0.0
92460729,7.0,15.0
92460730,20.0,1.0
92460731,20.0,0.0
92460732,20.0,0.0
92460733,8.0,12.0
92460734,19.0,1.0
92460735,19.0,1.0
92460736,20.0,0.0
92460737,20.0,0.0
92460738,20.0,1.0
92460739,19.0,1.0
92460740,19.0,1.0
92460741,12.0,8.0
92460742,20.0,0.0
92460743,18.0,2.0
92460744,20.0,0.0
92460745,19.0,1.0
92460746,19.0,2.0
92460747,20.0,0.0
92460748,20.0,1.0
92460749,19.0,1.0
92460750,19.0,1.0
92460751,19.0,1.0
92460752,21.0,0.0
92460753,19.0,1.0
92460754,21.0,0.0
92460755,20.0,0.0
92460756,20.0,0.0
92460757,20.0,1.0
92460758,21.0,0.0
92460759,20.0,0.0
92460760,19.0,1.0
92460761,16.0,4.0
92460762,20.0,0.0
92460763,19.0,1.0
92460764,21.0,0.0
92460765,20.0,1.0
92460766,20.0,0.0
92460767,20.0,0.0
92460768,18.0,2.0
92460769,19.0,1.0
92460770,21.0,0.0
92460771,9.0,11.0
92460772,20.0,0.0
92460773,20.0,0.0
92460774,19.0,1.0
92460775,19.0,1.0
92460776,19.0,2.0
92460777,1.0,19.0
92460778,18.0,2.0
92460779,19.0,1.0
92460780,20.0,0.0
92460781,21.0,0.0
92460782,20.0,0.0
92460783,19.0,1.0
92460785,20.0,0.0
92460786,20.0,1.0
92460787,20.0,1.0
92460788,19.0,1.0
92460789,20.0,0.0
92460790,17.0,3.0
92460791,21.0,1.0
92460792,19.0,1.0
92460793,20.0,0.0
92460794,20.0,0.0
92460795,20.0,0.0
92460796,18.0,2.0
92460797,17.0,3.0
92460798,6.0,15.0
92460799,19.0,1.0
92460800,21.0,0.0
92460801,20.0,0.0
92460802,21.0,0.0
92460803,20.0,0.0
92460804,21.0,0.0
92460805,21.0,0.0
92460806,22.0,0.0
92460807,20.0,0.0
92460808,19.0,1.0
92460809,20.0,0.0
92460810,19.0,1.0
92460811,19.0,1.0
92460812,20.0,0.0
92460813,19.0,1.0
92460814,18.0,2.0
92460815,20.0,0.0
92460816,16.0,4.0
92460817,21.0,1.0
92460818,20.0,0.0
92460819,20.0,0.0
92460820,19.0,1.0
92460821,20.0,0.0
92460822,20.0,0.0
92460823,20.0,0.0
92460824,16.0,4.0
92460825,2.0,18.0
92460826,20.0,0.0
92460827,18.0,2.0
92460828,20.0,0.0
92460829,19.0,1.0
92460830,20.0,0.0
92460831,19.0,1.0
92460832,20.0,0.0
92460833,20.0,0.0
92460834,19.0,1.0
92460835,20.0,1.0
92460836,20.0,0.0
92460837,20.0,0.0
92460838,20.0,0.0
92460839,19.0,1.0
92460841,20.0,0.0
92460842,19.0,1.0
92460843,20.0,0.0
92460844,20.0,0.0
92460845,20.0,0.0
92460846,19.0,1.0
92460847,19.0,1.0
92460848,20.0,1.0
92460849,20.0,1.0
92460850,20.0,0.0
92460851,15.0,6.0
92460852,19.0,1.0
92460853,20.0,0.0
92460854,5.0,15.0
92460855,19.0,1.0
92460856,21.0,0.0
92460857,20.0,0.0
92460858,19.0,1.0
92460859,21.0,0.0
92460860,9.0,11.0
92460861,20.0,0.0
92460862,19.0,1.0
92460863,19.0,1.0
92460864,19.0,1.0
92460865,21.0,0.0
92460866,19.0,1.0
92460867,18.0,2.0
92460868,20.0,0.0
92460869,21.0,0.0
92460870,18.0,2.0
92460874,20.0,0.0
92460875,19.0,1.0
92460876,19.0,1.0
92460877,19.0,1.0
92460878,7.0,13.0
92460879,20.0,0.0
92460880,19.0,1.0
92460881,13.0,10.0
92460882,18.0,2.0
92460883,18.0,2.0
92460884,18.0,2.0
92460885,21.0,0.0
92460886,20.0,0.0
92460887,20.0,1.0
92460888,19.0,1.0
92460889,10.0,10.0
92460890,6.0,14.0
92460891,21.0,0.0
92460892,18.0,2.0
92460893,5.0,15.0
92460894,3.0,17.0
92460895,19.0,1.0
92460896,0.0,21.0
92460897,20.0,0.0
92460898,2.0,18.0
92460899,21.0,0.0
92460900,1.0,19.0
92460901,19.0,2.0
92460902,19.0,1.0
92460903,6.0,14.0
92460904,1.0,19.0
92460905,1.0,20.0
92460906,9.0,11.0
92460907,3.0,18.0
92460908,18.0,2.0
92460909,4.0,17.0
92460910,20.0,0.0
92460911,20.0,0.0
92460912,20.0,0.0
92460913,19.0,1.0
92460915,20.0,0.0
92460916,6.0,14.0
92460917,20.0,1.0
92460918,18.0,2.0
92460919,20.0,0.0
92460920,0.0,20.0
92460922,19.0,1.0
92460923,3.0,17.0
92460924,6.0,15.0
92460925,4.0,16.0
92460926,19.0,1.0
92460927,18.0,2.0
92460928,19.0,1.0
92460929,18.0,3.0
92460930,18.0,2.0
92460931,20.0,0.0
92460932,7.0,14.0
92460933,20.0,0.0
92460934,20.0,0.0
92460935,19.0,1.0
92460936,12.0,9.0
92460937,20.0,0.0
92460938,0.0,20.0
92460939,20.0,0.0
92460940,21.0,0.0
92460941,17.0,3.0
92460942,20.0,0.0
92460943,20.0,1.0
92460944,2.0,18.0
92460945,21.0,0.0
92460946,20.0,0.0
92460947,20.0,0.0
92460948,6.0,15.0
92460949,18.0,2.0
92460950,20.0,0.0
92460951,12.0,8.0
92460952,19.0,1.0
92460953,17.0,3.0
92460954,19.0,1.0
92460955,14.0,7.0
92460956,12.0,8.0
92460957,2.0,18.0
92460958,9.0,11.0
92460959,19.0,1.0
92460960,19.0,1.0
92460961,19.0,1.0
92460962,20.0,0.0
92460963,4.0,16.0
92460964,20.0,0.0
92460965,19.0,1.0
92460966,3.0,17.0
92460967,19.0,1.0
92460969,21.0,0.0
92460970,17.0,3.0
92460971,19.0,1.0
92460972,2.0,18.0
92460973,9.0,11.0
92460974,2.0,18.0
92460975,21.0,1.0
92460976,20.0,0.0
92460977,20.0,0.0
92460978,20.0,0.0
92460979,19.0,1.0
92460980,21.0,0.0
92460981,20.0,0.0
92460982,1.0,19.0
92460983,19.0,1.0
92460984,1.0,19.0
92460985,20.0,0.0
92460986,19.0,1.0
92460987,20.0,0.0
92460988,21.0,0.0
92460989,20.0,0.0
92460990,11.0,10.0
92460991,18.0,2.0
92460992,20.0,0.0
92460993,17.0,3.0
92460995,20.0,1.0
92460996,0.0,20.0
92460997,18.0,2.0
92460998,18.0,2.0
92460999,19.0,2.0
92461000,19.0,1.0
92461001,20.0,0.0
92461002,19.0,1.0
92461003,0.0,20.0
92461004,19.0,1.0
92461005,19.0,1.0
92461006,1.0,19.0
92461007,2.0,20.0
92461008,21.0,0.0
92461009,18.0,2.0
92461010,20.0,0.0
92461011,12.0,8.0
92461012,20.0,0.0
92461013,20.0,0.0
92461014,3.0,17.0
92461015,19.0,1.0
92461016,20.0,0.0
92461017,20.0,0.0
92461018,20.0,0.0
92461019,2.0,18.0
92461020,20.0,0.0
92461021,20.0,1.0
92461022,5.0,15.0
92461023,19.0,1.0
92461024,17.0,3.0
92461025,11.0,9.0
92461026,17.0,4.0
92461027,20.0,1.0
92461028,0.0,21.0
92461029,4.0,16.0
92461030,20.0,0.0
92461031,1.0,19.0
92461032,21.0,0.0
92461033,7.0,13.0
92461034,19.0,1.0
92461035,19.0,1.0
92461036,19.0,1.0
92461037,18.0,2.0
92461038,19.0,1.0
92461039,13.0,8.0
92461040,16.0,4.0
92461041,19.0,1.0
92461042,19.0,1.0
92461043,19.0,2.0
92461044,20.0,0.0
92461045,2.0,18.0
92461046,20.0,0.0
92461047,20.0,0.0
92461048,21.0,0.0
92461049,20.0,0.0
92461050,3.0,17.0
92461051,21.0,1.0
92461052,20.0,1.0
92461053,4.0,16.0
92461054,21.0,0.0
92461055,20.0,0.0
92461056,21.0,0.0
92461057,15.0,6.0
92461058,19.0,1.0
92461059,19.0,1.0
92461060,19.0,1.0
92461061,20.0,1.0
92461062,9.0,11.0
92461063,19.0,1.0
92461064,20.0,0.0
92461065,21.0,0.0
92461066,19.0,1.0
92461067,21.0,0.0
92461068,8.0,12.0
92461069,19.0,1.0
92461070,20.0,0.0
92461071,19.0,1.0
92461072,19.0,1.0
92461073,20.0,0.0
92461074,9.0,11.0
92461075,3.0,17.0
92461076,10.0,11.0
92461077,20.0,0.0
92461078,12.0,9.0
92461079,21.0,0.0
92461080,16.0,4.0
92461081,20.0,0.0
92461082,10.0,11.0
92461083,1.0,19.0
92461084,20.0,0.0
92461085,0.0,20.0
92461086,6.0,14.0
92461087,20.0,0.0
92461088,20.0,0.0
92461089,4.0,16.0
92461090,7.0,13.0
92461091,20.0,0.0
92461092,22.0,9.0
92461093,21.0,0.0
92461094,4.0,17.0
92461095,15.0,7.0
92461096,20.0,0.0
92461097,20.0,0.0
92461098,3.0,18.0
92461099,20.0,0.0
92461100,20.0,1.0
92461101,19.0,1.0
92461102,19.0,1.0
92461103,19.0,1.0
92461104,19.0,2.0
92461105,4.0,16.0
92461106,20.0,1.0
92461107,16.0,4.0
92461108,20.0,0.0
92461109,4.0,16.0
92461110,19.0,1.0
92461111,19.0,1.0
92461112,20.0,0.0
92461113,21.0,0.0
92461114,3.0,17.0
92461115,20.0,0.0
92461116,19.0,1.0
92461117,22.0,0.0
92461118,21.0,0.0
92461119,1.0,19.0
92461120,12.0,8.0
92461122,20.0,0.0
92461123,20.0,0.0
92461124,2.0,18.0
92461125,19.0,1.0
92461126,19.0,1.0
92461127,19.0,1.0
92461128,20.0,0.0
92461129,20.0,0.0
92461130,20.0,1.0
92461131,1.0,21.0
92461132,17.0,3.0
92461133,21.0,0.0
92461134,21.0,0.0
92461135,9.0,11.0
92461136,20.0,0.0
92461137,20.0,0.0
92461138,19.0,1.0
92461139,19.0,1.0
92461140,20.0,0.0
92461141,19.0,1.0
92461142,21.0,0.0
92461143,1.0,20.0
92461144,18.0,2.0
92461145,18.0,2.0
92461146,3.0,17.0
92461147,20.0,0.0
92461148,20.0,0.0
92461149,20.0,0.0
92461150,20.0,1.0
92461151,19.0,1.0
92461152,1.0,19.0
92461153,1.0,19.0
92461154,2.0,18.0
92461155,20.0,0.0
92461156,19.0,1.0
92461157,4.0,17.0
92461158,20.0,0.0
92461159,20.0,0.0
92461160,21.0,0.0
92461161,12.0,8.0
92461162,6.0,14.0
92461163,7.0,13.0
92461164,20.0,1.0
92461165,2.0,18.0
92461166,21.0,0.0
92461167,19.0,1.0
92461168,20.0,0.0
92461169,18.0,2.0
92461170,1.0,19.0
92461171,0.0,20.0
92461172,20.0,0.0
92461173,11.0,9.0
92461174,20.0,0.0
92461175,20.0,0.0
92461176,19.0,1.0
92461177,19.0,1.0
92461178,21.0,0.0
92461179,18.0,2.0
92461180,19.0,1.0
92461181,4.0,16.0
92461182,20.0,1.0
92461183,20.0,0.0
92461184,20.0,0.0
92461185,21.0,0.0
92461186,4.0,16.0
92461187,18.0,2.0
92461188,3.0,17.0
92461189,20.0,0.0
92461191,18.0,2.0
92461192,5.0,15.0
92461193,1.0,19.0
92461194,19.0,1.0
92461195,19.0,1.0
92461196,20.0,0.0
92461197,21.0,0.0
92461198,1.0,19.0
92461199,18.0,2.0
92461200,20.0,0.0
92461201,19.0,1.0
92461202,13.0,7.0
92461203,19.0,1.0
92461204,17.0,3.0
92461205,19.0,1.0
92461206,19.0,1.0
92461207,20.0,0.0
92461208,16.0,4.0
92461209,21.0,0.0
92461210,21.0,0.0
92461212,20.0,0.0
92461213,8.0,12.0
92461214,4.0,18.0
92461215,12.0,8.0
92461216,20.0,0.0
92461217,19.0,1.0
92461218,20.0,0.0
92461219,19.0,1.0
92461220,19.0,1.0
92461221,20.0,0.0
92461222,18.0,3.0
92461223,0.0,20.0
92461224,20.0,0.0
92461225,20.0,0.0
92461226,22.0,0.0
92461227,21.0,0.0
92461228,20.0,0.0
92461230,0.0,21.0
92461232,20.0,0.0
92461233,4.0,16.0
92461234,19.0,1.0
92461235,21.0,1.0
92461236,20.0,0.0
92461237,20.0,1.0
92461238,20.0,0.0
92461239,20.0,0.0
92461240,17.0,3.0
92461241,20.0,0.0
92461242,16.0,4.0
92461243,19.0,1.0
92461244,21.0,0.0
92461245,19.0,1.0
92461246,19.0,1.0
92461247,18.0,2.0
92461248,19.0,1.0
92461249,20.0,0.0
92461250,20.0,0.0
92461251,22.0,0.0
92461252,21.0,0.0
92461253,20.0,0.0
92461254,19.0,1.0
92461255,20.0,1.0
92461256,13.0,7.0
92461257,20.0,0.0
92461258,21.0,0.0
92461259,20.0,0.0
92461260,2.0,18.0
92461261,17.0,4.0
92461262,18.0,2.0
92461263,20.0,0.0
92461264,21.0,0.0
92461265,2.0,18.0
92461266,21.0,0.0
92461267,20.0,0.0
92461268,16.0,5.0
92461269,19.0,1.0
92461270,20.0,0.0
92461271,12.0,8.0
92461272,19.0,1.0
92461273,18.0,2.0
92461274,1.0,19.0
92461275,19.0,1.0
92461276,6.0,14.0
92461277,3.0,18.0
92461278,20.0,0.0
92461279,19.0,1.0
92461280,20.0,0.0
92461281,21.0,0.0
92461282,2.0,19.0
92461283,21.0,1.0
92461284,19.0,1.0
92461285,20.0,0.0
92461286,19.0,1.0
92461287,20.0,0.0
92461288,20.0,0.0
92461289,19.0,1.0
92461290,19.0,1.0
92461291,21.0,0.0
92461292,20.0,0.0
92461293,21.0,0.0
92461294,20.0,1.0
92461295,11.0,9.0
92461296,18.0,3.0
92461297,3.0,17.0
92461298,20.0,0.0
92461299,20.0,0.0
92461300,20.0,0.0
92461301,19.0,1.0
92461302,20.0,0.0
92461303,21.0,0.0
92461304,8.0,12.0
92461305,19.0,1.0
92461306,18.0,3.0
92461307,19.0,1.0
92461308,20.0,0.0
92461309,20.0,0.0
92461310,3.0,17.0
92461311,20.0,0.0
92461312,3.0,17.0
92461313,19.0,2.0
92461314,4.0,16.0
92461315,20.0,0.0
92461316,20.0,0.0
92461317,18.0,2.0
92461318,19.0,1.0
92461319,4.0,16.0
92461320,20.0,0.0
92461321,9.0,12.0
92461322,15.0,5.0
92461323,1.0,19.0
92461324,20.0,0.0
92461325,19.0,1.0
92461326,6.0,14.0
92461327,20.0,0.0
92461328,21.0,0.0
92461329,20.0,1.0
92461330,21.0,0.0
92461331,20.0,1.0
92461332,20.0,1.0
92461333,7.0,13.0
92461334,20.0,1.0
92461335,19.0,2.0
92461336,20.0,0.0
92461337,20.0,0.0
92461338,2.0,19.0
92461339,7.0,14.0
92461341,1.0,19.0
92461342,20.0,0.0
92461343,19.0,1.0
92461344,19.0,1.0
92461345,7.0,13.0
92461346,20.0,1.0
92461347,4.0,16.0
92461348,19.0,2.0
92461349,19.0,2.0
92461350,19.0,2.0
92461351,18.0,2.0
92461352,21.0,0.0
92461353,20.0,0.0
92461354,21.0,0.0
92461355,2.0,18.0
92461356,19.0,1.0
92461357,18.0,2.0
92461358,0.0,21.0
92461359,20.0,0.0
92461360,20.0,0.0
92461361,20.0,0.0
92461362,18.0,2.0
92461363,5.0,15.0
92461364,20.0,0.0
92461365,21.0,0.0
92461366,20.0,0.0
92461367,0.0,20.0
92461368,19.0,1.0
92461369,16.0,4.0
92461370,1.0,19.0
92461371,19.0,1.0
92461372,27.0,1.0
92461373,21.0,0.0
92461374,19.0,1.0
92461375,8.0,12.0
92461376,7.0,13.0
92461377,20.0,0.0
92461378,21.0,0.0
92461379,20.0,0.0
92461380,18.0,2.0
92461381,21.0,0.0
92461382,5.0,15.0
92461383,20.0,0.0
92461384,21.0,0.0
92461385,20.0,1.0
92461386,1.0,20.0
92461387,20.0,0.0
92461388,20.0,0.0
92461389,20.0,1.0
92461390,19.0,1.0
92461391,6.0,15.0
92461392,20.0,0.0
92461393,1.0,20.0
92461394,3.0,17.0
92461395,20.0,1.0
92461396,18.0,2.0
92461397,19.0,1.0
92461398,20.0,0.0
92461399,19.0,1.0
92461400,18.0,2.0
92461401,20.0,0.0
92461402,20.0,0.0
92461403,20.0,0.0
92461404,18.0,2.0
92461405,19.0,1.0
92461406,20.0,1.0
92461407,20.0,0.0
92461408,19.0,1.0
92461409,20.0,0.0
92461410,20.0,1.0
92461411,0.0,20.0
92461412,19.0,1.0
92461413,20.0,1.0
92461414,20.0,0.0
92461415,20.0,0.0
92461416,20.0,1.0
92461417,20.0,0.0
92461418,20.0,0.0
92461419,1.0,20.0
92461420,12.0,9.0
92461421,20.0,0.0
92461422,4.0,17.0
92461423,19.0,1.0
92461424,3.0,17.0
92461425,16.0,4.0
92461426,20.0,0.0
92461427,20.0,0.0
92461428,19.0,1.0
92461429,19.0,1.0
92461430,20.0,0.0
92461431,16.0,5.0
92461432,18.0,2.0
92461433,5.0,15.0
92461434,0.0,20.0
92461435,19.0,1.0
92461436,8.0,12.0
92461437,13.0,7.0
92461438,3.0,17.0
92461439,17.0,3.0
92461440,18.0,2.0
92461441,4.0,16.0
92461442,21.0,0.0
92461443,19.0,1.0
92461444,20.0,1.0
92461445,20.0,1.0
92461446,17.0,3.0
92461447,21.0,0.0
92461449,19.0,1.0
92461450,0.0,20.0
92461451,20.0,0.0
92461453,20.0,0.0
92461454,16.0,4.0
92461455,22.0,0.0
92461456,19.0,1.0
92461457,4.0,16.0
92461458,5.0,15.0
92461459,1.0,19.0
92461460,0.0,20.0
92461461,16.0,4.0
92461462,20.0,1.0
92461463,20.0,0.0
92461464,21.0,0.0
92461465,15.0,5.0
92461466,19.0,1.0
92461467,20.0,0.0
92461468,21.0,0.0
92461469,20.0,0.0
92461470,20.0,0.0
92461471,0.0,22.0
92461472,21.0,0.0
92461473,5.0,15.0
92461474,16.0,4.0
92461475,17.0,4.0
92461476,20.0,0.0
92461477,6.0,14.0
92461479,20.0,0.0
92461480,20.0,0.0
92461481,21.0,0.0
92461482,19.0,1.0
92461483,19.0,1.0
92461484,18.0,2.0
92461485,0.0,20.0
92461486,19.0,1.0
92461487,21.0,0.0
92461488,2.0,18.0
92461489,20.0,1.0
92461490,20.0,0.0
92461491,20.0,0.0
92461492,4.0,16.0
92461493,14.0,6.0
92461494,2.0,18.0
92461495,15.0,5.0
92461496,18.0,2.0
92461497,16.0,4.0
92461498,20.0,0.0
92461499,4.0,16.0
92461500,19.0,1.0
92461501,20.0,0.0
92461502,20.0,1.0
92461503,20.0,0.0
92461504,13.0,7.0
92461505,6.0,14.0
92461506,15.0,5.0
92461507,20.0,0.0
92461508,6.0,14.0
92461509,5.0,15.0
92461510,20.0,1.0
92461511,1.0,19.0
92461512,12.0,8.0
92461513,17.0,4.0
92461514,19.0,1.0
92461515,20.0,0.0
92461516,16.0,4.0
92461517,21.0,1.0
92461518,13.0,8.0
92461519,2.0,18.0
92461520,20.0,0.0
92461521,20.0,0.0
92461522,13.0,7.0
92461523,22.0,0.0
92461524,20.0,0.0
92461525,18.0,2.0
92461526,19.0,1.0
92461527,11.0,9.0
92461528,2.0,18.0
92461529,15.0,6.0
92461530,27.0,1.0
92461531,20.0,0.0
92461532,19.0,1.0
92461533,21.0,0.0
92461534,20.0,0.0
92461535,19.0,1.0
92461536,7.0,13.0
92461537,20.0,0.0
92461538,1.0,19.0
92461539,21.0,0.0
92461540,3.0,20.0
92461541,11.0,9.0
92461542,18.0,2.0
92461543,20.0,0.0
92461544,9.0,11.0
92461545,19.0,1.0
92461546,1.0,19.0
92461547,18.0,3.0
92461548,3.0,17.0
92461549,9.0,11.0
92461551,19.0,1.0
92461552,20.0,0.0
92461553,21.0,0.0
92461554,13.0,7.0
92461555,19.0,1.0
92461556,1.0,19.0
92461557,19.0,1.0
92461558,17.0,3.0
92461559,20.0,0.0
92461560,21.0,0.0
92461561,2.0,18.0
92461562,13.0,7.0
92461563,17.0,4.0
92461564,20.0,0.0
92461565,3.0,18.0
92461566,20.0,0.0
92461567,19.0,1.0
92461568,20.0,0.0
92461569,20.0,0.0
92461570,9.0,12.0
92461571,20.0,0.0
92461572,14.0,6.0
92461573,18.0,2.0
92461574,20.0,0.0
92461575,0.0,20.0
92461576,0.0,20.0
92461577,19.0,1.0
92461578,18.0,2.0
92461579,19.0,1.0
92461580,3.0,17.0
92461581,14.0,7.0
92461582,3.0,17.0
92461583,21.0,1.0
92461584,3.0,17.0
92461585,20.0,0.0
92461586,20.0,0.0
92461587,0.0,20.0
92461588,21.0,0.0
92461589,18.0,2.0
92461590,20.0,0.0
92461591,5.0,16.0
92461592,20.0,0.0
92461593,20.0,0.0
92461594,20.0,0.0
92461595,1.0,19.0
92461596,21.0,0.0
92461597,20.0,1.0
92461598,19.0,1.0
92461599,19.0,1.0
92461600,20.0,0.0
92461601,20.0,0.0
92461602,17.0,3.0
92461603,20.0,0.0
92461604,21.0,0.0
92461605,18.0,2.0
92461606,3.0,18.0
92461607,22.0,0.0
92461608,20.0,0.0
92461609,20.0,0.0
92461610,14.0,6.0
92461611,18.0,2.0
92461612,14.0,6.0
92461613,20.0,0.0
92461614,20.0,0.0
92461615,18.0,2.0
92461616,19.0,1.0
92461617,0.0,20.0
92461618,18.0,2.0
92461619,20.0,0.0
92461620,2.0,18.0
92461621,20.0,0.0
92461622,20.0,0.0
92461623,13.0,7.0
92461624,3.0,17.0
92461625,21.0,0.0
92461626,20.0,0.0
92461627,20.0,0.0
92461629,1.0,19.0
92461630,20.0,0.0
92461631,3.0,17.0
92461632,20.0,0.0
92461633,10.0,10.0
92461634,20.0,0.0
92461635,8.0,12.0
92461636,19.0,1.0
92461637,2.0,18.0
92461638,20.0,0.0
92461639,18.0,2.0
92461640,4.0,16.0
92461641,18.0,2.0
92461642,20.0,0.0
92461643,15.0,5.0
92461644,19.0,1.0
92461645,0.0,20.0
92461646,20.0,0.0
92461647,13.0,7.0
92461648,7.0,13.0
92461649,19.0,1.0
92461650,20.0,0.0
92461651,21.0,0.0
92461652,19.0,1.0
92461653,17.0,3.0
92461654,21.0,0.0
92461655,6.0,15.0
92461656,19.0,1.0
92461657,20.0,1.0
92461658,15.0,6.0
92461659,21.0,0.0
92461660,11.0,9.0
92461661,18.0,2.0
92461662,1.0,19.0
92461663,21.0,0.0
92461664,20.0,0.0
92461665,7.0,13.0
92461666,20.0,0.0
92461667,21.0,0.0
92461668,20.0,0.0
92461669,3.0,17.0
92461670,19.0,1.0
92461671,4.0,16.0
92461672,21.0,0.0
92461673,22.0,0.0
92461674,18.0,2.0
92461675,19.0,1.0
92461676,16.0,4.0
92461677,3.0,17.0
92461678,21.0,0.0
92461679,16.0,4.0
92461680,20.0,0.0
92461681,17.0,5.0
92461682,19.0,1.0
92461683,8.0,12.0
92461684,19.0,1.0
92461685,20.0,0.0
92461686,20.0,0.0
92461687,21.0,0.0
92461688,21.0,0.0
92461689,21.0,0.0
92461690,20.0,0.0
92461691,19.0,1.0
92461692,20.0,0.0
92461693,11.0,9.0
92461694,15.0,5.0
92461695,20.0,0.0
92461696,20.0,0.0
92461697,20.0,0.0
92461698,20.0,0.0
92461699,21.0,0.0
92461700,1.0,19.0
92461701,3.0,18.0
92461702,19.0,1.0
92461703,20.0,0.0
92461704,18.0,2.0
92461705,20.0,0.0
92461706,19.0,1.0
92461707,22.0,0.0
92461708,3.0,18.0
92461709,18.0,2.0
92461710,14.0,7.0
92461711,19.0,1.0
92461712,9.0,11.0
92461713,20.0,1.0
92461714,2.0,18.0
92461715,19.0,1.0
92461716,1.0,19.0
92461717,21.0,0.0
92461718,3.0,17.0
92461719,19.0,10.0
92461720,5.0,15.0
92461721,14.0,7.0
92461722,21.0,0.0
92461723,1.0,19.0
92461724,19.0,1.0
92461726,20.0,0.0
92461727,7.0,14.0
92461728,20.0,0.0
92461729,21.0,0.0
92461730,21.0,0.0
92461732,18.0,2.0
92461733,2.0,19.0
92461734,19.0,1.0
92461735,21.0,0.0
92461736,22.0,0.0
92461737,19.0,1.0
92461738,22.0,5.0
92461739,20.0,0.0
92461740,19.0,1.0
92461741,19.0,1.0
92461742,7.0,13.0
92461743,20.0,1.0
92461744,20.0,0.0
92461745,1.0,19.0
92461746,19.0,1.0
92461747,20.0,1.0
92461748,20.0,0.0
92461749,21.0,0.0
92461750,20.0,0.0
92461751,1.0,19.0
92461752,19.0,1.0
92461753,19.0,1.0
92461754,20.0,0.0
92461755,8.0,12.0
92461756,20.0,0.0
92461757,19.0,1.0
92461758,20.0,0.0
92461759,19.0,1.0
92461760,20.0,0.0
92461761,18.0,3.0
92461762,2.0,18.0
92461764,19.0,1.0
92461765,18.0,2.0
92461766,7.0,13.0
92461767,19.0,1.0
92461768,19.0,1.0
92461769,18.0,2.0
92461770,19.0,1.0
92461771,20.0,1.0
92461772,20.0,0.0
92461773,7.0,13.0
92461774,19.0,1.0
92461775,20.0,0.0
92461776,19.0,1.0
92461777,0.0,20.0
92461778,22.0,0.0
92461779,21.0,0.0
92461780,20.0,0.0
92461781,3.0,18.0
92461782,20.0,0.0
92461783,20.0,0.0
92461784,19.0,1.0
92461785,20.0,0.0
92461786,21.0,0.0
92461787,21.0,0.0
92461788,20.0,0.0
92461789,20.0,1.0
92461790,20.0,0.0
92461791,0.0,20.0
92461792,20.0,0.0
92461793,11.0,10.0
92461794,19.0,1.0
92461795,6.0,14.0
92461796,0.0,20.0
92461797,20.0,0.0
92461798,21.0,0.0
92461799,10.0,10.0
92461800,19.0,1.0
92461801,20.0,0.0
92461802,21.0,0.0
92461803,2.0,18.0
92461804,7.0,13.0
92461805,20.0,0.0
92461806,20.0,0.0
92461807,15.0,6.0
92461808,20.0,1.0
92461809,2.0,18.0
92461810,15.0,5.0
92461811,20.0,1.0
92461812,5.0,15.0
92461813,20.0,0.0
92461814,20.0,1.0
92461815,19.0,1.0
92461816,20.0,0.0
92461817,10.0,11.0
92461818,20.0,0.0
92461819,19.0,1.0
92461820,0.0,20.0
92461821,21.0,0.0
92461822,3.0,18.0
92461823,19.0,1.0
92461824,10.0,10.0
92461825,19.0,1.0
92461826,19.0,1.0
92461827,20.0,1.0
92461828,18.0,2.0
92461829,6.0,21.0
92461830,1.0,20.0
92461831,19.0,1.0
92461832,7.0,13.0
92461833,11.0,9.0
92461834,21.0,0.0
92461835,1.0,19.0
92461836,20.0,0.0
92461837,21.0,0.0
92461838,19.0,1.0
92461839,17.0,4.0
92461840,19.0,1.0
92461841,4.0,16.0
92461842,21.0,0.0
92461843,19.0,1.0
92461844,20.0,0.0
92461845,20.0,0.0
92461846,19.0,1.0
92461847,9.0,11.0
92461848,1.0,19.0
92461849,2.0,18.0
92461850,20.0,0.0
92461851,20.0,0.0
92461852,2.0,18.0
92461853,19.0,2.0
92461854,19.0,1.0
92461855,26.0,1.0
92461856,20.0,0.0
92461857,19.0,1.0
92461858,29.0,2.0
92461859,16.0,4.0
92461860,21.0,0.0
92461861,4.0,16.0
92461862,21.0,0.0
92461863,20.0,0.0
92461864,0.0,20.0
92461865,1.0,19.0
92461866,10.0,10.0
92461867,19.0,1.0
92461868,21.0,0.0
92461869,19.0,1.0
92461870,20.0,0.0
92461871,20.0,0.0
92461872,2.0,18.0
92461873,19.0,1.0
92461874,19.0,1.0
92461875,19.0,1.0
92461876,20.0,0.0
92461877,21.0,0.0
92461878,20.0,0.0
92461879,3.0,17.0
92461880,18.0,2.0
92461881,20.0,0.0
92461882,5.0,16.0
92461884,20.0,0.0
92461885,20.0,0.0
92461886,20.0,0.0
92461887,20.0,0.0
92461888,15.0,6.0
92461889,17.0,3.0
92461890,1.0,19.0
92461891,5.0,15.0
92461892,20.0,1.0
92461893,19.0,1.0
92461894,20.0,1.0
92461895,18.0,2.0
92461896,12.0,8.0
92461897,12.0,8.0
92461898,20.0,0.0
92461899,5.0,16.0
92461900,20.0,0.0
92461901,17.0,3.0
92461902,4.0,16.0
92461903,19.0,1.0
92461904,19.0,1.0
92461905,19.0,1.0
92461906,20.0,0.0
92461907,19.0,2.0
92461908,20.0,0.0
92461909,1.0,19.0
92461910,2.0,19.0
92461911,7.0,14.0
92461912,20.0,0.0
92461913,18.0,2.0
92461914,18.0,2.0
92461915,20.0,0.0
92461916,20.0,0.0
92461917,20.0,1.0
92461918,19.0,3.0
92461919,0.0,20.0
92461920,41.0,0.0
92461921,20.0,0.0
92461922,19.0,1.0
92461923,9.0,11.0
92461924,3.0,17.0
92461925,7.0,13.0
92461926,5.0,15.0
92461927,20.0,0.0
92461928,21.0,0.0
92461929,20.0,0.0
92461930,6.0,14.0
92461931,20.0,0.0
92461933,20.0,0.0
92461934,11.0,9.0
92461935,21.0,0.0
92461936,18.0,2.0
92461937,19.0,2.0
92461938,17.0,3.0
92461939,5.0,16.0
92461940,18.0,2.0
92461941,19.0,1.0
92461942,20.0,0.0
92461943,8.0,12.0
92461944,19.0,1.0
92461945,19.0,1.0
92461946,20.0,1.0
92461947,9.0,11.0
92461948,20.0,0.0
92461949,16.0,4.0
92461950,20.0,0.0
92461951,21.0,0.0
92461952,17.0,4.0
92461953,18.0,2.0
92461954,11.0,10.0
92461955,3.0,18.0
92461956,20.0,0.0
92461957,0.0,20.0
92461958,20.0,0.0
92461959,17.0,3.0
92461960,0.0,20.0
92461961,3.0,17.0
92461962,20.0,1.0
92461963,18.0,2.0
92461964,2.0,18.0
92461965,20.0,0.0
92461966,1.0,19.0
92461967,18.0,2.0
92461968,21.0,0.0
92461969,21.0,0.0
92461970,2.0,19.0
92461971,11.0,9.0
92461972,18.0,2.0
92461973,19.0,1.0
92461974,20.0,1.0
92461975,19.0,1.0
92461976,19.0,1.0
92461977,20.0,0.0
92461978,0.0,20.0
92461979,3.0,17.0
92461980,19.0,1.0
92461981,19.0,1.0
92461982,19.0,1.0
92461983,19.0,1.0
92461984,15.0,6.0
92461985,20.0,0.0
92461986,20.0,0.0
92461987,20.0,0.0
92461988,15.0,5.0
92461989,20.0,0.0
92461990,14.0,6.0
92461992,17.0,3.0
92461993,9.0,11.0
92461994,5.0,15.0
92461995,19.0,3.0
92461996,19.0,2.0
92461997,18.0,2.0
92461998,19.0,1.0
92461999,19.0,1.0
92462000,20.0,0.0
92462001,9.0,11.0
92462002,20.0,1.0
92462003,0.0,20.0
92462004,21.0,0.0
92462005,17.0,3.0
92462006,17.0,3.0
92462007,4.0,17.0
92462008,19.0,1.0
92462009,2.0,18.0
92462010,20.0,0.0
92462012,20.0,1.0
92462013,20.0,0.0
92462014,18.0,2.0
92462015,11.0,9.0
92462016,21.0,0.0
92462017,0.0,21.0
92462018,19.0,1.0
92462019,20.0,0.0
92462021,20.0,1.0
92462022,20.0,0.0
92462023,10.0,11.0
92462024,20.0,0.0
92462025,19.0,1.0
92462026,6.0,15.0
92462027,20.0,0.0
92462028,20.0,0.0
92462029,19.0,1.0
92462030,9.0,11.0
92462031,20.0,0.0
92462032,20.0,1.0
92462033,20.0,0.0
92462034,20.0,0.0
92462035,20.0,0.0
92462036,13.0,7.0
92462037,1.0,19.0
92462038,19.0,1.0
92462039,20.0,1.0
92462040,21.0,0.0
92462041,7.0,13.0
92462042,18.0,2.0
92462043,20.0,0.0
92462044,18.0,2.0
92462045,0.0,20.0
92462046,0.0,20.0
92462047,18.0,3.0
92462048,19.0,1.0
92462049,19.0,1.0
92462050,18.0,2.0
92462051,3.0,17.0
92462052,18.0,2.0
92462053,20.0,0.0
92462054,20.0,0.0
92462055,5.0,15.0
92462056,20.0,0.0
92462057,21.0,0.0
92462058,20.0,0.0
92462059,20.0,0.0
92462060,22.0,0.0
92462061,7.0,13.0
92462062,18.0,2.0
92462063,18.0,2.0
92462064,19.0,1.0
92462065,21.0,0.0
92462066,21.0,1.0
92462067,21.0,0.0
92462068,19.0,1.0
92462069,6.0,14.0
92462070,16.0,4.0
92462071,20.0,1.0
92462072,8.0,13.0
92462073,21.0,0.0
92462074,2.0,19.0
92462075,20.0,0.0
92462076,20.0,0.0
92462077,1.0,19.0
92462078,21.0,0.0
92462079,20.0,0.0
92462080,20.0,1.0
92462081,1.0,19.0
92462082,20.0,0.0
92462083,19.0,1.0
92462085,19.0,1.0
92462086,1.0,19.0
92462087,17.0,3.0
92462088,1.0,20.0
92462089,21.0,0.0
92462090,18.0,2.0
92462091,19.0,1.0
92462092,2.0,18.0
92462093,15.0,5.0
92462094,18.0,2.0
92462095,6.0,14.0
92462096,20.0,0.0
92462097,20.0,1.0
92462098,0.0,20.0
92462099,19.0,1.0
92462100,19.0,1.0
92462101,20.0,0.0
92462102,20.0,1.0
92462103,10.0,10.0
92462105,20.0,0.0
92462106,10.0,11.0
92462107,20.0,0.0
92462108,19.0,1.0
92462109,20.0,0.0
92462110,18.0,2.0
92462111,20.0,0.0
92462112,2.0,18.0
92462113,18.0,2.0
92462114,4.0,16.0
92462115,19.0,1.0
92462116,0.0,20.0
92462117,1.0,20.0
92462118,20.0,1.0
92462119,20.0,0.0
92462120,20.0,0.0
92462121,1.0,20.0
92462122,20.0,0.0
92462123,20.0,0.0
92462124,19.0,1.0
92462125,19.0,1.0
92462126,18.0,2.0
92462127,20.0,1.0
92462128,15.0,5.0
92462130,18.0,2.0
92462131,21.0,0.0
92462132,19.0,1.0
92462133,19.0,1.0
92462134,20.0,1.0
92462135,20.0,0.0
92462136,20.0,0.0
92462137,22.0,0.0
92462138,4.0,16.0
92462139,20.0,1.0
92462140,3.0,17.0
92462141,21.0,0.0
92462142,20.0,0.0
92462143,20.0,0.0
92462144,16.0,4.0
92462145,20.0,1.0
92462146,19.0,1.0
92462148,12.0,10.0
92462149,2.0,18.0
92462150,10.0,10.0
92462151,21.0,0.0
92462152,3.0,17.0
92462153,19.0,1.0
92462154,16.0,4.0
92462155,2.0,18.0
92462156,21.0,0.0
92462157,1.0,19.0
92462158,19.0,1.0
92462159,8.0,13.0
92462160,1.0,19.0
92462161,20.0,0.0
92462162,20.0,1.0
92462163,18.0,2.0
92462164,20.0,0.0
92462165,18.0,2.0
92462166,3.0,17.0
92462167,21.0,0.0
92462168,17.0,3.0
92462169,20.0,0.0
92462171,18.0,2.0
92462172,20.0,1.0
92462173,4.0,16.0
92462174,20.0,0.0
92462175,20.0,0.0
92462176,19.0,1.0
92462177,20.0,0.0
92462178,19.0,1.0
92462179,19.0,2.0
92462180,20.0,0.0
92462181,20.0,0.0
92462182,3.0,17.0
92462183,4.0,38.0
92462184,20.0,1.0
92462185,20.0,0.0
92462186,20.0,0.0
92462187,20.0,0.0
92462188,19.0,1.0
92462189,19.0,1.0
92462190,21.0,0.0
92462191,2.0,18.0
92462192,2.0,18.0
92462193,18.0,2.0
92462194,3.0,17.0
92462195,1.0,19.0
92462196,20.0,0.0
92462197,20.0,0.0
92462198,20.0,0.0
92462199,20.0,0.0
92462200,21.0,0.0
92462201,18.0,2.0
92462202,20.0,0.0
92462203,1.0,19.0
92462204,19.0,2.0
92462205,16.0,4.0
92462206,20.0,0.0
92462207,21.0,0.0
92462208,19.0,1.0
92462209,20.0,0.0
92462210,21.0,1.0
92462211,20.0,0.0
92462212,4.0,17.0
92462213,1.0,19.0
92462214,20.0,0.0
92462215,20.0,0.0
92462216,19.0,1.0
92462217,4.0,16.0
92462218,19.0,1.0
92462219,20.0,1.0
92462220,20.0,0.0
92462221,8.0,12.0
92462222,20.0,0.0
92462223,13.0,7.0
92462224,3.0,17.0
92462225,21.0,1.0
92462226,20.0,0.0
92462227,20.0,1.0
92462228,2.0,18.0
92462229,19.0,1.0
92462230,22.0,3.0
92462231,1.0,19.0
92462232,3.0,18.0
92462233,6.0,14.0
92462234,13.0,7.0
92462235,19.0,2.0
92462236,18.0,2.0
92462237,20.0,0.0
92462238,20.0,0.0
92462239,20.0,0.0
92462240,20.0,1.0
92462241,20.0,0.0
92462242,6.0,14.0
92462243,20.0,0.0
92462244,20.0,0.0
92462245,19.0,1.0
92462246,19.0,1.0
92462247,19.0,1.0
92462248,22.0,0.0
92462249,20.0,0.0
92462250,19.0,1.0
92462251,21.0,1.0
92462252,3.0,17.0
92462253,19.0,1.0
92462254,20.0,0.0
92462255,20.0,1.0
92462256,2.0,19.0
92462257,20.0,0.0
92462258,4.0,16.0
92462259,20.0,0.0
92462260,10.0,11.0
92462261,20.0,0.0
92462262,18.0,2.0
92462263,20.0,1.0
92462264,15.0,5.0
92462265,19.0,1.0
92462266,18.0,2.0
92462267,4.0,16.0
92462268,18.0,2.0
92462269,20.0,1.0
92462270,19.0,1.0
92462271,19.0,1.0
92462272,20.0,0.0
92462273,22.0,0.0
92462274,20.0,0.0
92462275,15.0,5.0
92462276,13.0,7.0
92462277,4.0,16.0
92462278,20.0,0.0
92462279,18.0,2.0
92462280,21.0,0.0
92462281,18.0,2.0
92462282,19.0,1.0
92462283,19.0,1.0
92462284,19.0,1.0
92462285,17.0,3.0
92462286,7.0,13.0
92462287,19.0,1.0
92462288,20.0,0.0
92462289,20.0,0.0
92462290,1.0,20.0
92462291,22.0,0.0
92462292,20.0,1.0
92462293,19.0,1.0
92462294,7.0,13.0
92462295,19.0,1.0
92462296,1.0,20.0
92462297,21.0,1.0
92462298,20.0,0.0
92462299,21.0,0.0
92462300,20.0,0.0
92462302,21.0,0.0
92462303,20.0,0.0
92462304,20.0,0.0
92462305,20.0,0.0
92462306,19.0,2.0
92462307,20.0,0.0
92462308,21.0,0.0
92462309,20.0,0.0
92462310,2.0,18.0
92462311,19.0,1.0
92462312,3.0,17.0
92462313,20.0,0.0
92462314,20.0,0.0
92462315,20.0,0.0
92462316,20.0,0.0
92462317,20.0,0.0
92462318,18.0,2.0
92462319,20.0,0.0
92462320,7.0,13.0
92462321,21.0,0.0
92462322,19.0,2.0
92462323,21.0,0.0
92462324,1.0,20.0
92462325,12.0,9.0
92462326,18.0,2.0
92462327,19.0,1.0
92462328,6.0,14.0
92462329,19.0,1.0
92462330,1.0,19.0
92462331,3.0,17.0
92462332,20.0,0.0
92462333,20.0,0.0
92462334,20.0,0.0
92462335,21.0,1.0
92462336,6.0,14.0
92462337,20.0,0.0
92462338,20.0,0.0
92462339,20.0,0.0
92462340,20.0,0.0
92462341,20.0,0.0
92462342,10.0,11.0
92462343,20.0,1.0
92462344,1.0,19.0
92462345,22.0,0.0
92462346,0.0,20.0
92462347,19.0,1.0
92462348,20.0,0.0
92462349,20.0,0.0
92462350,19.0,2.0
92462351,5.0,16.0
92462352,5.0,15.0
92462353,19.0,2.0
92462354,19.0,1.0
92462355,20.0,0.0
92462356,16.0,4.0
92462357,19.0,1.0
92462358,4.0,16.0
92462359,15.0,5.0
92462360,18.0,2.0
92462361,20.0,0.0
92462362,20.0,1.0
92462363,0.0,20.0
92462365,20.0,0.0
92462366,1.0,19.0
92462367,20.0,1.0
92462368,19.0,1.0
92462369,6.0,14.0
92462370,20.0,1.0
92462371,0.0,20.0
92462372,19.0,1.0
92462373,21.0,0.0
92462374,20.0,1.0
92462375,1.0,19.0
92462376,20.0,0.0
92462377,3.0,17.0
92462378,1.0,19.0
92462379,19.0,1.0
92462380,19.0,2.0
92462381,3.0,17.0
92462382,20.0,0.0
92462383,18.0,2.0
92462384,20.0,0.0
92462385,20.0,0.0
92462386,20.0,0.0
92462387,5.0,15.0
92462388,20.0,0.0
92462389,19.0,1.0
92462390,3.0,17.0
92462391,20.0,1.0
92462392,18.0,2.0
92462393,6.0,15.0
92462394,20.0,0.0
92462395,6.0,14.0
92462396,20.0,0.0
92462397,19.0,1.0
92462398,17.0,4.0
92462399,16.0,5.0
92462400,20.0,1.0
92462401,20.0,1.0
92462402,20.0,0.0
92462403,19.0,1.0
92462404,21.0,0.0
92462405,20.0,0.0
92462406,20.0,0.0
92462407,21.0,0.0
92462408,15.0,5.0
92462409,0.0,20.0
92462410,1.0,20.0
92462411,1.0,19.0
92462412,19.0,1.0
92462413,19.0,1.0
92462414,20.0,0.0
92462416,20.0,0.0
92462418,19.0,1.0
92462419,19.0,1.0
92462420,1.0,19.0
92462421,1.0,19.0
92462422,20.0,0.0
92462423,20.0,0.0
92462424,14.0,7.0
92462425,20.0,0.0
92462427,21.0,0.0
92462428,9.0,11.0
92462429,20.0,0.0
92462430,20.0,0.0
92462431,13.0,7.0
92462432,20.0,0.0
92462433,20.0,0.0
92462434,19.0,1.0
92462435,0.0,22.0
92462436,20.0,0.0
92462437,8.0,13.0
92462438,16.0,4.0
92462439,21.0,0.0
92462440,20.0,0.0
92462441,20.0,0.0
92462442,13.0,7.0
92462443,17.0,4.0
92462444,20.0,0.0
92462445,19.0,1.0
92462446,21.0,0.0
92462447,19.0,1.0
92462448,6.0,15.0
92462449,18.0,2.0
92462450,20.0,0.0
92462451,10.0,10.0
92462452,19.0,1.0
92462453,4.0,16.0
92462454,20.0,0.0
92462455,20.0,1.0
92462456,19.0,1.0
92462457,20.0,0.0
92462458,3.0,18.0
92462459,19.0,1.0
92462460,21.0,0.0
92462461,18.0,3.0
92462462,19.0,1.0
92462463,18.0,3.0
92462464,20.0,0.0
92462465,20.0,0.0
92462466,20.0,0.0
92462467,20.0,0.0
92462468,20.0,0.0
92462469,20.0,0.0
92462470,19.0,1.0
92462471,20.0,1.0
92462472,21.0,0.0
92462473,1.0,19.0
92462474,20.0,0.0
92462475,20.0,0.0
92462476,20.0,0.0
92462477,19.0,1.0
92462478,19.0,1.0
92462479,6.0,14.0
92462480,2.0,19.0
92462481,19.0,1.0
92462482,5.0,15.0
92462483,20.0,0.0
92462484,20.0,0.0
92462485,20.0,0.0
92462486,11.0,9.0
92462487,0.0,20.0
92462488,20.0,1.0
92462489,1.0,19.0
92462490,19.0,1.0
92462491,20.0,1.0
92462492,17.0,3.0
92462493,20.0,0.0
92462494,19.0,1.0
92462495,10.0,11.0
92462496,4.0,16.0
92462497,20.0,0.0
92462498,0.0,20.0
92462499,20.0,1.0
92462500,20.0,0.0
92462501,18.0,2.0
92462502,17.0,3.0
92462503,20.0,0.0
92462504,20.0,0.0
92462505,20.0,1.0
92462506,20.0,0.0
92462507,11.0,10.0
92462508,19.0,3.0
92462509,3.0,17.0
92462510,20.0,0.0
92462511,19.0,1.0
92462512,19.0,1.0
92462513,21.0,0.0
92462514,19.0,1.0
92462515,22.0,0.0
92462516,20.0,0.0
92462517,18.0,2.0
92462518,20.0,0.0
92462519,20.0,0.0
92462520,21.0,0.0
92462521,21.0,0.0
92462522,20.0,0.0
92462523,18.0,2.0
92462524,20.0,0.0
92462525,17.0,3.0
92462526,18.0,3.0
92462527,19.0,1.0
92462528,19.0,1.0
92462529,18.0,2.0
92462530,19.0,1.0
92462531,19.0,1.0
92462532,0.0,20.0
92462533,19.0,1.0
92462534,19.0,1.0
92462535,20.0,0.0
92462536,18.0,2.0
92462537,18.0,2.0
92462538,17.0,3.0
92462539,12.0,8.0
92462540,20.0,0.0
92462542,19.0,1.0
92462543,21.0,0.0
92462544,21.0,0.0
92462545,20.0,0.0
92462546,22.0,0.0
92462547,21.0,0.0
92462548,20.0,0.0
92462549,21.0,0.0
92462550,19.0,1.0
92462551,20.0,0.0
92462552,20.0,0.0
92462553,20.0,1.0
92462554,20.0,0.0
92462555,17.0,3.0
92462556,4.0,16.0
92462557,19.0,1.0
92462558,1.0,19.0
92462559,21.0,0.0
92462560,17.0,3.0
92462561,21.0,0.0
92462562,20.0,0.0
92462563,21.0,0.0
92462564,2.0,18.0
92462565,19.0,1.0
92462566,20.0,0.0
92462567,16.0,4.0
92462568,6.0,14.0
92462569,18.0,2.0
92462570,20.0,0.0
92462571,8.0,12.0
92462572,20.0,1.0
92462573,19.0,1.0
92462574,18.0,3.0
92462575,21.0,0.0
92462576,3.0,17.0
92462577,20.0,0.0
92462578,3.0,17.0
92462579,20.0,0.0
92462580,16.0,4.0
92462581,0.0,20.0
92462582,19.0,1.0
92462583,20.0,0.0
92462584,4.0,16.0
92462585,20.0,0.0
92462586,19.0,1.0
92462587,22.0,0.0
92462588,18.0,2.0
92462589,1.0,19.0
92462590,3.0,17.0
92462591,22.0,0.0
92462592,20.0,0.0
92462593,20.0,0.0
92462594,20.0,0.0
92462595,1.0,19.0
92462596,20.0,1.0
92462597,1.0,19.0
92462598,20.0,0.0
92462599,3.0,17.0
92462600,2.0,18.0
92462602,19.0,1.0
92462603,20.0,0.0
92462604,20.0,0.0
92462605,21.0,0.0
92462606,20.0,0.0
92462607,19.0,1.0
92462608,20.0,1.0
92462609,20.0,0.0
92462610,0.0,21.0
92462611,0.0,20.0
92462612,20.0,1.0
92462613,20.0,1.0
92462614,19.0,1.0
92462615,18.0,2.0
92462616,20.0,0.0
92462617,6.0,14.0
92462618,19.0,1.0
92462619,1.0,19.0
92462620,4.0,16.0
92462621,5.0,16.0
92462622,19.0,1.0
92462623,19.0,2.0
92462624,21.0,0.0
92462625,21.0,0.0
92462626,19.0,1.0
92462627,20.0,0.0
92462628,20.0,0.0
92462629,21.0,0.0
92462630,14.0,7.0
92462631,3.0,17.0
92462632,19.0,1.0
92462633,2.0,18.0
92462634,19.0,1.0
92462635,6.0,14.0
92462636,20.0,0.0
92462637,20.0,1.0
92462638,21.0,0.0
92462639,18.0,2.0
92462640,20.0,0.0
92462641,15.0,5.0
92462642,20.0,0.0
92462643,20.0,0.0
92462644,21.0,0.0
92462645,20.0,0.0
92462646,19.0,1.0
92462647,19.0,1.0
92462648,2.0,18.0
92462649,7.0,13.0
92462650,20.0,1.0
92462651,21.0,0.0
92462652,19.0,1.0
92462653,20.0,0.0
92462654,20.0,0.0
92462655,20.0,0.0
92462656,3.0,17.0
92462658,9.0,11.0
92462659,3.0,17.0
92462660,19.0,1.0
92462661,17.0,3.0
92462662,19.0,1.0
92462663,19.0,1.0
92462664,19.0,2.0
92462665,21.0,0.0
92462667,20.0,0.0
92462668,5.0,16.0
92462669,19.0,1.0
92462670,19.0,1.0
92462671,19.0,1.0
92462672,20.0,0.0
92462673,20.0,0.0
92462674,20.0,0.0
92462675,21.0,0.0
92462676,20.0,0.0
92462677,20.0,0.0
92462678,22.0,0.0
92462679,19.0,1.0
92462680,6.0,15.0
92462681,18.0,2.0
92462682,1.0,19.0
92462683,20.0,0.0
92462684,3.0,18.0
92462685,20.0,0.0
92462686,20.0,0.0
92462687,18.0,2.0
92462688,18.0,2.0
92462689,20.0,0.0
92462690,19.0,1.0
92462691,20.0,0.0
92462692,19.0,1.0
92462693,19.0,1.0
92462694,20.0,0.0
92462695,0.0,20.0
92462696,19.0,1.0
92462697,1.0,19.0
92462698,21.0,0.0
92462699,19.0,1.0
92462700,2.0,18.0
92462701,19.0,2.0
92462702,22.0,0.0
92462703,18.0,2.0
92462704,20.0,0.0
92462705,19.0,1.0
92462706,1.0,19.0
92462707,17.0,3.0
92462708,9.0,11.0
92462709,21.0,0.0
92462710,19.0,1.0
92462711,19.0,1.0
92462712,20.0,1.0
92462713,17.0,3.0
92462714,19.0,1.0
92462715,1.0,19.0
92462716,17.0,5.0
92462717,19.0,1.0
92462718,19.0,1.0
92462719,20.0,0.0
92462720,19.0,1.0
92462721,21.0,0.0
92462722,1.0,19.0
92462723,21.0,0.0
92462724,21.0,0.0
92462725,18.0,2.0
92462726,5.0,15.0
92462727,16.0,4.0
92462728,19.0,1.0
92462730,20.0,1.0
92462731,20.0,0.0
92462732,19.0,1.0
92462733,20.0,0.0
92462734,8.0,12.0
92462735,19.0,1.0
92462736,19.0,1.0
92462737,19.0,1.0
92462738,13.0,7.0
92462739,1.0,19.0
92462740,7.0,13.0
92462741,18.0,2.0
92462742,20.0,0.0
92462743,1.0,19.0
92462744,1.0,19.0
92462745,2.0,19.0
92462746,20.0,0.0
92462747,21.0,0.0
92462748,20.0,0.0
92462749,2.0,18.0
92462750,20.0,0.0
92462751,20.0,0.0
92462752,20.0,0.0
92462753,17.0,3.0
92462754,0.0,20.0
92462755,19.0,1.0
92462756,1.0,20.0
92462757,19.0,1.0
92462758,2.0,18.0
92462759,19.0,1.0
92462760,20.0,0.0
92462761,20.0,1.0
92462762,20.0,0.0
92462763,9.0,12.0
92462764,20.0,1.0
92462765,19.0,1.0
92462766,20.0,0.0
92462767,20.0,0.0
92462768,20.0,0.0
92462769,20.0,0.0
92462770,3.0,17.0
92462771,21.0,0.0
92462772,20.0,1.0
92462773,22.0,0.0
92462774,21.0,0.0
92462775,20.0,0.0
92462776,20.0,0.0
92462778,20.0,0.0
92462779,1.0,19.0
92462780,19.0,1.0
92462781,2.0,18.0
92462782,17.0,3.0
92462783,20.0,0.0
92462784,20.0,1.0
92462785,9.0,11.0
92462786,2.0,18.0
92462787,5.0,15.0
92462788,20.0,0.0
92462789,19.0,1.0
92462790,1.0,19.0
92462791,19.0,2.0
92462792,21.0,0.0
92462793,20.0,1.0
92462794,1.0,19.0
92462795,20.0,0.0
92462796,20.0,0.0
92462797,19.0,1.0
92462798,2.0,18.0
92462799,20.0,0.0
92462800,18.0,2.0
92462801,21.0,0.0
92462802,1.0,19.0
92462803,19.0,2.0
92462804,3.0,19.0
92462805,18.0,2.0
92462806,20.0,0.0
92462807,20.0,0.0
92462808,20.0,0.0
92462809,20.0,0.0
92462810,5.0,15.0
92462811,19.0,1.0
92462812,20.0,0.0
92462813,21.0,1.0
92462814,20.0,0.0
92462815,2.0,18.0
92462816,19.0,2.0
92462817,21.0,0.0
92462818,8.0,12.0
92462819,9.0,12.0
92462820,4.0,17.0
92462821,1.0,19.0
92462822,20.0,0.0
92462823,19.0,1.0
92462824,19.0,1.0
92462825,3.0,17.0
92462826,19.0,1.0
92462827,20.0,0.0
92462828,10.0,10.0
92462829,20.0,0.0
92462830,11.0,10.0
92462831,20.0,1.0
92462832,20.0,0.0
92462833,20.0,1.0
92462834,21.0,0.0
92462835,19.0,2.0
92462836,6.0,14.0
92462837,19.0,1.0
92462838,20.0,1.0
92462839,18.0,2.0
92462840,21.0,0.0
92462841,21.0,0.0
92462842,20.0,0.0
92462843,5.0,15.0
92462844,1.0,19.0
92462845,20.0,0.0
92462846,7.0,13.0
92462847,20.0,0.0
92462848,14.0,6.0
92462849,5.0,16.0
92462850,1.0,19.0
92462851,19.0,1.0
92462852,0.0,20.0
92462853,17.0,3.0
92462854,0.0,20.0
92462855,19.0,1.0
92462856,20.0,0.0
92462857,1.0,19.0
92462858,19.0,1.0
92462859,21.0,0.0
92462860,19.0,1.0
92462862,20.0,0.0
92462863,20.0,0.0
92462864,18.0,3.0
92462865,20.0,1.0
92462866,20.0,0.0
92462867,20.0,0.0
92462868,0.0,20.0
92462869,18.0,3.0
92462870,20.0,0.0
92462871,20.0,0.0
92462872,21.0,0.0
92462873,19.0,1.0
92462874,20.0,0.0
92462875,20.0,0.0
92462876,1.0,19.0
92462877,21.0,0.0
92462878,20.0,0.0
92462879,20.0,0.0
92462880,15.0,5.0
92462881,20.0,0.0
92462882,20.0,0.0
92462883,1.0,20.0
92462884,20.0,0.0
92462885,20.0,0.0
92462886,17.0,3.0
92462887,20.0,1.0
92462888,8.0,12.0
92462889,1.0,20.0
92462890,20.0,0.0
92462891,19.0,1.0
92462892,19.0,1.0
92462893,20.0,0.0
92462894,20.0,0.0
92462895,19.0,1.0
92462897,20.0,0.0
92462898,5.0,15.0
92462899,21.0,0.0
92462900,20.0,0.0
92462901,19.0,1.0
92462902,18.0,2.0
92462903,19.0,1.0
92462904,20.0,0.0
92462905,19.0,2.0
92462906,20.0,0.0
92462907,20.0,0.0
92462908,20.0,0.0
92462909,20.0,1.0
92462910,17.0,3.0
92462911,20.0,0.0
92462912,20.0,0.0
92462913,20.0,0.0
92462914,20.0,0.0
92462915,20.0,0.0
92462917,19.0,1.0
92462918,19.0,1.0
92462919,17.0,4.0
92462920,20.0,1.0
92462921,20.0,0.0
92462922,19.0,1.0
92462923,19.0,1.0
92462924,20.0,0.0
92462925,2.0,18.0
92462926,19.0,1.0
92462927,1.0,19.0
92462928,19.0,1.0
92462929,16.0,4.0
92462930,20.0,2.0
92462931,20.0,1.0
92462932,19.0,1.0
92462933,20.0,0.0
92462934,18.0,2.0
92462935,19.0,1.0
92462936,20.0,1.0
92462937,20.0,0.0
92462938,19.0,1.0
92462939,18.0,2.0
92462940,20.0,0.0
92462941,20.0,0.0
92462942,15.0,5.0
92462943,0.0,21.0
92462944,20.0,0.0
92462945,21.0,0.0
92462946,19.0,1.0
92462947,6.0,15.0
92462948,14.0,6.0
92462949,21.0,1.0
92462950,20.0,1.0
92462951,6.0,14.0
92462952,18.0,2.0
92462953,20.0,0.0
92462954,2.0,18.0
92462955,19.0,1.0
92462956,3.0,17.0
92462957,20.0,0.0
92462958,20.0,1.0
92462959,21.0,0.0
92462960,18.0,2.0
92462961,18.0,2.0
92462962,20.0,0.0
92462963,21.0,0.0
92462964,21.0,0.0
92462965,20.0,1.0
92462966,12.0,8.0
92462967,18.0,2.0
92462968,19.0,1.0
92462969,19.0,1.0
92462970,21.0,0.0
92462971,20.0,0.0
92462972,9.0,11.0
92462973,12.0,9.0
92462974,9.0,11.0
92462975,20.0,0.0
92462976,17.0,3.0
92462977,20.0,0.0
92462978,20.0,0.0
92462979,19.0,1.0
92462980,19.0,1.0
92462981,20.0,1.0
92462982,20.0,0.0
92462983,20.0,1.0
92462984,19.0,1.0
92462985,19.0,1.0
92462986,20.0,0.0
92462987,20.0,1.0
92462988,17.0,3.0
92462989,16.0,4.0
92462990,20.0,0.0
92462991,19.0,1.0
92462992,16.0,4.0
92462993,7.0,13.0
92462994,20.0,0.0
92462995,20.0,0.0
92462996,20.0,0.0
92462997,19.0,1.0
92462998,19.0,1.0
92462999,1.0,19.0
92463000,20.0,1.0
92463001,4.0,17.0
92463002,5.0,16.0
92463003,20.0,1.0
92463004,6.0,14.0
92463005,19.0,1.0
92463006,20.0,0.0
92463007,2.0,18.0
92463008,21.0,0.0
92463009,22.0,0.0
92463010,20.0,0.0
92463011,19.0,1.0
92463012,18.0,2.0
92463013,2.0,18.0
92463014,21.0,0.0
92463015,19.0,2.0
92463016,8.0,12.0
92463017,20.0,0.0
92463018,16.0,4.0
92463019,3.0,17.0
92463020,21.0,0.0
92463021,20.0,0.0
92463022,7.0,13.0
92463023,20.0,0.0
92463024,20.0,1.0
92463025,19.0,2.0
92463026,17.0,3.0
92463028,1.0,20.0
92463029,7.0,13.0
92463030,20.0,2.0
92463031,21.0,0.0
92463032,2.0,18.0
92463033,19.0,1.0
92463034,20.0,0.0
92463035,19.0,1.0
92463036,4.0,16.0
92463037,2.0,19.0
92463038,22.0,0.0
92463039,19.0,1.0
92463040,17.0,3.0
92463041,18.0,2.0
92463042,21.0,0.0
92463043,19.0,2.0
92463044,20.0,0.0
92463045,20.0,0.0
92463047,21.0,0.0
92463048,20.0,0.0
92463049,18.0,2.0
92463050,20.0,0.0
92463051,20.0,0.0
92463052,1.0,19.0
92463053,19.0,1.0
92463054,20.0,0.0
92463055,18.0,2.0
92463056,1.0,19.0
92463057,19.0,1.0
92463058,20.0,0.0
92463059,20.0,0.0
92463060,19.0,1.0
92463061,1.0,19.0
92463062,20.0,1.0
92463063,19.0,1.0
92463064,20.0,2.0
92463065,18.0,2.0
92463066,20.0,0.0
92463067,20.0,0.0
92463068,1.0,19.0
92463069,0.0,20.0
92463070,21.0,0.0
92463071,21.0,0.0
92463072,19.0,1.0
92463073,19.0,1.0
92463074,20.0,0.0
92463075,0.0,20.0
92463076,18.0,3.0
92463077,18.0,2.0
92463078,20.0,0.0
92463079,19.0,1.0
92463080,2.0,18.0
92463081,19.0,1.0
92463082,19.0,1.0
92463083,20.0,0.0
92463084,4.0,16.0
92463085,21.0,0.0
92463086,20.0,0.0
92463087,19.0,1.0
92463088,19.0,1.0
92463089,21.0,0.0
92463090,19.0,1.0
92463091,20.0,0.0
92463092,20.0,0.0
92463093,0.0,21.0
92463094,20.0,0.0
92463095,20.0,0.0
92463096,18.0,2.0
92463097,20.0,0.0
92463098,19.0,1.0
92463099,5.0,16.0
92463100,20.0,0.0
92463101,21.0,0.0
92463102,18.0,2.0
92463103,1.0,19.0
92463104,3.0,17.0
92463105,21.0,0.0
92463106,19.0,1.0
92463107,20.0,0.0
92463108,0.0,20.0
92463109,20.0,0.0
92463110,19.0,1.0
92463111,20.0,0.0
92463112,19.0,1.0
92463113,6.0,14.0
92463114,19.0,1.0
92463115,18.0,2.0
92463117,3.0,17.0
92463118,17.0,3.0
92463119,1.0,19.0
92463120,1.0,19.0
92463121,1.0,19.0
92463122,21.0,0.0
92463123,21.0,0.0
92463124,20.0,0.0
92463125,20.0,0.0
92463126,21.0,0.0
92463127,21.0,0.0
92463128,19.0,1.0
92463129,21.0,0.0
92463130,18.0,2.0
92463131,19.0,1.0
92463132,19.0,1.0
92463133,13.0,8.0
92463134,6.0,14.0
92463135,21.0,0.0
92463136,20.0,0.0
92463137,19.0,1.0
92463138,20.0,0.0
92463139,4.0,16.0
92463140,2.0,18.0
92463141,20.0,0.0
92463142,1.0,19.0
92463143,19.0,1.0
92463144,19.0,1.0
92463145,20.0,0.0
92463146,17.0,3.0
92463147,20.0,1.0
92463148,20.0,0.0
92463149,20.0,0.0
92463150,20.0,0.0
92463151,19.0,1.0
92463152,20.0,0.0
92463153,20.0,0.0
92463154,20.0,0.0
92463155,20.0,0.0
92463156,20.0,0.0
92463157,21.0,0.0
92463158,18.0,2.0
92463160,20.0,1.0
92463161,10.0,10.0
92463162,17.0,4.0
92463163,20.0,0.0
92463164,20.0,0.0
92463165,16.0,4.0
92463166,21.0,0.0
92463167,20.0,0.0
92463168,19.0,1.0
92463169,20.0,0.0
92463171,0.0,21.0
92463172,20.0,0.0
92463173,20.0,0.0
92463174,13.0,7.0
92463175,19.0,1.0
92463176,10.0,10.0
92463177,20.0,0.0
92463178,1.0,19.0
92463179,3.0,17.0
92463180,19.0,1.0
92463181,20.0,0.0
92463182,16.0,4.0
92463183,20.0,1.0
92463185,19.0,1.0
92463186,18.0,2.0
92463187,20.0,2.0
92463188,19.0,1.0
92463189,20.0,0.0
92463190,19.0,1.0
92463191,20.0,0.0
92463192,20.0,0.0
92463193,21.0,0.0
92463194,20.0,0.0
92463195,19.0,1.0
92463196,1.0,19.0
92463197,3.0,17.0
92463198,18.0,3.0
92463199,19.0,1.0
92463200,19.0,1.0
92463201,4.0,16.0
92463202,19.0,1.0
92463203,18.0,2.0
92463204,9.0,12.0
92463205,0.0,20.0
92463206,2.0,18.0
92463207,1.0,19.0
92463208,16.0,4.0
92463209,20.0,0.0
92463210,1.0,19.0
92463211,3.0,17.0
92463212,4.0,16.0
92463213,19.0,1.0
92463214,4.0,28.0
92463215,20.0,0.0
92463216,1.0,19.0
92463217,17.0,3.0
92463218,19.0,1.0
92463219,18.0,2.0
92463220,18.0,2.0
92463221,18.0,2.0
92463222,18.0,2.0
92463223,19.0,1.0
92463224,19.0,1.0
92463225,21.0,0.0
92463226,20.0,0.0
92463227,19.0,1.0
92463228,20.0,0.0
92463229,20.0,0.0
92463230,13.0,8.0
92463231,0.0,20.0
92463232,5.0,15.0
92463233,20.0,0.0
92463234,18.0,2.0
92463235,17.0,3.0
92463236,21.0,0.0
92463237,6.0,15.0
92463238,19.0,2.0
92463239,18.0,2.0
92463240,17.0,3.0
92463241,13.0,7.0
92463242,21.0,0.0
92463243,20.0,2.0
92463244,20.0,0.0
92463245,21.0,0.0
92463246,20.0,1.0
92463247,8.0,13.0
92463248,8.0,12.0
92463249,17.0,4.0
92463250,17.0,3.0
92463251,10.0,10.0
92463252,19.0,2.0
92463253,19.0,1.0
92463254,19.0,1.0
92463255,19.0,1.0
92463256,19.0,1.0
92463257,18.0,2.0
92463258,2.0,18.0
92463259,2.0,18.0
92463260,11.0,10.0
92463261,18.0,2.0
92463262,10.0,11.0
92463263,2.0,18.0
92463264,17.0,4.0
92463265,21.0,0.0
92463266,18.0,2.0
92463267,6.0,14.0
92463268,0.0,20.0
92463270,18.0,2.0
92463271,18.0,3.0
92463272,1.0,19.0
92463273,6.0,14.0
92463274,19.0,1.0
92463275,10.0,11.0
92463276,19.0,2.0
92463277,2.0,18.0
92463278,20.0,0.0
92463279,5.0,15.0
92463280,1.0,19.0
92463281,20.0,0.0
92463282,1.0,19.0
92463283,7.0,14.0
92463284,20.0,0.0
92463285,19.0,1.0
92463286,10.0,10.0
92463287,20.0,0.0
92463288,6.0,14.0
92463289,20.0,0.0
92463290,17.0,3.0
92463291,19.0,2.0
92463292,20.0,0.0
92463293,2.0,18.0
92463294,20.0,1.0
92463295,19.0,1.0
92463296,19.0,1.0
92463297,18.0,2.0
92463298,17.0,3.0
92463299,4.0,17.0
92463300,0.0,21.0
92463301,10.0,11.0
92463302,8.0,12.0
92463303,21.0,0.0
92463304,4.0,16.0
92463305,10.0,11.0
92463307,19.0,1.0
92463308,18.0,2.0
92463309,5.0,15.0
92463310,19.0,1.0
92463311,18.0,2.0
92463312,20.0,0.0
92463313,19.0,1.0
92463314,19.0,1.0
92463315,16.0,4.0
92463316,21.0,0.0
92463317,20.0,0.0
92463318,0.0,20.0
92463319,5.0,15.0
92463320,20.0,0.0
92463321,19.0,1.0
92463322,3.0,19.0
92463323,20.0,0.0
92463324,20.0,0.0
92463325,5.0,15.0
92463326,6.0,14.0
92463327,3.0,17.0
92463328,8.0,12.0
92463329,18.0,3.0
92463331,1.0,19.0
92463332,0.0,20.0
92463333,5.0,15.0
92463334,5.0,15.0
92463335,2.0,18.0
92463336,8.0,12.0
92463337,2.0,18.0
92463338,7.0,13.0
92463339,18.0,2.0
92463340,19.0,2.0
92463341,4.0,17.0
92463342,18.0,2.0
92463343,2.0,18.0
92463344,7.0,13.0
92463345,21.0,0.0
92463346,2.0,18.0
92463347,19.0,1.0
92463348,5.0,15.0
92463349,11.0,10.0
92463350,20.0,0.0
92463351,1.0,19.0
92463352,20.0,0.0
92463353,19.0,1.0
92463354,20.0,1.0
92463355,20.0,0.0
92463356,21.0,0.0
92463357,21.0,0.0
92463358,20.0,0.0
92463359,21.0,0.0
92463360,18.0,2.0
92463361,18.0,2.0
92463362,20.0,0.0
92463363,6.0,14.0
92463364,20.0,1.0
92463365,20.0,0.0
92463366,4.0,16.0
92463367,4.0,16.0
92463368,19.0,1.0
92463369,16.0,4.0
92463370,3.0,17.0
92463372,20.0,0.0
92463373,23.0,0.0
92463374,19.0,1.0
92463375,16.0,4.0
92463376,20.0,0.0
92463377,20.0,0.0
92463378,6.0,14.0
92463379,8.0,12.0
92463380,19.0,1.0
92463381,19.0,1.0
92463382,20.0,1.0
92463383,37.0,1.0
92463384,3.0,17.0
92463385,11.0,9.0
92463386,19.0,1.0
92463387,1.0,19.0
92463388,15.0,5.0
92463389,0.0,20.0
92463390,20.0,0.0
92463391,16.0,4.0
92463392,2.0,18.0
92463393,1.0,19.0
92463394,5.0,16.0
92463395,5.0,15.0
92463396,15.0,5.0
92463397,3.0,17.0
92463398,20.0,0.0
92463399,4.0,16.0
92463400,2.0,18.0
92463401,5.0,15.0
92463402,19.0,1.0
92463403,11.0,9.0
92463404,6.0,14.0
92463405,21.0,0.0
92463406,20.0,0.0
92463407,3.0,17.0
92463408,18.0,2.0
92463409,5.0,15.0
92463410,20.0,0.0
92463411,19.0,1.0
92463412,11.0,10.0
92463413,18.0,2.0
92463414,20.0,0.0
92463415,2.0,18.0
92463416,21.0,0.0
92463417,21.0,0.0
92463418,21.0,1.0
92463419,22.0,0.0
92463420,3.0,17.0
92463421,20.0,0.0
92463422,4.0,16.0
92463423,20.0,0.0
92463424,20.0,0.0
92463425,19.0,1.0
92463426,18.0,2.0
92463427,5.0,16.0
92463428,20.0,0.0
92463429,20.0,0.0
92463430,17.0,3.0
92463431,19.0,1.0
92463432,12.0,8.0
92463433,9.0,11.0
92463434,19.0,1.0
92463435,10.0,10.0
92463436,19.0,1.0
92463437,1.0,19.0
92463438,21.0,0.0
92463439,18.0,2.0
92463440,20.0,0.0
92463441,2.0,19.0
92463442,7.0,13.0
92463443,20.0,1.0
92463444,18.0,2.0
92463445,5.0,16.0
92463446,3.0,18.0
92463448,19.0,1.0
92463449,8.0,13.0
92463450,19.0,1.0
92463451,20.0,0.0
92463452,20.0,0.0
92463453,21.0,0.0
92463454,10.0,10.0
92463455,16.0,4.0
92463456,9.0,11.0
92463457,19.0,1.0
92463458,6.0,14.0
92463459,2.0,18.0
92463460,19.0,1.0
92463461,20.0,0.0
92463462,19.0,1.0
92463463,3.0,17.0
92463464,18.0,2.0
92463465,19.0,2.0
92463466,20.0,0.0
92463467,9.0,11.0
92463468,20.0,0.0
92463469,16.0,4.0
92463470,20.0,0.0
92463471,5.0,15.0
92463472,20.0,0.0
92463473,22.0,0.0
92463474,21.0,0.0
92463475,21.0,0.0
92463476,15.0,5.0
92463477,19.0,1.0
92463478,20.0,0.0
92463479,19.0,1.0
92463480,7.0,13.0
92463481,3.0,17.0
92463482,18.0,4.0
92463483,19.0,2.0
92463484,11.0,9.0
92463485,9.0,12.0
92463486,22.0,0.0
92463487,18.0,2.0
92463488,19.0,1.0
92463489,20.0,0.0
92463490,9.0,11.0
92463491,20.0,0.0
92463492,20.0,0.0
92463493,5.0,16.0
92463494,19.0,1.0
92463495,6.0,14.0
92463496,9.0,11.0
92463497,14.0,7.0
92463498,2.0,18.0
92463499,20.0,0.0
92463500,14.0,6.0
92463501,8.0,12.0
92463502,21.0,0.0
92463503,19.0,1.0
92463504,20.0,0.0
92463505,13.0,7.0
92463506,19.0,1.0
92463507,14.0,7.0
92463508,11.0,9.0
92463509,6.0,15.0
92463510,20.0,0.0
92463511,2.0,18.0
92463512,20.0,0.0
92463513,19.0,1.0
92463514,15.0,5.0
92463515,5.0,15.0
92463516,9.0,11.0
92463517,6.0,15.0
92463518,20.0,0.0
92463520,18.0,2.0
92463521,13.0,7.0
92463522,4.0,17.0
92463523,2.0,18.0
92463524,19.0,1.0
92463525,17.0,3.0
92463526,11.0,10.0
92463527,20.0,1.0
92463528,20.0,0.0
92463529,1.0,19.0
92463530,2.0,18.0
92463531,20.0,0.0
92463532,18.0,2.0
92463533,10.0,10.0
92463534,20.0,0.0
92463535,20.0,0.0
92463536,20.0,0.0
92463537,19.0,1.0
92463538,20.0,0.0
92463539,20.0,0.0
92463540,3.0,17.0
92463541,19.0,1.0
92463542,20.0,0.0
92463543,20.0,0.0
92463544,18.0,2.0
92463545,4.0,16.0
92463546,4.0,16.0
92463547,19.0,1.0
92463548,19.0,1.0
92463549,13.0,7.0
92463550,14.0,6.0
92463551,19.0,1.0
92463552,14.0,6.0
92463553,20.0,0.0
92463554,20.0,1.0
92463555,12.0,9.0
92463556,19.0,2.0
92463557,21.0,0.0
92463558,4.0,16.0
92463559,10.0,10.0
92463560,19.0,1.0
92463561,21.0,0.0
92463562,3.0,17.0
92463563,18.0,2.0
92463564,9.0,11.0
92463565,15.0,6.0
92463566,21.0,0.0
92463567,18.0,2.0
92463568,19.0,1.0
92463569,19.0,1.0
92463570,18.0,2.0
92463571,19.0,1.0
92463572,5.0,15.0
92463573,19.0,1.0
92463574,21.0,0.0
92463575,20.0,1.0
92463576,4.0,17.0
92463577,14.0,8.0
92463578,9.0,11.0
92463579,1.0,19.0
92463580,20.0,0.0
92463581,20.0,0.0
92463582,3.0,17.0
92463583,6.0,15.0
92463584,6.0,14.0
92463585,19.0,2.0
92463586,12.0,8.0
92463588,20.0,1.0
92463589,14.0,7.0
92463590,20.0,0.0
92463591,9.0,11.0
92463592,20.0,0.0
92463593,20.0,1.0
92463594,21.0,0.0
92463595,20.0,0.0
92463596,19.0,1.0
92463597,1.0,19.0
92463598,19.0,1.0
92463599,19.0,1.0
92463600,21.0,0.0
92463601,20.0,0.0
92463602,2.0,19.0
92463603,2.0,19.0
92463604,12.0,10.0
92463605,21.0,0.0
92463606,7.0,13.0
92463607,10.0,10.0
92463608,14.0,6.0
92463609,20.0,0.0
92463610,19.0,1.0
92463611,2.0,18.0
92463612,3.0,17.0
92463613,20.0,0.0
92463614,7.0,13.0
92463615,3.0,17.0
92463616,17.0,3.0
92463617,20.0,0.0
92463618,19.0,1.0
92463619,2.0,18.0
92463620,19.0,1.0
92463621,20.0,0.0
92463622,21.0,0.0
92463623,19.0,2.0
92463624,18.0,2.0
92463625,20.0,0.0
92463626,19.0,2.0
92463627,15.0,6.0
92463628,21.0,0.0
92463629,20.0,1.0
92463630,19.0,2.0
92463631,20.0,2.0
92463632,19.0,1.0
92463633,20.0,0.0
92463634,8.0,12.0
92463635,17.0,3.0
92463636,20.0,0.0
92463638,8.0,13.0
92463639,20.0,0.0
92463640,20.0,0.0
92463641,20.0,0.0
92463642,20.0,1.0
92463643,1.0,19.0
92463644,19.0,1.0
92463645,19.0,1.0
92463646,20.0,0.0
92463647,16.0,4.0
92463648,19.0,1.0
92463649,1.0,19.0
92463650,8.0,12.0
92463651,20.0,0.0
92463652,20.0,0.0
92463653,21.0,1.0
92463654,9.0,11.0
92463655,6.0,14.0
92463656,20.0,0.0
92463657,18.0,2.0
92463658,20.0,0.0
92463659,3.0,17.0
92463660,3.0,18.0
92463661,1.0,19.0
92463662,3.0,17.0
92463663,4.0,16.0
92463664,10.0,10.0
92463665,20.0,0.0
92463666,20.0,0.0
92463668,19.0,1.0
92463669,19.0,1.0
92463670,18.0,2.0
92463671,20.0,0.0
92463672,1.0,19.0
92463673,18.0,2.0
92463674,11.0,9.0
92463675,1.0,20.0
92463676,20.0,0.0
92463677,20.0,0.0
92463678,19.0,1.0
92463679,17.0,3.0
92463680,18.0,2.0
92463681,19.0,1.0
92463682,19.0,1.0
92463683,1.0,19.0
92463684,21.0,0.0
92463685,19.0,1.0
92463686,3.0,17.0
92463687,8.0,12.0
92463688,19.0,1.0
92463689,18.0,2.0
92463690,19.0,1.0
92463691,19.0,1.0
92463692,5.0,16.0
92463693,1.0,19.0
92463694,20.0,0.0
92463695,8.0,12.0
92463696,20.0,0.0
92463697,19.0,1.0
92463698,20.0,1.0
92463699,20.0,0.0
92463700,10.0,10.0
92463701,21.0,0.0
92463702,20.0,0.0
92463703,20.0,0.0
92463705,19.0,1.0
92463706,18.0,2.0
92463707,18.0,2.0
92463708,20.0,0.0
92463709,20.0,0.0
92463710,17.0,3.0
92463711,21.0,0.0
92463712,21.0,0.0
92463713,20.0,0.0
92463714,19.0,1.0
92463715,20.0,0.0
92463716,13.0,7.0
92463717,19.0,1.0
92463718,20.0,0.0
92463719,18.0,2.0
92463720,2.0,18.0
92463721,20.0,0.0
92463722,19.0,1.0
92463723,18.0,2.0
92463724,9.0,11.0
92463725,3.0,17.0
92463726,21.0,0.0
92463727,21.0,0.0
92463728,20.0,0.0
92463729,3.0,18.0
92463730,0.0,20.0
92463731,20.0,0.0
92463732,20.0,1.0
92463733,20.0,0.0
92463734,21.0,0.0
92463735,7.0,13.0
92463736,14.0,6.0
92463737,16.0,4.0
92463738,19.0,1.0
92463739,21.0,0.0
92463740,19.0,1.0
92463741,20.0,0.0
92463742,20.0,0.0
92463743,19.0,1.0
92463744,2.0,18.0
92463745,19.0,1.0
92463746,20.0,1.0
92463747,14.0,6.0
92463748,19.0,1.0
92463749,13.0,7.0
92463750,12.0,8.0
92463751,1.0,19.0
92463752,3.0,17.0
92463753,17.0,3.0
92463754,5.0,16.0
92463755,19.0,1.0
92463756,20.0,0.0
92463757,20.0,0.0
92463758,2.0,18.0
92463759,9.0,11.0
92463760,20.0,0.0
92463761,4.0,16.0
92463762,19.0,2.0
92463763,19.0,1.0
92463764,21.0,0.0
92463765,18.0,2.0
92463766,18.0,2.0
92463767,17.0,3.0
92463768,4.0,16.0
92463769,20.0,0.0
92463770,13.0,8.0
92463771,11.0,10.0
92463772,20.0,0.0
92463773,4.0,16.0
92463774,19.0,1.0
92463775,20.0,1.0
92463776,20.0,0.0
92463777,20.0,0.0
92463778,1.0,19.0
92463779,21.0,0.0
92463780,20.0,0.0
92463781,19.0,1.0
92463782,1.0,19.0
92463783,7.0,13.0
92463784,20.0,0.0
92463785,18.0,2.0
92463787,17.0,3.0
92463788,11.0,9.0
92463789,8.0,13.0
92463790,19.0,1.0
92463791,12.0,8.0
92463792,21.0,0.0
92463793,18.0,2.0
92463794,17.0,3.0
92463795,20.0,0.0
92463796,19.0,1.0
92463797,19.0,1.0
92463798,20.0,0.0
92463799,5.0,15.0
92463800,3.0,17.0
92463801,20.0,0.0
92463802,12.0,8.0
92463803,15.0,5.0
92463804,20.0,1.0
92463805,1.0,19.0
92463806,15.0,6.0
92463807,18.0,2.0
92463808,19.0,1.0
92463809,3.0,18.0
92463810,19.0,1.0
92463811,19.0,1.0
92463812,19.0,1.0
92463813,20.0,1.0
92463814,19.0,1.0
92463815,8.0,12.0
92463816,4.0,16.0
92463817,9.0,11.0
92463818,5.0,15.0
92463819,20.0,0.0
92463820,20.0,0.0
92463821,10.0,10.0
92463822,19.0,1.0
92463823,20.0,0.0
92463824,18.0,2.0
92463825,9.0,11.0
92463826,20.0,0.0
92463827,15.0,5.0
92463828,19.0,1.0
92463829,10.0,10.0
92463830,19.0,2.0
92463831,7.0,13.0
92463832,18.0,2.0
92463833,20.0,0.0
92463834,18.0,2.0
92463835,20.0,1.0
92463836,19.0,1.0
92463837,21.0,0.0
92463838,8.0,12.0
92463839,20.0,0.0
92463840,20.0,0.0
92463841,21.0,0.0
92463842,12.0,8.0
92463843,19.0,2.0
92463844,20.0,1.0
92463845,18.0,2.0
92463846,20.0,1.0
92463847,17.0,3.0
92463848,19.0,3.0
92463849,17.0,3.0
92463851,19.0,2.0
92463852,18.0,2.0
92463853,20.0,0.0
92463854,21.0,0.0
92463855,20.0,0.0
92463856,19.0,1.0
92463857,19.0,1.0
92463858,20.0,0.0
92463859,20.0,0.0
92463860,19.0,1.0
92463861,20.0,0.0
92463862,12.0,8.0
92463863,20.0,0.0
92463864,21.0,0.0
92463865,20.0,1.0
92463866,10.0,10.0
92463867,15.0,5.0
92463868,17.0,3.0
92463869,7.0,13.0
92463870,20.0,0.0
92463871,19.0,1.0
92463872,21.0,0.0
92463873,19.0,1.0
92463874,10.0,10.0
92463875,12.0,8.0
92463876,17.0,3.0
92463877,19.0,2.0
92463878,19.0,1.0
92463879,7.0,13.0
92463880,18.0,2.0
92463881,20.0,1.0
92463882,19.0,1.0
92463883,20.0,1.0
92463884,21.0,0.0
92463885,10.0,10.0
92463886,3.0,17.0
92463887,14.0,6.0
92463888,19.0,1.0
92463889,6.0,14.0
92463890,19.0,1.0
92463891,11.0,10.0
92463892,20.0,0.0
92463893,20.0,0.0
92463894,19.0,1.0
92463895,20.0,0.0
92463896,15.0,5.0
92463897,33.0,0.0
92463898,19.0,1.0
92463899,3.0,17.0
92463900,2.0,18.0
92463901,21.0,1.0
92463902,4.0,16.0
92463903,20.0,0.0
92463904,20.0,0.0
92463905,4.0,16.0
92463906,20.0,0.0
92463907,2.0,18.0
92463908,4.0,16.0
92463909,20.0,0.0
92463910,18.0,2.0
92463911,19.0,1.0
92463912,1.0,19.0
92463913,20.0,1.0
92463914,20.0,0.0
92463915,19.0,2.0
92463916,5.0,15.0
92463917,19.0,2.0
92463918,3.0,24.0
92463919,19.0,1.0
92463920,20.0,1.0
92463921,1.0,19.0
92463922,20.0,0.0
92463923,19.0,1.0
92463924,8.0,13.0
92463925,21.0,0.0
92463926,16.0,5.0
92463927,20.0,1.0
92463928,21.0,0.0
92463929,14.0,6.0
92463930,18.0,2.0
92463931,20.0,0.0
92463932,20.0,0.0
92463933,19.0,1.0
92463934,20.0,0.0
92463935,3.0,17.0
92463936,20.0,0.0
92463937,19.0,1.0
92463938,3.0,17.0
92463940,20.0,0.0
92463941,19.0,2.0
92463942,13.0,8.0
92463943,20.0,0.0
92463944,4.0,16.0
92463945,18.0,2.0
92463946,19.0,2.0
92463947,20.0,0.0
92463948,3.0,18.0
92463949,16.0,5.0
92463950,3.0,17.0
92463951,8.0,13.0
92463952,20.0,1.0
92463953,16.0,4.0
92463954,17.0,3.0
92463955,7.0,13.0
92463956,2.0,18.0
92463957,14.0,6.0
92463958,8.0,12.0
92463959,19.0,1.0
92463960,0.0,21.0
92463961,3.0,18.0
92463962,11.0,10.0
92463963,6.0,14.0
92463964,2.0,19.0
92463965,14.0,6.0
92463966,18.0,2.0
92463968,20.0,0.0
92463969,2.0,18.0
92463970,20.0,0.0
92463971,15.0,6.0
92463972,18.0,2.0
92463973,3.0,17.0
92463974,19.0,1.0
92463975,9.0,12.0
92463976,17.0,3.0
92463977,4.0,16.0
92463978,20.0,0.0
92463979,20.0,0.0
92463980,5.0,15.0
92463981,18.0,2.0
92463982,19.0,1.0
92463983,14.0,6.0
92463984,20.0,0.0
92463985,19.0,1.0
92463986,4.0,16.0
92463987,20.0,0.0
92463988,20.0,0.0
92463989,19.0,1.0
92463990,19.0,1.0
92463991,21.0,0.0
92463992,2.0,18.0
92463993,20.0,0.0
92463995,9.0,11.0
92463996,2.0,19.0
92463997,20.0,0.0
92463998,19.0,2.0
92463999,9.0,11.0
92464000,21.0,0.0
92464001,4.0,16.0
92464002,20.0,0.0
92464003,6.0,14.0
92464004,20.0,1.0
92464005,20.0,0.0
92464006,13.0,8.0
92464007,4.0,22.0
92464008,19.0,1.0
92464009,15.0,5.0
92464010,20.0,0.0
92464011,4.0,17.0
92464012,20.0,0.0
92464013,3.0,17.0
92464014,12.0,8.0
92464015,21.0,0.0
92464016,17.0,4.0
92464017,20.0,0.0
92464018,3.0,17.0
92464019,19.0,1.0
92464020,20.0,0.0
92464021,4.0,16.0
92464022,4.0,16.0
92464023,8.0,12.0
92464024,20.0,0.0
92464025,20.0,0.0
92464026,4.0,16.0
92464027,17.0,3.0
92464028,7.0,13.0
92464029,19.0,1.0
92464030,18.0,2.0
92464031,20.0,0.0
92464032,19.0,1.0
92464033,21.0,0.0
92464034,16.0,5.0
92464035,19.0,2.0
92464036,20.0,1.0
92464037,20.0,0.0
92464038,20.0,0.0
92464039,18.0,3.0
92464040,7.0,13.0
92464041,20.0,0.0
92464042,19.0,1.0
92464043,19.0,1.0
92464044,20.0,0.0
92464045,19.0,1.0
92464046,21.0,0.0
92464047,19.0,1.0
92464048,19.0,1.0
92464049,16.0,4.0
92464050,18.0,2.0
92464051,20.0,1.0
92464052,5.0,15.0
92464053,21.0,0.0
92464054,3.0,18.0
92464055,15.0,5.0
92464056,18.0,2.0
92464057,18.0,2.0
92464058,8.0,12.0
92464059,15.0,5.0
92464060,13.0,7.0
92464061,20.0,0.0
92464062,21.0,0.0
92464063,8.0,12.0
92464064,19.0,1.0
92464065,7.0,14.0
92464066,20.0,0.0
92464067,11.0,9.0
92464068,5.0,15.0
92464069,21.0,0.0
92464070,21.0,0.0
92464071,21.0,0.0
92464073,18.0,2.0
92464074,5.0,15.0
92464075,7.0,13.0
92464076,22.0,0.0
92464077,17.0,3.0
92464078,17.0,3.0
92464079,20.0,1.0
92464080,19.0,1.0
92464081,1.0,19.0
92464082,20.0,0.0
92464083,4.0,16.0
92464084,2.0,18.0
92464085,20.0,0.0
92464086,22.0,0.0
92464087,3.0,17.0
92464088,21.0,0.0
92464089,21.0,0.0
92464090,6.0,14.0
92464091,5.0,15.0
92464092,7.0,13.0
92464093,19.0,1.0
92464094,0.0,20.0
92464095,20.0,1.0
92464096,20.0,0.0
92464097,20.0,0.0
92464098,21.0,0.0
92464099,19.0,1.0
92464100,20.0,0.0
92464101,20.0,0.0
92464102,20.0,0.0
92464103,19.0,1.0
92464104,20.0,0.0
92464105,20.0,0.0
92464106,21.0,0.0
92464107,19.0,1.0
92464108,11.0,14.0
92464109,3.0,17.0
92464110,19.0,1.0
92464111,21.0,0.0
92464112,2.0,18.0
92464113,20.0,0.0
92464114,9.0,11.0
92464115,14.0,7.0
92464116,20.0,0.0
92464117,20.0,0.0
92464118,19.0,1.0
92464119,18.0,2.0
92464120,3.0,17.0
92464121,1.0,19.0
92464122,19.0,1.0
92464123,1.0,19.0
92464124,20.0,0.0
92464125,19.0,1.0
92464126,19.0,1.0
92464127,2.0,18.0
92464128,15.0,7.0
92464129,1.0,19.0
92464131,20.0,0.0
92464132,6.0,14.0
92464133,1.0,20.0
92464134,7.0,13.0
92464135,19.0,1.0
92464136,21.0,0.0
92464137,18.0,2.0
92464138,20.0,0.0
92464139,20.0,0.0
92464140,20.0,1.0
92464141,15.0,5.0
92464142,21.0,0.0
92464143,1.0,20.0
92464144,5.0,15.0
92464145,21.0,0.0
92464146,18.0,2.0
92464147,20.0,0.0
92464148,20.0,0.0
92464149,11.0,9.0
92464150,20.0,1.0
92464151,4.0,16.0
92464152,11.0,10.0
92464153,19.0,1.0
92464154,4.0,16.0
92464155,16.0,4.0
92464156,19.0,1.0
92464157,7.0,13.0
92464158,20.0,0.0
92464159,2.0,19.0
92464160,16.0,4.0
92464161,1.0,19.0
92464162,20.0,1.0
92464163,18.0,2.0
92464164,10.0,10.0
92464165,18.0,2.0
92464166,4.0,16.0
92464167,20.0,0.0
92464168,19.0,2.0
92464169,8.0,12.0
92464170,0.0,20.0
92464171,8.0,12.0
92464172,16.0,4.0
92464173,19.0,1.0
92464174,13.0,8.0
92464175,21.0,0.0
92464176,0.0,20.0
92464177,20.0,0.0
92464178,21.0,0.0
92464179,6.0,14.0
92464180,13.0,7.0
92464181,5.0,15.0
92464182,19.0,1.0
92464183,11.0,9.0
92464184,17.0,3.0
92464185,7.0,13.0
92464186,19.0,2.0
92464187,17.0,4.0
92464188,2.0,18.0
92464189,16.0,4.0
92464190,21.0,0.0
92464191,20.0,1.0
92464192,4.0,17.0
92464193,0.0,20.0
92464194,1.0,19.0
92464195,18.0,2.0
92464196,19.0,1.0
92464197,11.0,9.0
92464198,17.0,3.0
92464199,21.0,0.0
92464200,10.0,10.0
92464201,2.0,18.0
92464202,19.0,1.0
92464203,18.0,2.0
92464204,7.0,14.0
92464205,20.0,0.0
92464206,20.0,0.0
92464207,5.0,16.0
92464208,5.0,15.0
92464209,12.0,8.0
92464210,15.0,5.0
92464211,20.0,0.0
92464212,1.0,19.0
92464213,19.0,1.0
92464214,17.0,3.0
92464215,19.0,1.0
92464216,20.0,0.0
92464217,21.0,0.0
92464218,16.0,4.0
92464219,4.0,16.0
92464220,1.0,20.0
92464221,2.0,18.0
92464222,4.0,16.0
92464223,18.0,2.0
92464224,19.0,2.0
92464225,4.0,16.0
92464226,4.0,16.0
92464227,5.0,15.0
92464228,15.0,6.0
92464229,20.0,0.0
92464230,20.0,0.0
92464231,2.0,18.0
92464232,15.0,5.0
92464233,19.0,1.0
92464234,20.0,0.0
92464236,1.0,19.0
92464237,4.0,16.0
92464238,18.0,3.0
92464239,19.0,1.0
92464240,7.0,13.0
92464241,20.0,0.0
92464242,20.0,0.0
92464243,18.0,2.0
92464244,20.0,0.0
92464245,20.0,0.0
92464246,20.0,0.0
92464247,19.0,1.0
92464248,20.0,1.0
92464249,18.0,2.0
92464250,3.0,17.0
92464251,19.0,1.0
92464252,7.0,13.0
92464253,8.0,12.0
92464254,18.0,2.0
92464255,13.0,7.0
92464256,12.0,8.0
92464257,19.0,2.0
92464258,9.0,11.0
92464259,5.0,15.0
92464260,6.0,14.0
92464261,20.0,0.0
92464262,22.0,0.0
92464263,10.0,10.0
92464264,18.0,2.0
92464265,18.0,2.0
92464266,16.0,4.0
92464267,1.0,19.0
92464268,19.0,1.0
92464269,20.0,0.0
92464270,14.0,7.0
92464272,10.0,10.0
92464273,20.0,0.0
92464274,3.0,17.0
92464275,12.0,8.0
92464276,18.0,2.0
92464277,11.0,9.0
92464278,17.0,3.0
92464279,20.0,0.0
92464280,7.0,14.0
92464281,20.0,1.0
92464282,19.0,1.0
92464283,20.0,0.0
92464284,27.0,0.0
92464285,0.0,20.0
92464286,20.0,0.0
92464287,19.0,2.0
92464288,20.0,0.0
92464289,12.0,9.0
92464290,3.0,17.0
92464294,19.0,1.0
92464295,20.0,0.0
92464296,20.0,1.0
92464297,22.0,0.0
92464298,19.0,1.0
92464299,3.0,17.0
92464300,19.0,1.0
92464301,21.0,0.0
92464302,5.0,15.0
92464303,20.0,0.0
92464304,21.0,0.0
92464305,7.0,14.0
92464306,19.0,1.0
92464307,19.0,1.0
92464308,20.0,0.0
92464309,20.0,0.0
92464310,19.0,1.0
92464311,19.0,1.0
92464312,11.0,9.0
92464313,12.0,8.0
92464314,20.0,0.0
92464315,18.0,2.0
92464316,19.0,1.0
92464317,21.0,1.0
92464318,21.0,0.0
92464319,18.0,2.0
92464320,5.0,15.0
92464321,15.0,5.0
92464322,9.0,11.0
92464323,19.0,2.0
92464324,20.0,0.0
92464325,20.0,0.0
92464326,19.0,1.0
92464327,20.0,0.0
92464328,20.0,0.0
92464329,19.0,1.0
92464330,19.0,1.0
92464331,7.0,13.0
92464332,16.0,4.0
92464333,20.0,0.0
92464334,20.0,0.0
92464335,10.0,11.0
92464336,20.0,0.0
92464337,1.0,19.0
92464338,7.0,13.0
92464339,19.0,1.0
92464340,19.0,2.0
92464341,20.0,1.0
92464343,1.0,19.0
92464344,19.0,1.0
92464345,21.0,0.0
92464346,3.0,17.0
92464347,3.0,17.0
92464348,2.0,19.0
92464349,7.0,14.0
92464350,5.0,15.0
92464351,20.0,1.0
92464352,20.0,0.0
92464353,13.0,7.0
92464354,19.0,1.0
92464355,20.0,0.0
92464356,21.0,0.0
92464357,18.0,2.0
92464358,19.0,1.0
92464359,21.0,0.0
92464360,4.0,16.0
92464361,4.0,16.0
92464362,20.0,0.0
92464363,19.0,1.0
92464364,15.0,5.0
92464365,3.0,17.0
92464366,18.0,2.0
92464367,19.0,1.0
92464368,10.0,10.0
92464369,20.0,0.0
92464370,21.0,0.0
92464371,20.0,0.0
92464372,20.0,0.0
92464373,4.0,16.0
92464374,20.0,1.0
92464375,20.0,0.0
92464376,20.0,1.0
92464377,4.0,16.0
92464378,19.0,1.0
92464379,18.0,2.0
92464380,20.0,0.0
92464381,19.0,1.0
92464382,2.0,18.0
92464383,17.0,4.0
92464384,18.0,2.0
92464385,20.0,0.0
92464386,7.0,15.0
92464387,21.0,0.0
92464388,11.0,9.0
92464389,20.0,0.0
92464390,19.0,1.0
92464391,11.0,10.0
92464392,9.0,11.0
92464393,20.0,0.0
92464394,16.0,5.0
92464395,18.0,2.0
92464396,19.0,1.0
92464397,3.0,17.0
92464398,20.0,0.0
92464399,17.0,3.0
92464400,1.0,19.0
92464401,21.0,0.0
92464402,20.0,0.0
92464403,20.0,0.0
92464404,19.0,1.0
92464405,21.0,0.0
92464406,1.0,19.0
92464407,20.0,0.0
92464408,18.0,2.0
92464409,1.0,19.0
92464410,20.0,1.0
92464411,21.0,0.0
92464412,6.0,14.0
92464413,3.0,17.0
92464414,2.0,18.0
92464415,17.0,3.0
92464416,4.0,16.0
92464417,19.0,1.0
92464419,15.0,6.0
92464420,11.0,9.0
92464421,21.0,0.0
92464422,18.0,2.0
92464423,12.0,8.0
92464424,4.0,16.0
92464426,20.0,0.0
92464427,1.0,19.0
92464428,2.0,18.0
92464429,18.0,2.0
92464430,3.0,17.0
92464431,20.0,2.0
92464432,20.0,0.0
92464433,5.0,16.0
92464434,18.0,2.0
92464435,8.0,13.0
92464436,2.0,18.0
92464437,4.0,16.0
92464438,8.0,12.0
92464439,19.0,1.0
92464440,0.0,20.0
92464441,21.0,0.0
92464442,5.0,15.0
92464443,1.0,19.0
92464444,16.0,4.0
92464445,8.0,12.0
92464446,4.0,16.0
92464447,4.0,17.0
92464448,7.0,13.0
92464449,16.0,4.0
92464450,20.0,0.0
92464451,17.0,3.0
92464452,1.0,19.0
92464453,16.0,4.0
92464454,20.0,0.0
92464455,21.0,0.0
92464456,20.0,1.0
92464457,13.0,7.0
92464458,19.0,1.0
92464459,20.0,0.0
92464460,20.0,1.0
92464461,20.0,0.0
92464462,18.0,2.0
92464463,2.0,18.0
92464464,20.0,1.0
92464465,21.0,1.0
92464466,1.0,19.0
92464467,5.0,16.0
92464468,20.0,0.0
92464469,7.0,13.0
92464470,17.0,3.0
92464471,20.0,1.0
92464472,18.0,2.0
92464473,11.0,9.0
92464474,20.0,0.0
92464475,21.0,0.0
92464476,19.0,1.0
92464477,19.0,1.0
92464478,19.0,1.0
92464479,19.0,1.0
92464480,6.0,14.0
92464481,20.0,1.0
92464482,19.0,1.0
92464483,19.0,1.0
92464484,19.0,1.0
92464485,18.0,2.0
92464486,18.0,2.0
92464487,9.0,11.0
92464488,4.0,16.0
92464489,9.0,11.0
92464490,20.0,1.0
92464491,23.0,0.0
92464492,2.0,19.0
92464493,5.0,15.0
92464494,9.0,11.0
92464495,2.0,19.0
92464496,18.0,2.0
92464497,20.0,0.0
92464498,13.0,7.0
92464499,20.0,0.0
92464501,8.0,12.0
92464502,19.0,1.0
92464503,19.0,1.0
92464504,21.0,0.0
92464505,0.0,20.0
92464506,6.0,15.0
92464508,19.0,1.0
92464509,20.0,0.0
92464510,2.0,18.0
92464511,19.0,2.0
92464512,14.0,6.0
92464513,1.0,19.0
92464514,18.0,2.0
92464515,19.0,1.0
92464516,20.0,1.0
92464517,18.0,2.0
92464518,20.0,0.0
92464519,6.0,14.0
92464520,1.0,19.0
92464521,19.0,1.0
92464522,6.0,14.0
92464523,18.0,2.0
92464524,20.0,0.0
92464525,10.0,10.0
92464526,21.0,0.0
92464527,19.0,1.0
92464528,19.0,1.0
92464529,6.0,14.0
92464530,2.0,19.0
92464531,20.0,0.0
92464532,17.0,3.0
92464533,20.0,0.0
92464534,19.0,1.0
92464535,18.0,3.0
92464536,11.0,9.0
92464537,10.0,11.0
92464538,20.0,0.0
92464539,14.0,6.0
92464540,6.0,14.0
92464541,6.0,14.0
92464542,0.0,20.0
92464543,19.0,1.0
92464544,6.0,15.0
92464545,20.0,0.0
92464546,16.0,4.0
92464547,21.0,1.0
92464548,1.0,19.0
92464549,18.0,6.0
92464550,20.0,0.0
92464551,20.0,0.0
92464552,19.0,1.0
92464553,20.0,0.0
92464554,19.0,1.0
92464555,19.0,1.0
92464556,19.0,1.0
92464557,20.0,1.0
92464558,11.0,9.0
92464559,20.0,0.0
92464560,18.0,2.0
92464561,17.0,3.0
92464562,4.0,17.0
92464563,18.0,2.0
92464564,19.0,1.0
92464565,5.0,15.0
92464566,19.0,1.0
92464567,20.0,0.0
92464568,3.0,17.0
92464569,1.0,19.0
92464570,18.0,2.0
92464571,8.0,14.0
92464572,0.0,20.0
92464573,19.0,1.0
92464574,20.0,1.0
92464575,1.0,20.0
92464576,21.0,0.0
92464577,7.0,13.0
92464578,20.0,1.0
92464579,12.0,8.0
92464580,4.0,16.0
92464581,6.0,14.0
92464582,12.0,8.0
92464583,20.0,0.0
92464584,10.0,10.0
92464585,9.0,13.0
92464586,11.0,9.0
92464587,17.0,3.0
92464588,2.0,19.0
92464589,20.0,0.0
92464590,16.0,5.0
92464591,1.0,20.0
92464592,19.0,1.0
92464593,20.0,0.0
92464594,20.0,0.0
92464595,15.0,6.0
92464596,18.0,2.0
92464597,20.0,0.0
92464598,8.0,13.0
92464599,20.0,0.0
92464600,0.0,20.0
92464601,20.0,0.0
92464602,20.0,0.0
92464603,4.0,16.0
92464604,20.0,0.0
92464605,15.0,5.0
92464606,3.0,17.0
92464607,6.0,14.0
92464608,20.0,0.0
92464609,20.0,0.0
92464610,18.0,2.0
92464611,19.0,1.0
92464612,20.0,0.0
92464613,18.0,2.0
92464614,19.0,1.0
92464615,19.0,1.0
92464616,19.0,1.0
92464617,20.0,0.0
92464618,20.0,1.0
92464619,19.0,1.0
92464620,20.0,0.0
92464621,10.0,10.0
92464622,20.0,0.0
92464623,21.0,0.0
92464624,16.0,4.0
92464625,19.0,3.0
92464626,21.0,0.0
92464627,21.0,0.0
92464628,20.0,0.0
92464629,10.0,10.0
92464630,7.0,13.0
92464631,5.0,15.0
92464632,17.0,3.0
92464633,20.0,0.0
92464634,20.0,0.0
92464635,20.0,0.0
92464636,7.0,13.0
92464637,21.0,0.0
92464638,4.0,17.0
92464639,18.0,2.0
92464641,21.0,0.0
92464642,20.0,0.0
92464643,19.0,1.0
92464644,0.0,21.0
92464645,20.0,0.0
92464646,20.0,0.0
92464647,9.0,12.0
92464648,20.0,0.0
92464649,19.0,1.0
92464650,3.0,17.0
92464651,21.0,0.0
92464652,6.0,14.0
92464653,21.0,0.0
92464654,21.0,0.0
92464655,3.0,17.0
92464656,8.0,12.0
92464657,18.0,2.0
92464658,2.0,18.0
92464659,20.0,0.0
92464660,3.0,17.0
92464661,19.0,1.0
92464662,19.0,1.0
92464663,20.0,0.0
92464664,6.0,14.0
92464665,18.0,2.0
92464666,16.0,4.0
92464667,4.0,16.0
92464668,14.0,6.0
92464669,20.0,1.0
92464670,4.0,16.0
92464671,7.0,13.0
92464672,4.0,16.0
92464673,20.0,0.0
92464674,8.0,12.0
92464675,20.0,0.0
92464677,20.0,1.0
92464678,15.0,5.0
92464679,21.0,0.0
92464680,2.0,18.0
92464681,18.0,2.0
92464682,11.0,10.0
92464683,18.0,2.0
92464684,19.0,1.0
92464685,20.0,0.0
92464686,12.0,8.0
92464687,10.0,10.0
92464688,16.0,4.0
92464689,20.0,0.0
92464690,17.0,3.0
92464691,19.0,1.0
92464692,20.0,0.0
92464693,3.0,17.0
92464694,5.0,15.0
92464695,16.0,4.0
92464696,19.0,1.0
92464697,8.0,12.0
92464698,10.0,11.0
92464699,0.0,20.0
92464700,2.0,18.0
92464701,17.0,3.0
92464702,18.0,2.0
92464703,19.0,1.0
92464704,14.0,6.0
92464705,7.0,13.0
92464706,3.0,18.0
92464707,20.0,0.0
92464709,16.0,4.0
92464710,22.0,0.0
92464711,20.0,0.0
92464712,0.0,20.0
92464713,20.0,0.0
92464714,21.0,0.0
92464715,9.0,11.0
92464716,16.0,4.0
92464717,22.0,0.0
92464718,12.0,9.0
92464719,20.0,0.0
92464720,20.0,0.0
92464721,20.0,0.0
92464722,10.0,10.0
92464723,8.0,12.0
92464724,7.0,13.0
92464725,20.0,0.0
92464726,1.0,19.0
92464727,10.0,11.0
92464728,2.0,18.0
92464729,18.0,2.0
92464730,19.0,1.0
92464731,3.0,17.0
92464732,20.0,0.0
92464733,20.0,1.0
92464734,20.0,0.0
92464735,19.0,1.0
92464736,2.0,18.0
92464737,18.0,2.0
92464738,21.0,0.0
92464739,18.0,2.0
92464740,1.0,20.0
92464741,21.0,0.0
92464742,9.0,11.0
92464743,20.0,0.0
92464744,18.0,2.0
92464745,19.0,1.0
92464746,20.0,1.0
92464747,12.0,8.0
92464748,19.0,1.0
92464749,0.0,20.0
92464750,19.0,1.0
92464751,3.0,18.0
92464752,19.0,1.0
92464753,15.0,5.0
92464754,1.0,19.0
92464755,18.0,2.0
92464756,20.0,0.0
92464757,20.0,0.0
92464758,19.0,1.0
92464759,3.0,17.0
92464760,13.0,7.0
92464761,20.0,0.0
92464762,21.0,0.0
92464763,5.0,15.0
92464764,9.0,11.0
92464765,5.0,16.0
92464766,20.0,1.0
92464767,19.0,1.0
92464768,3.0,17.0
92464769,20.0,0.0
92464770,2.0,18.0
92464771,20.0,0.0
92464772,18.0,3.0
92464773,11.0,9.0
92464774,20.0,1.0
92464775,20.0,0.0
92464776,12.0,8.0
92464777,17.0,3.0
92464778,3.0,18.0
92464779,16.0,4.0
92464780,20.0,0.0
92464781,19.0,1.0
92464782,14.0,6.0
92464783,2.0,19.0
92464784,19.0,1.0
92464785,20.0,0.0
92464786,4.0,16.0
92464787,14.0,6.0
92464788,17.0,3.0
92464789,15.0,5.0
92464790,4.0,16.0
92464791,19.0,1.0
92464792,5.0,15.0
92464793,14.0,6.0
92464794,20.0,0.0
92464796,5.0,15.0
92464797,20.0,1.0
92464798,20.0,0.0
92464799,15.0,5.0
92464800,20.0,0.0
92464801,11.0,10.0
92464802,19.0,1.0
92464803,14.0,6.0
92464804,16.0,4.0
92464805,20.0,0.0
92464806,9.0,12.0
92464807,8.0,12.0
92464808,20.0,1.0
92464809,15.0,5.0
92464810,19.0,1.0
92464811,9.0,11.0
92464812,20.0,0.0
92464813,20.0,0.0
92464814,20.0,0.0
92464815,20.0,0.0
92464816,15.0,5.0
92464817,20.0,0.0
92464818,3.0,17.0
92464819,19.0,1.0
92464820,16.0,4.0
92464821,18.0,2.0
92464822,21.0,0.0
92464823,20.0,0.0
92464824,20.0,1.0
92464825,21.0,0.0
92464826,18.0,2.0
92464827,13.0,7.0
92464828,0.0,21.0
92464829,19.0,1.0
92464830,19.0,1.0
92464831,19.0,3.0
92464832,19.0,1.0
92464833,2.0,18.0
92464834,21.0,0.0
92464835,19.0,1.0
92464836,21.0,0.0
92464837,21.0,0.0
92464838,19.0,1.0
92464839,3.0,17.0
92464840,20.0,0.0
92464841,16.0,4.0
92464843,20.0,0.0
92464844,20.0,0.0
92464845,21.0,0.0
92464846,2.0,18.0
92464847,19.0,1.0
92464848,0.0,20.0
92464849,4.0,16.0
92464850,17.0,4.0
92464851,20.0,0.0
92464852,7.0,13.0
92464853,20.0,0.0
92464854,20.0,0.0
92464855,19.0,1.0
92464856,19.0,1.0
92464857,15.0,5.0
92464858,8.0,12.0
92464859,18.0,2.0
92464860,1.0,20.0
92464861,3.0,17.0
92464862,19.0,1.0
92464863,20.0,0.0
92464864,6.0,14.0
92464865,3.0,17.0
92464866,4.0,16.0
92464867,3.0,18.0
92464868,12.0,8.0
92464869,19.0,1.0
92464870,19.0,1.0
92464871,2.0,18.0
92464872,1.0,19.0
92464873,18.0,2.0
92464874,20.0,0.0
92464875,5.0,15.0
92464876,18.0,3.0
92464877,6.0,14.0
92464878,0.0,20.0
92464879,20.0,0.0
92464880,20.0,0.0
92464881,18.0,2.0
92464882,12.0,8.0
92464883,19.0,1.0
92464884,11.0,9.0
92464885,20.0,0.0
92464886,13.0,9.0
92464887,19.0,1.0
92464888,11.0,9.0
92464889,20.0,1.0
92464890,19.0,1.0
92464891,12.0,8.0
92464892,10.0,10.0
92464893,21.0,0.0
92464894,19.0,2.0
92464895,19.0,1.0
92464896,17.0,4.0
92464897,6.0,14.0
92464898,19.0,1.0
92464899,21.0,0.0
92464900,20.0,0.0
92464901,20.0,0.0
92464902,2.0,18.0
92464903,4.0,16.0
92464904,19.0,1.0
92464905,1.0,20.0
92464906,7.0,13.0
92464907,19.0,1.0
92464908,20.0,0.0
92464909,21.0,0.0
92464910,1.0,20.0
92464912,20.0,0.0
92464913,10.0,10.0
92464914,2.0,18.0
92464915,21.0,0.0
92464916,7.0,13.0
92464917,19.0,1.0
92464918,2.0,18.0
92464919,20.0,0.0
92464920,16.0,4.0
92464921,19.0,1.0
92464922,19.0,1.0
92464923,11.0,9.0
92464924,18.0,2.0
92464925,19.0,1.0
92464926,19.0,1.0
92464927,7.0,14.0
92464928,14.0,6.0
92464929,12.0,8.0
92464930,19.0,1.0
92464931,8.0,12.0
92464932,18.0,2.0
92464933,2.0,18.0
92464934,20.0,0.0
92464935,20.0,0.0
92464936,20.0,1.0
92464937,2.0,18.0
92464938,2.0,18.0
92464939,4.0,16.0
92464941,21.0,0.0
92464942,6.0,14.0
92464943,21.0,0.0
92464944,20.0,1.0
92464945,2.0,18.0
92464946,1.0,19.0
92464947,19.0,1.0
92464948,21.0,0.0
92464949,19.0,1.0
92464950,2.0,18.0
92464951,14.0,6.0
92464952,20.0,0.0
92464953,12.0,8.0
92464954,21.0,0.0
92464955,18.0,2.0
92464956,21.0,0.0
92464957,11.0,9.0
92464958,19.0,1.0
92464959,21.0,0.0
92464960,20.0,1.0
92464961,12.0,8.0
92464962,21.0,0.0
92464963,21.0,0.0
92464964,20.0,0.0
92464965,20.0,0.0
92464966,0.0,20.0
92464967,4.0,16.0
92464968,20.0,0.0
92464969,21.0,0.0
92464970,3.0,17.0
92464971,1.0,20.0
92464972,19.0,1.0
92464973,20.0,1.0
92464974,19.0,1.0
92464975,8.0,12.0
92464976,0.0,20.0
92464977,20.0,0.0
92464978,20.0,1.0
92464979,20.0,0.0
92464980,20.0,0.0
92464981,20.0,0.0
92464982,16.0,4.0
92464983,19.0,1.0
92464984,20.0,0.0
92464985,7.0,13.0
92464986,5.0,16.0
92464988,8.0,12.0
92464989,20.0,1.0
92464990,16.0,4.0
92464991,5.0,16.0
92464992,13.0,7.0
92464993,20.0,0.0
92464994,10.0,10.0
92464995,16.0,4.0
92464996,18.0,2.0
92464997,2.0,18.0
92464998,20.0,0.0
92464999,4.0,16.0
92465000,21.0,0.0
92465001,0.0,20.0
92465002,19.0,1.0
92465003,19.0,1.0
92465004,3.0,17.0
92465005,11.0,9.0
92465006,20.0,0.0
92465007,2.0,18.0
92465008,20.0,0.0
92465009,0.0,20.0
92465010,20.0,1.0
92465011,8.0,12.0
92465012,18.0,2.0
92465013,19.0,1.0
92465014,13.0,8.0
92465015,16.0,4.0
92465016,20.0,0.0
92465017,20.0,0.0
92465018,11.0,9.0
92465019,5.0,15.0
92465020,20.0,0.0
92465021,12.0,9.0
92465022,4.0,17.0
92465023,20.0,0.0
92465024,21.0,0.0
92465025,20.0,0.0
92465026,0.0,20.0
92465027,9.0,11.0
92465028,21.0,0.0
92465029,20.0,0.0
92465030,18.0,2.0
92465031,20.0,1.0
92465032,21.0,0.0
92465033,19.0,1.0
92465034,20.0,0.0
92465035,7.0,13.0
92465036,20.0,0.0
92465037,19.0,1.0
92465038,20.0,0.0
92465039,12.0,8.0
92465040,0.0,20.0
92465041,21.0,0.0
92465042,20.0,0.0
92465043,20.0,1.0
92465044,17.0,3.0
92465045,10.0,10.0
92465046,18.0,3.0
92465047,19.0,1.0
92465048,20.0,1.0
92465049,19.0,1.0
92465050,19.0,1.0
92465051,20.0,0.0
92465052,6.0,14.0
92465053,11.0,9.0
92465054,20.0,0.0
92465055,19.0,1.0
92465056,21.0,0.0
92465057,18.0,2.0
92465058,3.0,17.0
92465059,5.0,15.0
92465060,8.0,12.0
92465061,6.0,14.0
92465062,21.0,0.0
92465063,19.0,1.0
92465064,20.0,0.0
92465065,20.0,1.0
92465066,13.0,9.0
92465067,20.0,0.0
92465068,2.0,18.0
92465069,19.0,2.0
92465070,19.0,1.0
92465071,1.0,19.0
92465072,20.0,0.0
92465074,19.0,1.0
92465075,20.0,0.0
92465076,20.0,0.0
92465077,20.0,0.0
92465078,4.0,16.0
92465079,20.0,0.0
92465080,8.0,13.0
92465081,8.0,12.0
92465082,7.0,13.0
92465083,20.0,0.0
92465084,12.0,8.0
92465085,12.0,9.0
92465086,15.0,5.0
92465087,19.0,1.0
92465088,20.0,0.0
92465089,20.0,0.0
92465090,18.0,2.0
92465091,2.0,18.0
92465092,3.0,17.0
92465093,7.0,14.0
92465094,18.0,2.0
92465095,19.0,1.0
92465096,20.0,0.0
92465097,19.0,1.0
92465098,20.0,1.0
92465099,5.0,15.0
92465100,8.0,12.0
92465101,18.0,2.0
92465102,5.0,15.0
92465103,3.0,17.0
92465104,19.0,1.0
92465105,19.0,1.0
92465106,21.0,0.0
92465107,8.0,12.0
92465108,3.0,17.0
92465109,3.0,17.0
92465110,19.0,1.0
92465111,3.0,18.0
92465112,7.0,13.0
92465113,20.0,0.0
92465114,20.0,0.0
92465115,18.0,2.0
92465116,4.0,17.0
92465117,19.0,1.0
92465118,9.0,11.0
92465119,18.0,3.0
92465120,0.0,20.0
92465121,10.0,10.0
92465122,1.0,19.0
92465123,21.0,0.0
92465124,19.0,1.0
92465125,19.0,1.0
92465126,20.0,0.0
92465127,3.0,17.0
92465128,5.0,15.0
92465129,19.0,1.0
92465130,19.0,1.0
92465131,3.0,17.0
92465132,15.0,5.0
92465133,19.0,1.0
92465134,19.0,2.0
92465135,6.0,14.0
92465136,19.0,1.0
92465137,19.0,2.0
92465138,19.0,1.0
92465139,4.0,16.0
92465140,7.0,13.0
92465141,19.0,1.0
92465142,5.0,15.0
92465143,20.0,0.0
92465144,18.0,3.0
92465145,8.0,12.0
92465146,20.0,1.0
92465147,19.0,1.0
92465148,1.0,20.0
92465149,21.0,0.0
92465150,19.0,1.0
92465151,10.0,10.0
92465152,17.0,3.0
92465153,21.0,0.0
92465154,2.0,18.0
92465155,1.0,19.0
92465156,18.0,2.0
92465157,15.0,6.0
92465158,22.0,0.0
92465159,21.0,5.0
92465160,20.0,0.0
92465161,5.0,16.0
92465162,16.0,5.0
92465163,19.0,1.0
92465164,20.0,0.0
92465165,18.0,2.0
92465166,5.0,15.0
92465167,20.0,0.0
92465168,19.0,1.0
92465169,20.0,0.0
92465170,9.0,11.0
92465171,20.0,0.0
92465172,9.0,11.0
92465173,10.0,11.0
92465174,10.0,11.0
92465175,4.0,16.0
92465176,20.0,1.0
92465177,17.0,4.0
92465178,20.0,0.0
92465179,19.0,1.0
92465180,19.0,1.0
92465181,19.0,1.0
92465182,7.0,13.0
92465184,20.0,0.0
92465185,2.0,18.0
92465186,7.0,14.0
92465187,14.0,6.0
92465188,20.0,0.0
92465189,19.0,3.0
92465190,1.0,19.0
92465191,19.0,1.0
92465192,19.0,1.0
92465193,1.0,19.0
92465195,5.0,15.0
92465196,21.0,0.0
92465197,12.0,8.0
92465198,20.0,0.0
92465199,20.0,0.0
92465200,21.0,0.0
92465201,20.0,0.0
92465202,3.0,17.0
92465203,19.0,1.0
92465204,18.0,2.0
92465205,7.0,13.0
92465206,17.0,3.0
92465207,19.0,1.0
92465208,0.0,20.0
92465209,20.0,1.0
92465210,21.0,0.0
92465211,19.0,1.0
92465212,12.0,8.0
92465213,20.0,0.0
92465214,19.0,1.0
92465215,19.0,1.0
92465216,19.0,1.0
92465217,8.0,12.0
92465218,19.0,1.0
92465219,20.0,0.0
92465220,20.0,0.0
92465221,3.0,17.0
92465222,4.0,16.0
92465223,18.0,2.0
92465224,20.0,0.0
92465225,17.0,3.0
92465226,20.0,0.0
92465227,2.0,18.0
92465228,19.0,2.0
92465229,13.0,7.0
92465230,6.0,14.0
92465231,19.0,1.0
92465232,6.0,14.0
92465233,20.0,0.0
92465234,2.0,19.0
92465235,18.0,2.0
92465236,17.0,3.0
92465237,16.0,4.0
92465238,2.0,18.0
92465239,11.0,9.0
92465240,18.0,2.0
92465241,19.0,1.0
92465242,18.0,2.0
92465243,18.0,2.0
92465244,20.0,0.0
92465245,20.0,0.0
92465246,21.0,0.0
92465247,20.0,0.0
92465248,4.0,16.0
92465249,19.0,1.0
92465250,19.0,1.0
92465251,14.0,6.0
92465252,18.0,4.0
92465253,4.0,16.0
92465254,20.0,0.0
92465255,1.0,19.0
92465256,20.0,0.0
92465257,17.0,3.0
92465258,20.0,0.0
92465259,2.0,18.0
92465260,19.0,1.0
92465261,5.0,15.0
92465262,20.0,1.0
92465263,8.0,12.0
92465264,11.0,10.0
92465265,20.0,0.0
92465266,22.0,0.0
92465267,20.0,0.0
92465268,19.0,1.0
92465269,19.0,1.0
92465270,13.0,7.0
92465271,4.0,16.0
92465272,15.0,5.0
92465273,20.0,0.0
92465274,19.0,1.0
92465275,5.0,16.0
92465276,21.0,0.0
92465277,20.0,0.0
92465278,17.0,4.0
92465279,19.0,1.0
92465280,20.0,1.0
92465281,21.0,0.0
92465282,2.0,18.0
92465284,21.0,1.0
92465285,19.0,1.0
92465286,20.0,0.0
92465287,19.0,1.0
92465288,21.0,0.0
92465290,1.0,19.0
92465291,18.0,2.0
92465292,1.0,19.0
92465293,21.0,0.0
92465294,1.0,19.0
92465295,19.0,2.0
92465296,16.0,4.0
92465297,19.0,1.0
92465298,1.0,19.0
92465299,18.0,2.0
92465300,17.0,4.0
92465301,8.0,12.0
92465302,20.0,0.0
92465303,19.0,1.0
92465304,11.0,9.0
92465305,20.0,0.0
92465306,5.0,15.0
92465307,4.0,17.0
92465308,20.0,0.0
92465309,19.0,1.0
92465310,20.0,0.0
92465311,0.0,21.0
92465312,18.0,3.0
92465313,20.0,0.0
92465314,18.0,2.0
92465315,18.0,2.0
92465316,20.0,0.0
92465317,20.0,0.0
92465318,18.0,2.0
92465319,19.0,1.0
92465320,20.0,0.0
92465321,11.0,10.0
92465322,15.0,5.0
92465323,21.0,0.0
92465324,20.0,0.0
92465325,1.0,19.0
92465326,20.0,0.0
92465327,13.0,8.0
92465328,10.0,10.0
92465329,20.0,0.0
92465330,3.0,17.0
92465331,19.0,1.0
92465332,18.0,2.0
92465333,18.0,2.0
92465334,19.0,2.0
92465335,21.0,0.0
92465336,20.0,1.0
92465337,19.0,1.0
92465338,21.0,0.0
92465339,6.0,14.0
92465340,20.0,0.0
92465341,0.0,20.0
92465342,16.0,4.0
92465343,3.0,17.0
92465344,17.0,3.0
92465345,19.0,1.0
92465346,19.0,1.0
92465347,8.0,12.0
92465348,4.0,17.0
92465349,11.0,9.0
92465350,1.0,20.0
92465351,12.0,10.0
92465352,11.0,10.0
92465353,20.0,0.0
92465354,20.0,0.0
92465355,22.0,0.0
92465356,20.0,0.0
92465357,2.0,18.0
92465358,20.0,0.0
92465359,21.0,0.0
92465360,21.0,0.0
92465361,20.0,0.0
92465362,18.0,4.0
92465363,19.0,2.0
92465364,20.0,0.0
92465365,18.0,2.0
92465366,20.0,0.0
92465368,4.0,17.0
92465369,21.0,0.0
92465370,19.0,1.0
92465371,19.0,1.0
92465372,5.0,15.0
92465373,3.0,17.0
92465374,20.0,0.0
92465375,2.0,19.0
92465376,9.0,11.0
92465377,20.0,0.0
92465378,19.0,2.0
92465379,7.0,13.0
92465380,21.0,0.0
92465381,3.0,17.0
92465382,4.0,16.0
92465383,19.0,1.0
92465384,20.0,0.0
92465385,19.0,3.0
92465386,20.0,0.0
92465387,19.0,1.0
92465388,21.0,1.0
92465389,20.0,0.0
92465390,19.0,1.0
92465391,19.0,1.0
92465392,12.0,8.0
92465393,19.0,2.0
92465394,4.0,16.0
92465395,20.0,0.0
92465396,17.0,3.0
92465397,19.0,1.0
92465398,8.0,12.0
92465399,23.0,0.0
92465400,20.0,0.0
92465401,1.0,19.0
92465402,21.0,0.0
92465403,20.0,0.0
92465404,17.0,3.0
92465405,8.0,12.0
92465406,19.0,2.0
92465407,19.0,1.0
92465408,5.0,16.0
92465409,21.0,1.0
92465410,20.0,1.0
92465411,20.0,0.0
92465412,19.0,2.0
92465413,20.0,0.0
92465414,19.0,1.0
92465415,20.0,0.0
92465416,20.0,1.0
92465417,11.0,9.0
92465418,19.0,2.0
92465419,8.0,13.0
92465420,20.0,0.0
92465421,19.0,1.0
92465422,19.0,1.0
92465423,19.0,1.0
92465424,16.0,6.0
92465425,18.0,2.0
92465426,20.0,0.0
92465427,20.0,0.0
92465428,18.0,2.0
92465429,19.0,1.0
92465430,9.0,11.0
92465431,6.0,15.0
92465432,20.0,1.0
92465433,19.0,1.0
92465434,20.0,0.0
92465435,22.0,0.0
92465436,6.0,14.0
92465437,3.0,17.0
92465438,20.0,0.0
92465439,17.0,3.0
92465440,18.0,2.0
92465441,18.0,2.0
92465442,19.0,1.0
92465443,20.0,0.0
92465444,3.0,17.0
92465445,5.0,15.0
92465446,19.0,2.0
92465447,18.0,2.0
92465448,5.0,16.0
92465449,21.0,0.0
92465450,21.0,0.0
92465451,0.0,20.0
92465452,20.0,1.0
92465453,13.0,7.0
92465454,3.0,17.0
92465455,7.0,13.0
92465456,17.0,3.0
92465457,20.0,1.0
92465458,17.0,3.0
92465459,19.0,1.0
92465460,13.0,7.0
92465461,20.0,0.0
92465462,20.0,1.0
92465463,20.0,0.0
92465464,21.0,0.0
92465465,10.0,10.0
92465466,7.0,13.0
92465467,21.0,0.0
92465468,11.0,9.0
92465469,6.0,14.0
92465470,20.0,1.0
92465471,20.0,0.0
92465472,20.0,0.0
92465473,20.0,0.0
92465474,9.0,12.0
92465475,20.0,0.0
92465476,20.0,0.0
92465478,19.0,2.0
92465479,20.0,0.0
92465480,18.0,2.0
92465481,20.0,0.0
92465482,20.0,0.0
92465483,21.0,0.0
92465484,2.0,19.0
92465485,3.0,17.0
92465486,20.0,0.0
92465487,1.0,19.0
92465488,14.0,6.0
92465489,5.0,15.0
92465490,12.0,8.0
92465491,13.0,7.0
92465492,8.0,12.0
92465493,20.0,0.0
92465494,0.0,20.0
92465495,17.0,4.0
92465496,3.0,17.0
92465497,3.0,19.0
92465498,18.0,2.0
92465499,7.0,13.0
92465500,21.0,0.0
92465501,20.0,0.0
92465502,20.0,0.0
92465503,4.0,16.0
92465504,2.0,20.0
92465505,16.0,4.0
92465506,18.0,2.0
92465507,20.0,0.0
92465508,21.0,0.0
92465509,9.0,11.0
92465510,19.0,1.0
92465511,20.0,0.0
92465512,20.0,1.0
92465513,19.0,1.0
92465514,2.0,19.0
92465515,6.0,15.0
92465516,20.0,0.0
92465517,2.0,18.0
92465518,20.0,0.0
92465519,10.0,10.0
92465520,21.0,0.0
92465521,4.0,16.0
92465522,19.0,2.0
92465523,19.0,1.0
92465524,18.0,2.0
92465525,4.0,16.0
92465526,20.0,0.0
92465527,20.0,1.0
92465528,19.0,1.0
92465529,1.0,19.0
92465530,8.0,12.0
92465531,7.0,13.0
92465532,20.0,0.0
92465533,18.0,3.0
92465534,1.0,23.0
92465536,16.0,4.0
92465537,19.0,2.0
92465538,19.0,1.0
92465539,16.0,4.0
92465540,19.0,1.0
92465541,20.0,0.0
92465542,4.0,16.0
92465543,19.0,1.0
92465544,19.0,1.0
92465545,19.0,1.0
92465546,20.0,0.0
92465547,0.0,20.0
92465548,20.0,0.0
92465549,4.0,16.0
92465550,4.0,16.0
92465551,20.0,0.0
92465552,21.0,0.0
92465553,22.0,0.0
92465554,19.0,1.0
92465555,6.0,14.0
92465557,21.0,0.0
92465558,18.0,2.0
92465559,19.0,1.0
92465563,20.0,0.0
92465564,19.0,1.0
92465565,20.0,0.0
92465566,19.0,1.0
92465568,19.0,1.0
92465569,19.0,1.0
92465570,20.0,0.0
92465571,20.0,0.0
92465572,20.0,0.0
92465573,20.0,0.0
92465574,18.0,2.0
92465575,19.0,1.0
92465576,20.0,0.0
92465577,21.0,0.0
92465578,20.0,0.0
92465579,20.0,0.0
92465580,21.0,0.0
92465581,19.0,1.0
92465582,20.0,0.0
92465583,20.0,0.0
92465584,21.0,0.0
92465585,19.0,1.0
92465586,21.0,0.0
92465587,20.0,1.0
92465588,20.0,0.0
92465589,19.0,1.0
92465590,21.0,0.0
92465591,20.0,0.0
92465592,20.0,0.0
92465593,18.0,2.0
92465594,21.0,0.0
92465595,20.0,1.0
92465596,21.0,0.0
92465597,18.0,2.0
92465598,17.0,3.0
92465599,20.0,1.0
92465600,20.0,0.0
92465602,18.0,2.0
92465603,21.0,0.0
92465604,21.0,0.0
92465605,14.0,6.0
92465606,21.0,0.0
92465607,20.0,1.0
92465609,20.0,0.0
92465610,21.0,0.0
92465611,20.0,0.0
92465612,20.0,0.0
92465613,20.0,0.0
92465614,19.0,1.0
92465615,19.0,1.0
92465616,18.0,2.0
92465617,18.0,2.0
92465618,20.0,1.0
92465619,20.0,0.0
92465620,20.0,0.0
92465621,21.0,0.0
92465622,20.0,0.0
92465623,20.0,0.0
92465624,19.0,1.0
92465625,19.0,1.0
92465626,19.0,1.0
92465627,19.0,1.0
92465628,21.0,0.0
92465629,3.0,18.0
92465630,20.0,0.0
92465631,20.0,0.0
92465632,18.0,3.0
92465633,21.0,0.0
92465634,19.0,1.0
92465635,21.0,0.0
92465636,19.0,1.0
92465637,16.0,4.0
92465638,19.0,1.0
92465639,19.0,2.0
92465640,20.0,0.0
92465641,13.0,7.0
92465642,16.0,4.0
92465643,18.0,2.0
92465644,17.0,3.0
92465645,20.0,0.0
92465646,9.0,11.0
92465647,20.0,0.0
92465648,20.0,0.0
92465649,20.0,0.0
92465650,18.0,2.0
92465651,20.0,1.0
92465652,21.0,0.0
92465653,16.0,4.0
92465654,20.0,1.0
92465655,15.0,5.0
92465656,17.0,3.0
92465657,20.0,0.0
92465658,20.0,0.0
92465659,20.0,0.0
92465660,20.0,2.0
92465661,19.0,1.0
92465662,19.0,1.0
92465663,20.0,0.0
92465664,20.0,0.0
92465665,21.0,0.0
92465666,19.0,1.0
92465667,20.0,1.0
92465668,20.0,0.0
92465669,18.0,2.0
92465670,20.0,0.0
92465671,21.0,0.0
92465672,21.0,0.0
92465673,18.0,2.0
92465674,21.0,0.0
92465675,20.0,0.0
92465676,19.0,1.0
92465677,20.0,0.0
92465678,20.0,0.0
92465679,21.0,0.0
92465680,20.0,0.0
92465681,18.0,2.0
92465682,20.0,0.0
92465684,19.0,1.0
92465685,19.0,1.0
92465686,18.0,3.0
92465687,20.0,1.0
92465688,20.0,0.0
92465689,21.0,0.0
92465690,19.0,1.0
92465691,19.0,1.0
92465692,20.0,0.0
92465693,20.0,0.0
92465694,20.0,0.0
92465695,21.0,0.0
92465696,19.0,1.0
92465697,20.0,0.0
92465698,20.0,0.0
92465699,20.0,1.0
92465700,21.0,0.0
92465701,19.0,1.0
92465702,21.0,0.0
92465703,20.0,0.0
92465704,19.0,1.0
92465705,21.0,0.0
92465706,20.0,0.0
92465707,19.0,1.0
92465708,21.0,0.0
92465709,20.0,0.0
92465710,20.0,0.0
92465711,20.0,0.0
92465712,21.0,0.0
92465713,21.0,0.0
92465714,20.0,1.0
92465715,21.0,0.0
92465716,20.0,0.0
92465717,20.0,0.0
92465718,4.0,17.0
92465719,20.0,1.0
92465720,14.0,6.0
92465721,19.0,1.0
92465722,19.0,1.0
92465723,20.0,0.0
92465724,20.0,0.0
92465725,21.0,0.0
92465726,21.0,0.0
92465727,19.0,2.0
92465728,20.0,0.0
92465729,20.0,0.0
92465730,20.0,1.0
92465731,19.0,2.0
92465732,21.0,0.0
92465733,20.0,0.0
92465734,18.0,2.0
92465735,19.0,1.0
92465736,20.0,0.0
92465737,20.0,0.0
92465738,20.0,0.0
92465739,20.0,0.0
92465740,19.0,2.0
92465741,20.0,0.0
92465742,20.0,0.0
92465743,20.0,0.0
92465744,20.0,0.0
92465745,19.0,1.0
92465746,20.0,0.0
92465747,20.0,0.0
92465748,20.0,0.0
92465749,18.0,2.0
92465750,18.0,2.0
92465751,19.0,1.0
92465752,18.0,2.0
92465753,20.0,1.0
92465754,21.0,0.0
92465755,16.0,4.0
92465756,20.0,0.0
92465757,22.0,1.0
92465758,19.0,1.0
92465759,20.0,0.0
92465760,20.0,0.0
92465761,20.0,1.0
92465762,18.0,2.0
92465763,19.0,1.0
92465764,21.0,0.0
92465765,20.0,0.0
92465766,7.0,13.0
92465767,19.0,1.0
92465768,20.0,0.0
92465769,20.0,1.0
92465770,20.0,0.0
92465771,19.0,1.0
92465772,20.0,0.0
92465773,20.0,0.0
92465774,20.0,0.0
92465775,20.0,0.0
92465776,19.0,1.0
92465777,20.0,0.0
92465778,19.0,1.0
92465779,20.0,0.0
92465780,19.0,2.0
92465781,17.0,3.0
92465782,20.0,0.0
92465783,20.0,0.0
92465784,20.0,0.0
92465785,20.0,0.0
92465786,20.0,0.0
92465787,19.0,1.0
92465788,20.0,0.0
92465790,20.0,0.0
92465791,18.0,2.0
92465792,20.0,1.0
92465793,19.0,2.0
92465794,22.0,2.0
92465795,7.0,13.0
92465796,19.0,1.0
92465797,19.0,1.0
92465798,20.0,0.0
92465799,20.0,1.0
92465800,18.0,2.0
92465801,19.0,1.0
92465802,20.0,0.0
92465803,17.0,3.0
92465804,20.0,0.0
92465805,18.0,2.0
92465806,17.0,3.0
92465807,18.0,2.0
92465808,20.0,0.0
92465809,19.0,1.0
92465810,20.0,0.0
92465811,21.0,0.0
92465812,20.0,0.0
92465813,19.0,1.0
92465814,19.0,1.0
92465815,7.0,13.0
92465816,20.0,0.0
92465817,21.0,0.0
92465818,20.0,0.0
92465819,19.0,1.0
92465820,21.0,0.0
92465821,19.0,1.0
92465822,20.0,0.0
92465823,20.0,1.0
92465824,21.0,0.0
92465825,10.0,10.0
92465826,20.0,1.0
92465827,20.0,1.0
92465828,19.0,1.0
92465829,20.0,0.0
92465830,21.0,0.0
92465831,19.0,7.0
92465832,20.0,0.0
92465833,15.0,5.0
92465835,18.0,2.0
92465836,19.0,1.0
92465837,20.0,0.0
92465838,19.0,1.0
92465839,21.0,0.0
92465840,19.0,1.0
92465841,19.0,1.0
92465842,20.0,1.0
92465843,19.0,2.0
92465844,22.0,0.0
92465845,21.0,0.0
92465846,11.0,9.0
92465847,18.0,2.0
92465848,20.0,0.0
92465849,21.0,0.0
92465850,21.0,0.0
92465851,20.0,0.0
92465852,20.0,0.0
92465853,20.0,0.0
92465854,21.0,0.0
92465855,20.0,0.0
92465856,20.0,0.0
92465857,19.0,1.0
92465858,20.0,0.0
92465859,19.0,1.0
92465860,19.0,2.0
92465861,20.0,0.0
92465862,20.0,0.0
92465863,21.0,0.0
92465864,20.0,0.0
92465865,20.0,1.0
92465866,21.0,0.0
92465867,17.0,3.0
92465868,18.0,2.0
92465869,18.0,2.0
92465870,20.0,0.0
92465871,19.0,1.0
92465872,20.0,0.0
92465873,21.0,0.0
92465874,19.0,2.0
92465875,20.0,1.0
92465876,4.0,17.0
92465877,19.0,1.0
92465878,18.0,2.0
92465879,20.0,0.0
92465880,20.0,0.0
92465881,17.0,3.0
92465882,20.0,0.0
92465884,20.0,1.0
92465885,20.0,0.0
92465886,21.0,0.0
92465887,20.0,0.0
92465888,21.0,0.0
92465889,19.0,1.0
92465890,20.0,0.0
92465891,20.0,0.0
92465892,21.0,0.0
92465893,21.0,1.0
92465894,17.0,3.0
92465895,18.0,3.0
92465896,20.0,0.0
92465897,11.0,10.0
92465898,18.0,2.0
92465899,20.0,0.0
92465900,20.0,0.0
92465901,21.0,0.0
92465902,20.0,1.0
92465903,19.0,1.0
92465904,19.0,1.0
92465905,19.0,1.0
92465906,19.0,1.0
92465907,19.0,1.0
92465908,20.0,0.0
92465909,20.0,0.0
92465910,20.0,0.0
92465911,20.0,0.0
92465912,18.0,2.0
92465913,20.0,0.0
92465914,19.0,1.0
92465915,20.0,1.0
92465916,18.0,2.0
92465917,20.0,1.0
92465918,20.0,0.0
92465919,19.0,1.0
92465920,21.0,0.0
92465921,20.0,0.0
92465922,19.0,1.0
92465923,19.0,1.0
92465924,19.0,1.0
92465925,20.0,0.0
92465926,18.0,2.0
92465927,21.0,0.0
92465928,20.0,1.0
92465929,16.0,5.0
92465930,19.0,1.0
92465931,19.0,1.0
92465932,17.0,3.0
92465933,18.0,2.0
92465934,16.0,4.0
92465935,19.0,2.0
92465936,20.0,0.0
92465937,20.0,0.0
92465938,20.0,0.0
92465939,19.0,1.0
92465940,20.0,0.0
92465941,18.0,2.0
92465942,20.0,0.0
92465944,19.0,1.0
92465945,19.0,1.0
92465946,17.0,3.0
92465947,21.0,1.0
92465948,20.0,0.0
92465949,20.0,0.0
92465950,21.0,0.0
92465951,19.0,1.0
92465952,20.0,0.0
92465953,20.0,0.0
92465954,20.0,0.0
92465955,19.0,1.0
92465956,19.0,2.0
92465957,20.0,0.0
92465959,19.0,1.0
92465960,19.0,1.0
92465961,20.0,0.0
92465962,17.0,3.0
92465963,19.0,1.0
92465964,22.0,0.0
92465965,17.0,3.0
92465966,20.0,0.0
92465967,20.0,0.0
92465968,4.0,17.0
92465969,19.0,1.0
92465970,20.0,0.0
92465971,20.0,0.0
92465972,19.0,1.0
92465973,20.0,0.0
92465974,21.0,0.0
92465975,14.0,6.0
92465976,19.0,1.0
92465977,19.0,1.0
92465978,17.0,3.0
92465979,9.0,12.0
92465980,18.0,2.0
92465981,19.0,1.0
92465982,18.0,2.0
92465983,20.0,0.0
92465984,20.0,0.0
92465985,19.0,1.0
92465986,18.0,2.0
92465987,20.0,0.0
92465988,20.0,0.0
92465989,19.0,1.0
92465990,17.0,3.0
92465991,20.0,0.0
92465992,21.0,0.0
92465993,20.0,0.0
92465994,19.0,1.0
92465995,20.0,0.0
92465996,18.0,2.0
92465997,17.0,3.0
92465998,17.0,3.0
92465999,18.0,2.0
92466000,20.0,0.0
92466001,21.0,0.0
92466002,20.0,0.0
92466003,8.0,12.0
92466004,20.0,0.0
92466005,20.0,0.0
92466006,18.0,2.0
92466007,21.0,0.0
92466008,20.0,0.0
92466009,20.0,0.0
92466010,20.0,0.0
92466011,20.0,0.0
92466012,20.0,0.0
92466013,19.0,1.0
92466014,15.0,5.0
92466015,20.0,0.0
92466016,18.0,2.0
92466017,21.0,0.0
92466018,19.0,1.0
92466019,19.0,1.0
92466020,20.0,0.0
92466021,18.0,2.0
92466022,19.0,1.0
92466023,20.0,1.0
92466024,20.0,0.0
92466025,19.0,1.0
92466026,21.0,0.0
92466027,19.0,2.0
92466028,20.0,0.0
92466029,21.0,0.0
92466030,20.0,0.0
92466031,19.0,1.0
92466032,18.0,2.0
92466033,19.0,1.0
92466034,21.0,0.0
92466035,19.0,1.0
92466036,19.0,1.0
92466037,20.0,0.0
92466038,19.0,1.0
92466039,21.0,0.0
92466040,19.0,1.0
92466041,20.0,0.0
92466042,19.0,1.0
92466043,18.0,2.0
92466044,18.0,2.0
92466045,19.0,1.0
92466046,20.0,0.0
92466047,19.0,1.0
92466048,20.0,0.0
92466049,20.0,0.0
92466050,19.0,1.0
92466051,20.0,0.0
92466052,19.0,1.0
92466053,20.0,0.0
92466054,16.0,5.0
92466055,20.0,0.0
92466056,20.0,0.0
92466057,20.0,1.0
92466058,15.0,5.0
92466059,16.0,4.0
92466060,20.0,1.0
92466061,19.0,1.0
92466062,19.0,2.0
92466063,20.0,0.0
92466064,19.0,1.0
92466065,19.0,1.0
92466067,21.0,0.0
92466068,20.0,1.0
92466069,20.0,1.0
92466070,19.0,1.0
92466071,18.0,2.0
92466072,21.0,0.0
92466073,19.0,1.0
92466074,19.0,1.0
92466075,14.0,6.0
92466076,19.0,1.0
92466077,4.0,16.0
92466078,4.0,17.0
92466079,20.0,0.0
92466080,20.0,0.0
92466081,18.0,2.0
92466082,20.0,0.0
92466083,19.0,1.0
92466084,4.0,17.0
92466085,20.0,0.0
92466086,21.0,0.0
92466087,20.0,0.0
92466088,20.0,0.0
92466089,17.0,3.0
92466090,19.0,1.0
92466091,18.0,2.0
92466092,16.0,4.0
92466093,20.0,0.0
92466095,19.0,1.0
92466096,19.0,1.0
92466097,17.0,3.0
92466098,18.0,2.0
92466099,19.0,1.0
92466100,21.0,1.0
92466101,19.0,1.0
92466102,20.0,0.0
92466103,20.0,0.0
92466104,21.0,0.0
92466105,20.0,0.0
92466106,20.0,0.0
92466107,17.0,3.0
92466108,15.0,5.0
92466109,19.0,1.0
92466110,17.0,3.0
92466111,20.0,0.0
92466112,20.0,0.0
92466113,0.0,20.0
92466114,19.0,1.0
92466115,19.0,1.0
92466116,20.0,1.0
92466117,19.0,1.0
92466118,21.0,0.0
92466119,19.0,1.0
92466120,18.0,3.0
92466121,21.0,0.0
92466122,20.0,0.0
92466123,20.0,0.0
92466124,17.0,3.0
92466125,20.0,0.0
92466126,21.0,1.0
92466127,20.0,0.0
92466128,14.0,6.0
92466129,19.0,1.0
92466130,18.0,2.0
92466131,20.0,0.0
92466132,18.0,2.0
92466133,21.0,0.0
92466134,20.0,0.0
92466135,20.0,0.0
92466136,21.0,0.0
92466137,18.0,2.0
92466138,18.0,3.0
92466139,21.0,0.0
92466140,20.0,1.0
92466141,20.0,1.0
92466142,20.0,0.0
92466143,20.0,0.0
92466144,20.0,0.0
92466145,18.0,2.0
92466146,20.0,0.0
92466147,19.0,1.0
92466148,21.0,0.0
92466149,19.0,1.0
92466150,20.0,0.0
92466151,17.0,3.0
92466152,18.0,2.0
92466153,19.0,1.0
92466154,15.0,5.0
92466155,19.0,1.0
92466156,20.0,1.0
92466157,21.0,0.0
92466158,19.0,1.0
92466159,20.0,0.0
92466161,19.0,2.0
92466162,18.0,2.0
92466163,15.0,5.0
92466164,19.0,1.0
92466165,21.0,0.0
92466166,19.0,1.0
92466167,15.0,5.0
92466168,20.0,0.0
92466169,19.0,1.0
92466170,19.0,1.0
92466171,20.0,0.0
92466172,19.0,1.0
92466173,19.0,1.0
92466174,20.0,0.0
92466175,19.0,2.0
92466176,7.0,13.0
92466177,18.0,2.0
92466178,21.0,0.0
92466179,20.0,0.0
92466180,21.0,0.0
92466181,21.0,0.0
92466182,19.0,1.0
92466183,20.0,1.0
92466184,19.0,1.0
92466185,19.0,1.0
92466186,20.0,0.0
92466187,18.0,2.0
92466188,20.0,1.0
92466189,20.0,0.0
92466190,20.0,1.0
92466191,19.0,1.0
92466192,21.0,0.0
92466193,19.0,1.0
92466194,20.0,1.0
92466195,18.0,2.0
92466196,19.0,1.0
92466197,20.0,0.0
92466198,20.0,0.0
92466199,20.0,0.0
92466200,20.0,0.0
92466201,21.0,0.0
92466202,19.0,1.0
92466203,20.0,0.0
92466204,21.0,0.0
92466205,20.0,0.0
92466206,20.0,0.0
92466207,18.0,2.0
92466208,3.0,17.0
92466209,21.0,0.0
92466210,19.0,1.0
92466211,21.0,0.0
92466212,21.0,0.0
92466213,19.0,1.0
92466214,19.0,1.0
92466215,20.0,0.0
92466216,17.0,3.0
92466217,21.0,0.0
92466218,19.0,1.0
92466219,20.0,0.0
92466220,20.0,0.0
92466221,20.0,0.0
92466222,20.0,1.0
92466223,14.0,6.0
92466224,21.0,0.0
92466225,21.0,0.0
92466226,19.0,1.0
92466227,19.0,1.0
92466228,19.0,1.0
92466229,18.0,2.0
92466231,20.0,0.0
92466232,21.0,0.0
92466233,19.0,1.0
92466234,20.0,0.0
92466235,21.0,0.0
92466236,20.0,0.0
92466237,20.0,0.0
92466238,19.0,1.0
92466239,20.0,0.0
92466240,20.0,0.0
92466241,17.0,3.0
92466242,20.0,1.0
92466243,20.0,0.0
92466244,21.0,0.0
92466245,20.0,1.0
92466246,20.0,0.0
92466247,19.0,2.0
92466248,17.0,3.0
92466249,19.0,1.0
92466250,20.0,0.0
92466251,21.0,0.0
92466252,19.0,2.0
92466253,20.0,0.0
92466254,20.0,0.0
92466255,20.0,0.0
92466256,20.0,0.0
92466257,20.0,0.0
92466258,18.0,2.0
92466259,20.0,0.0
92466260,19.0,1.0
92466261,20.0,0.0
92466262,21.0,0.0
92466263,18.0,2.0
92466264,19.0,1.0
92466265,21.0,0.0
92466266,19.0,1.0
92466267,20.0,0.0
92466268,20.0,1.0
92466269,19.0,1.0
92466270,20.0,1.0
92466271,22.0,1.0
92466272,21.0,0.0
92466273,20.0,0.0
92466274,21.0,0.0
92466275,19.0,2.0
92466276,19.0,1.0
92466277,20.0,0.0
92466278,18.0,2.0
92466279,4.0,16.0
92466280,18.0,2.0
92466281,19.0,2.0
92466282,10.0,10.0
92466283,20.0,0.0
92466284,21.0,0.0
92466285,20.0,0.0
92466286,20.0,0.0
92466287,20.0,0.0
92466288,19.0,1.0
92466289,20.0,0.0
92466290,20.0,0.0
92466291,21.0,0.0
92466292,18.0,2.0
92466293,20.0,1.0
92466294,20.0,0.0
92466295,20.0,1.0
92466296,21.0,0.0
92466297,21.0,0.0
92466298,20.0,0.0
92466299,15.0,5.0
92466300,19.0,1.0
92466301,20.0,0.0
92466302,20.0,1.0
92466303,20.0,0.0
92466305,18.0,2.0
92466306,19.0,1.0
92466307,20.0,0.0
92466308,19.0,1.0
92466309,19.0,1.0
92466310,21.0,0.0
92466311,20.0,0.0
92466312,20.0,0.0
92466313,20.0,0.0
92466314,21.0,0.0
92466315,7.0,13.0
92466316,19.0,1.0
92466317,20.0,1.0
92466318,20.0,0.0
92466319,20.0,0.0
92466320,20.0,0.0
92466321,20.0,0.0
92466322,21.0,0.0
92466323,20.0,1.0
92466324,19.0,1.0
92466325,20.0,0.0
92466326,20.0,0.0
92466327,19.0,1.0
92466328,19.0,1.0
92466329,21.0,0.0
92466330,20.0,0.0
92466331,20.0,0.0
92466333,19.0,1.0
92466334,21.0,0.0
92466335,20.0,0.0
92466336,20.0,0.0
92466337,19.0,1.0
92466338,20.0,1.0
92466339,11.0,9.0
92466340,19.0,1.0
92466341,21.0,0.0
92466342,15.0,5.0
92466343,16.0,4.0
92466344,19.0,1.0
92466345,19.0,1.0
92466346,20.0,0.0
92466347,20.0,0.0
92466348,21.0,0.0
92466349,20.0,0.0
92466350,20.0,0.0
92466351,20.0,0.0
92466352,20.0,0.0
92466353,21.0,0.0
92466354,21.0,0.0
92466355,20.0,0.0
92466356,21.0,0.0
92466358,21.0,0.0
92466359,20.0,0.0
92466360,19.0,1.0
92466361,20.0,0.0
92466362,18.0,2.0
92466363,18.0,2.0
92466364,19.0,1.0
92466365,20.0,0.0
92466366,20.0,1.0
92466367,20.0,0.0
92466368,14.0,7.0
92466369,20.0,0.0
92466370,20.0,0.0
92466371,20.0,0.0
92466372,18.0,2.0
92466373,19.0,1.0
92466374,20.0,0.0
92466375,20.0,0.0
92466376,22.0,0.0
92466377,20.0,0.0
92466378,20.0,0.0
92466379,19.0,1.0
92466380,18.0,2.0
92466381,19.0,1.0
92466382,20.0,0.0
92466383,19.0,1.0
92466384,20.0,0.0
92466385,17.0,4.0
92466386,21.0,0.0
92466387,20.0,1.0
92466388,21.0,0.0
92466389,19.0,1.0
92466390,1.0,19.0
92466391,20.0,0.0
92466392,20.0,0.0
92466393,17.0,4.0
92466394,20.0,1.0
92466395,20.0,0.0
92466396,20.0,0.0
92466397,20.0,0.0
92466398,19.0,1.0
92466399,20.0,0.0
92466400,20.0,0.0
92466401,24.0,0.0
92466402,17.0,3.0
92466403,20.0,1.0
92466404,20.0,1.0
92466405,21.0,0.0
92466406,18.0,2.0
92466407,20.0,0.0
92466408,18.0,2.0
92466409,21.0,0.0
92466410,21.0,0.0
92466411,20.0,0.0
92466412,20.0,0.0
92466413,20.0,0.0
92466414,19.0,1.0
92466415,20.0,1.0
92466416,20.0,0.0
92466417,20.0,0.0
92466418,20.0,0.0
92466419,20.0,0.0
92466420,20.0,0.0
92466421,18.0,2.0
92466422,19.0,1.0
92466423,20.0,0.0
92466424,20.0,0.0
92466425,20.0,0.0
92466426,20.0,0.0
92466427,21.0,0.0
92466428,19.0,1.0
92466429,20.0,1.0
92466430,20.0,0.0
92466431,20.0,0.0
92466432,22.0,0.0
92466433,20.0,0.0
92466434,20.0,0.0
92466435,18.0,2.0
92466436,18.0,2.0
92466437,20.0,0.0
92466438,20.0,1.0
92466440,19.0,1.0
92466441,20.0,0.0
92466442,20.0,0.0
92466443,22.0,0.0
92466444,19.0,1.0
92466445,19.0,1.0
92466446,20.0,0.0
92466447,20.0,1.0
92466448,19.0,1.0
92466449,20.0,0.0
92466450,20.0,0.0
92466451,20.0,0.0
92466452,21.0,0.0
92466453,20.0,0.0
92466454,19.0,1.0
92466455,20.0,0.0
92466456,20.0,0.0
92466457,20.0,0.0
92466458,19.0,1.0
92466459,19.0,1.0
92466460,20.0,0.0
92466461,18.0,2.0
92466462,20.0,0.0
92466463,20.0,0.0
92466464,20.0,2.0
92466465,20.0,0.0
92466466,19.0,1.0
92466467,20.0,0.0
92466468,18.0,2.0
92466469,20.0,0.0
92466470,20.0,0.0
92466471,12.0,8.0
92466472,21.0,0.0
92466473,20.0,0.0
92466474,19.0,1.0
92466475,21.0,0.0
92466476,21.0,0.0
92466477,20.0,0.0
92466478,21.0,0.0
92466479,18.0,2.0
92466480,20.0,0.0
92466481,20.0,0.0
92466482,19.0,1.0
92466483,21.0,0.0
92466484,19.0,1.0
92466485,20.0,0.0
92466486,20.0,0.0
92466487,19.0,1.0
92466488,20.0,0.0
92466489,21.0,0.0
92466490,19.0,1.0
92466491,18.0,2.0
92466492,20.0,0.0
92466493,20.0,1.0
92466494,18.0,2.0
92466495,21.0,0.0
92466496,20.0,0.0
92466497,19.0,1.0
92466498,20.0,0.0
92466499,20.0,0.0
92466500,20.0,1.0
92466501,19.0,1.0
92466502,20.0,0.0
92466504,21.0,1.0
92466505,20.0,1.0
92466506,19.0,1.0
92466507,18.0,2.0
92466508,21.0,0.0
92466509,20.0,0.0
92466510,19.0,1.0
92466511,20.0,0.0
92466512,18.0,2.0
92466513,20.0,0.0
92466514,17.0,4.0
92466515,5.0,15.0
92466516,21.0,0.0
92466517,19.0,2.0
92466518,18.0,2.0
92466519,20.0,1.0
92466520,19.0,1.0
92466521,20.0,0.0
92466522,19.0,2.0
92466523,20.0,0.0
92466524,11.0,9.0
92466525,18.0,2.0
92466526,17.0,3.0
92466527,19.0,1.0
92466528,20.0,0.0
92466529,19.0,1.0
92466530,20.0,0.0
92466531,19.0,1.0
92466532,19.0,1.0
92466533,21.0,0.0
92466534,19.0,1.0
92466535,19.0,1.0
92466536,20.0,1.0
92466537,21.0,0.0
92466538,6.0,14.0
92466539,19.0,1.0
92466540,21.0,1.0
92466541,20.0,0.0
92466542,19.0,1.0
92466543,10.0,10.0
92466544,20.0,0.0
92466545,19.0,1.0
92466546,21.0,0.0
92466547,19.0,1.0
92466548,20.0,0.0
92466549,20.0,0.0
92466550,20.0,1.0
92466551,20.0,0.0
92466552,18.0,2.0
92466553,20.0,1.0
92466554,20.0,0.0
92466555,19.0,1.0
92466556,21.0,0.0
92466557,18.0,2.0
92466558,20.0,0.0
92466559,20.0,0.0
92466560,20.0,0.0
92466561,18.0,2.0
92466562,19.0,1.0
92466563,20.0,0.0
92466564,19.0,1.0
92466565,21.0,0.0
92466566,11.0,9.0
92466567,20.0,0.0
92466568,18.0,2.0
92466569,19.0,1.0
92466570,19.0,1.0
92466571,20.0,1.0
92466572,21.0,0.0
92466573,20.0,0.0
92466574,19.0,1.0
92466575,21.0,0.0
92466576,19.0,1.0
92466577,21.0,0.0
92466578,22.0,4.0
92466579,21.0,0.0
92466580,20.0,1.0
92466581,20.0,0.0
92466582,21.0,0.0
92466583,21.0,0.0
92466584,19.0,1.0
92466585,18.0,2.0
92466586,19.0,1.0
92466588,19.0,1.0
92466589,20.0,0.0
92466590,21.0,0.0
92466591,16.0,4.0
92466592,20.0,0.0
92466593,20.0,0.0
92466594,20.0,0.0
92466595,20.0,0.0
92466596,17.0,3.0
92466597,17.0,3.0
92466598,21.0,0.0
92466599,21.0,0.0
92466600,19.0,1.0
92466601,8.0,13.0
92466602,19.0,1.0
92466603,21.0,0.0
92466604,20.0,0.0
92466605,19.0,1.0
92466606,20.0,0.0
92466607,20.0,0.0
92466608,21.0,1.0
92466609,19.0,1.0
92466610,20.0,0.0
92466612,21.0,0.0
92466613,19.0,1.0
92466614,20.0,0.0
92466615,20.0,0.0
92466616,21.0,0.0
92466617,19.0,2.0
92466618,20.0,1.0
92466619,19.0,1.0
92466620,20.0,1.0
92466621,19.0,1.0
92466622,19.0,3.0
92466623,20.0,0.0
92466624,21.0,0.0
92466625,20.0,0.0
92466626,21.0,1.0
92466627,20.0,0.0
92466629,18.0,2.0
92466630,18.0,2.0
92466631,18.0,2.0
92466632,19.0,1.0
92466633,19.0,1.0
92466634,19.0,1.0
92466635,20.0,1.0
92466636,20.0,0.0
92466637,19.0,1.0
92466638,18.0,2.0
92466653,20.0,0.0
92466654,20.0,0.0
92466655,20.0,0.0
92466656,18.0,2.0
92466657,21.0,0.0
92466658,20.0,0.0
92466659,20.0,0.0
92466660,20.0,0.0
92466661,20.0,0.0
92466662,19.0,1.0
92466663,19.0,2.0
92466664,19.0,1.0
92466665,18.0,2.0
92466667,18.0,2.0
92466668,19.0,1.0
92466669,19.0,1.0
92466670,20.0,0.0
92466671,21.0,0.0
92466672,20.0,0.0
92466673,21.0,0.0
92466674,19.0,2.0
92466675,20.0,0.0
92466676,21.0,0.0
92466677,17.0,3.0
92466678,20.0,0.0
92466679,19.0,1.0
92466680,20.0,2.0
92466681,19.0,1.0
92466682,21.0,0.0
92466683,20.0,0.0
92466684,20.0,0.0
92466685,20.0,1.0
92466686,19.0,2.0
92466687,21.0,0.0
92466688,21.0,0.0
92466689,20.0,0.0
92466690,20.0,0.0
92466691,19.0,1.0
92466692,19.0,1.0
92466693,19.0,1.0
92466694,21.0,0.0
92466695,19.0,1.0
92466696,19.0,1.0
92466697,20.0,1.0
92466698,20.0,0.0
92466699,21.0,0.0
92466700,21.0,7.0
92466701,21.0,0.0
92466702,20.0,0.0
92466703,19.0,1.0
92466704,20.0,0.0
92466705,18.0,3.0
92466706,20.0,1.0
92466707,21.0,0.0
92466708,20.0,0.0
92466709,20.0,0.0
92466710,20.0,0.0
92466711,19.0,1.0
92466712,20.0,1.0
92466713,20.0,1.0
92466714,20.0,1.0
92466715,19.0,1.0
92466716,20.0,0.0
92466717,20.0,0.0
92466718,21.0,0.0
92466719,19.0,1.0
92466720,20.0,0.0
92466721,20.0,0.0
92466722,20.0,0.0
92466723,20.0,0.0
92466724,20.0,0.0
92466725,20.0,0.0
92466726,26.0,0.0
92466727,19.0,1.0
92466728,20.0,0.0
92466729,21.0,0.0
92466730,19.0,2.0
92466731,21.0,0.0
92466732,21.0,0.0
92466733,20.0,0.0
92466734,19.0,1.0
92466735,19.0,1.0
92466736,19.0,1.0
92466737,19.0,1.0
92466738,20.0,0.0
92466739,20.0,1.0
92466740,20.0,0.0
92466741,21.0,0.0
92466742,20.0,0.0
92466743,19.0,1.0
92466744,19.0,1.0
92466745,20.0,0.0
92466746,18.0,2.0
92466747,19.0,1.0
92466748,19.0,1.0
92466749,19.0,2.0
92466750,20.0,0.0
92466751,19.0,1.0
92466752,21.0,0.0
92466753,20.0,0.0
92466754,21.0,0.0
92466755,18.0,2.0
92466756,18.0,2.0
92466757,20.0,0.0
92466758,20.0,0.0
92466759,19.0,1.0
92466760,18.0,2.0
92466761,21.0,0.0
92466762,21.0,1.0
92466763,16.0,4.0
92466764,19.0,1.0
92466765,21.0,1.0
92466766,20.0,0.0
92466767,18.0,2.0
92466768,20.0,0.0
92466769,18.0,2.0
92466770,20.0,0.0
92466771,20.0,1.0
92466772,20.0,0.0
92466773,20.0,0.0
92466774,19.0,1.0
92466775,20.0,0.0
92466776,20.0,0.0
92466777,20.0,0.0
92466778,19.0,1.0
92466779,19.0,1.0
92466780,20.0,0.0
92466781,20.0,0.0
92466782,20.0,0.0
92466783,20.0,0.0
92466784,20.0,1.0
92466785,20.0,1.0
92466786,19.0,1.0
92466787,20.0,0.0
92466788,20.0,0.0
92466789,18.0,2.0
92466790,20.0,0.0
92466791,22.0,0.0
92466792,20.0,1.0
92466793,19.0,1.0
92466794,19.0,3.0
92466795,19.0,1.0
92466796,18.0,2.0
92466797,18.0,2.0
92466798,19.0,1.0
92466799,17.0,3.0
92466800,19.0,1.0
92466801,20.0,0.0
92466802,19.0,2.0
92466803,20.0,0.0
92466804,22.0,0.0
92466805,20.0,0.0
92466807,20.0,0.0
92466808,21.0,0.0
92466809,17.0,3.0
92466810,19.0,1.0
92466811,20.0,1.0
92466812,19.0,1.0
92466813,19.0,1.0
92466814,18.0,2.0
92466815,19.0,1.0
92466816,19.0,1.0
92466817,20.0,0.0
92466818,20.0,0.0
92466819,20.0,0.0
92466820,18.0,5.0
92466821,20.0,2.0
92466822,19.0,1.0
92466823,20.0,0.0
92466824,19.0,1.0
92466825,19.0,1.0
92466826,19.0,1.0
92466827,20.0,0.0
92466828,20.0,0.0
92466829,20.0,0.0
92466830,19.0,2.0
92466831,20.0,0.0
92466832,20.0,0.0
92466833,18.0,2.0
92466834,20.0,0.0
92466835,22.0,0.0
92466836,18.0,2.0
92466837,20.0,0.0
92466838,19.0,1.0
92466839,17.0,3.0
92466840,18.0,2.0
92466841,17.0,3.0
92466842,18.0,2.0
92466843,19.0,1.0
92466844,19.0,1.0
92466846,19.0,1.0
92466847,20.0,0.0
92466848,22.0,0.0
92466849,20.0,0.0
92466850,20.0,0.0
92466851,19.0,1.0
92466852,19.0,2.0
92466853,19.0,1.0
92466854,20.0,0.0
92466855,19.0,1.0
92466856,19.0,1.0
92466857,18.0,2.0
92466858,19.0,1.0
92466859,18.0,2.0
92466860,19.0,1.0
92466861,15.0,5.0
92466862,19.0,1.0
92466863,21.0,0.0
92466864,20.0,0.0
92466865,20.0,0.0
92466866,20.0,0.0
92466867,19.0,1.0
92466868,18.0,2.0
92466869,19.0,2.0
92466870,19.0,1.0
92466871,18.0,2.0
92466872,20.0,0.0
92466873,20.0,1.0
92466874,19.0,1.0
92466875,20.0,0.0
92466876,20.0,0.0
92466877,18.0,2.0
92466878,19.0,1.0
92466879,19.0,1.0
92466880,21.0,0.0
92466881,20.0,0.0
92466882,18.0,2.0
92466883,20.0,0.0
92466884,19.0,1.0
92466885,20.0,0.0
92466886,21.0,0.0
92466887,21.0,0.0
92466888,20.0,0.0
92466889,20.0,0.0
92466890,20.0,0.0
92466891,20.0,0.0
92466892,19.0,1.0
92466893,21.0,0.0
92466894,15.0,5.0
92466895,20.0,1.0
92466896,18.0,2.0
92466897,19.0,1.0
92466898,20.0,1.0
92466899,20.0,0.0
92466900,21.0,0.0
92466901,19.0,1.0
92466902,20.0,0.0
92466904,32.0,0.0
92466905,21.0,0.0
92466906,20.0,0.0
92466907,19.0,1.0
92466908,20.0,0.0
92466909,21.0,0.0
92466910,20.0,0.0
92466911,19.0,1.0
92466912,19.0,2.0
92466913,19.0,1.0
92466914,20.0,0.0
92466915,20.0,1.0
92466916,19.0,2.0
92466917,20.0,0.0
92466918,20.0,1.0
92466920,21.0,0.0
92466921,20.0,1.0
92466922,18.0,2.0
92466923,20.0,0.0
92466924,21.0,0.0
92466925,17.0,4.0
92466926,20.0,1.0
92466927,19.0,1.0
92466928,21.0,0.0
92466929,19.0,1.0
92466930,21.0,0.0
92466931,20.0,0.0
92466932,20.0,1.0
92466933,20.0,0.0
92466934,20.0,0.0
92466935,19.0,1.0
92466936,18.0,2.0
92466937,20.0,0.0
92466938,20.0,0.0
92466939,20.0,0.0
92466940,19.0,1.0
92466941,20.0,0.0
92466942,20.0,0.0
92466943,19.0,1.0
92466945,20.0,0.0
92466946,21.0,0.0
92466947,8.0,12.0
92466948,20.0,0.0
92466949,20.0,0.0
92466950,20.0,0.0
92466951,19.0,1.0
92466952,19.0,1.0
92466953,20.0,0.0
92466954,19.0,1.0
92466955,20.0,0.0
92466956,20.0,0.0
92466957,20.0,0.0
92466958,20.0,0.0
92466959,20.0,0.0
92466960,19.0,1.0
92466961,19.0,1.0
92466962,19.0,1.0
92466963,18.0,2.0
92466964,21.0,0.0
92466965,20.0,0.0
92466966,20.0,0.0
92466967,20.0,0.0
92466968,18.0,2.0
92466969,20.0,0.0
92466970,20.0,1.0
92466971,21.0,0.0
92466972,19.0,2.0
92466973,19.0,1.0
92466974,20.0,0.0
92466975,19.0,1.0
92466976,19.0,1.0
92466977,18.0,2.0
92466978,20.0,0.0
92466979,20.0,0.0
92466980,19.0,1.0
92466981,20.0,0.0
92466982,21.0,1.0
92466983,19.0,1.0
92466984,20.0,0.0
92466985,20.0,0.0
92466986,20.0,0.0
92466987,18.0,2.0
92466988,21.0,0.0
92466989,20.0,0.0
92466990,20.0,0.0
92466991,20.0,0.0
92466992,19.0,1.0
92466993,20.0,0.0
92466994,21.0,0.0
92466995,20.0,0.0
92466996,20.0,1.0
92466997,20.0,0.0
92466998,22.0,0.0
92466999,19.0,1.0
92467000,21.0,0.0
92467001,19.0,1.0
92467002,21.0,0.0
92467003,18.0,2.0
92467004,18.0,2.0
92467005,20.0,0.0
92467006,19.0,1.0
92467007,19.0,1.0
92467008,19.0,1.0
92467009,18.0,2.0
92467010,20.0,0.0
92467011,20.0,0.0
92467012,20.0,0.0
92467013,20.0,0.0
92467014,19.0,1.0
92467015,22.0,0.0
92467016,20.0,0.0
92467017,20.0,0.0
92467018,19.0,1.0
92467019,20.0,0.0
92467020,20.0,0.0
92467021,20.0,0.0
92467022,20.0,1.0
92467023,22.0,0.0
92467024,20.0,1.0
92467025,18.0,2.0
92467026,18.0,2.0
92467027,20.0,0.0
92467028,19.0,1.0
92467029,19.0,1.0
92467030,19.0,1.0
92467031,19.0,1.0
92467032,20.0,1.0
92467033,19.0,1.0
92467034,20.0,0.0
92467035,20.0,0.0
92467036,21.0,0.0
92467037,19.0,1.0
92467038,20.0,0.0
92467039,20.0,0.0
92467040,19.0,1.0
92467041,20.0,0.0
92467042,17.0,3.0
92467043,19.0,1.0
92467044,18.0,2.0
92467046,20.0,0.0
92467047,19.0,1.0
92467048,18.0,2.0
92467049,20.0,0.0
92467050,19.0,1.0
92467051,20.0,0.0
92467052,21.0,0.0
92467053,21.0,0.0
92467054,20.0,1.0
92467055,20.0,0.0
92467056,20.0,0.0
92467057,20.0,0.0
92467058,20.0,0.0
92467059,19.0,1.0
92467060,19.0,1.0
92467061,20.0,0.0
92467062,18.0,2.0
92467063,20.0,0.0
92467064,18.0,2.0
92467065,19.0,2.0
92467066,21.0,0.0
92467067,18.0,2.0
92467068,20.0,0.0
92467069,20.0,0.0
92467070,19.0,1.0
92467071,18.0,2.0
92467072,20.0,0.0
92467073,20.0,0.0
92467074,20.0,0.0
92467075,19.0,1.0
92467076,17.0,3.0
92467077,21.0,0.0
92467078,18.0,2.0
92467079,19.0,1.0
92467080,20.0,0.0
92467081,20.0,1.0
92467082,20.0,0.0
92467083,19.0,1.0
92467084,20.0,0.0
92467085,19.0,1.0
92467086,20.0,0.0
92467087,21.0,0.0
92467088,21.0,0.0
92467089,19.0,1.0
92467090,19.0,1.0
92467091,19.0,1.0
92467092,18.0,3.0
92467093,21.0,0.0
92467094,21.0,0.0
92467095,19.0,1.0
92467096,20.0,0.0
92467097,21.0,0.0
92467098,17.0,3.0
92467099,20.0,1.0
92467100,21.0,0.0
92467101,20.0,0.0
92467102,19.0,1.0
92467103,19.0,1.0
92467104,20.0,0.0
92467105,20.0,0.0
92467106,20.0,0.0
92467107,21.0,0.0
92467109,21.0,0.0
92467110,21.0,0.0
92467111,20.0,0.0
92467112,20.0,0.0
92467113,20.0,0.0
92467115,19.0,1.0
92467116,19.0,1.0
92467117,19.0,1.0
92467118,19.0,1.0
92467119,20.0,1.0
92467120,20.0,0.0
92467121,20.0,0.0
92467122,20.0,0.0
92467123,19.0,1.0
92467124,19.0,1.0
92467125,21.0,0.0
92467126,20.0,0.0
92467127,19.0,1.0
92467128,21.0,0.0
92467129,19.0,1.0
92467130,19.0,1.0
92467131,21.0,0.0
92467132,19.0,3.0
92467133,19.0,1.0
92467134,20.0,1.0
92467136,20.0,0.0
92467137,20.0,0.0
92467138,19.0,1.0
92467139,20.0,0.0
92467140,20.0,0.0
92467141,20.0,0.0
92467142,18.0,2.0
92467143,20.0,0.0
92467144,16.0,4.0
92467145,20.0,0.0
92467146,20.0,0.0
92467147,19.0,1.0
92467148,18.0,2.0
92467149,21.0,1.0
92467150,19.0,1.0
92467151,20.0,0.0
92467153,19.0,2.0
92467154,19.0,1.0
92467155,21.0,0.0
92467156,21.0,0.0
92467157,20.0,0.0
92467158,19.0,1.0
92467159,19.0,1.0
92467160,20.0,0.0
92467161,20.0,1.0
92467162,21.0,0.0
92467163,19.0,1.0
92467164,20.0,0.0
92467165,20.0,0.0
92467166,20.0,0.0
92467167,20.0,0.0
92467168,20.0,0.0
92467169,19.0,1.0
92467170,18.0,2.0
92467171,20.0,0.0
92467172,20.0,0.0
92467173,20.0,0.0
92467174,18.0,3.0
92467175,19.0,2.0
92467176,20.0,0.0
92467177,20.0,0.0
92467426,18.0,2.0
92467427,19.0,1.0
92467428,20.0,0.0
92467429,20.0,0.0
92467430,19.0,1.0
92467431,20.0,0.0
92467432,19.0,2.0
92467433,19.0,1.0
92467434,20.0,0.0
92467435,19.0,1.0
92467436,19.0,1.0
92467437,21.0,0.0
92467438,20.0,0.0
92467439,21.0,0.0
92467440,20.0,1.0
92467441,20.0,1.0
92467442,13.0,7.0
92467443,20.0,0.0
92467444,20.0,0.0
92467445,19.0,1.0
92467446,19.0,1.0
92467447,19.0,1.0
92467448,19.0,1.0
92467450,20.0,0.0
92467451,35.0,0.0
92467452,20.0,0.0
92467454,20.0,0.0
92467455,21.0,0.0
92467456,19.0,1.0
92467458,19.0,1.0
92467461,20.0,0.0
92467463,18.0,2.0
92467464,20.0,0.0
92467466,21.0,0.0
92467467,22.0,0.0
92467469,18.0,2.0
92467470,19.0,1.0
92467472,19.0,1.0
92467473,20.0,0.0
92467475,19.0,1.0
92467477,20.0,0.0
92467478,20.0,0.0
92467480,20.0,0.0
92467482,19.0,1.0
92467483,20.0,0.0
92467485,19.0,1.0
92467487,20.0,0.0
92467488,20.0,0.0
92467490,20.0,0.0
92467492,20.0,0.0
92467493,18.0,3.0
92467494,20.0,0.0
92467495,21.0,0.0
92467496,20.0,0.0
92467498,20.0,0.0
92467499,19.0,1.0
92467500,17.0,3.0
92467501,14.0,7.0
92467502,21.0,0.0
92467503,20.0,1.0
92467504,20.0,0.0
92467505,19.0,1.0
92467506,2.0,18.0
92467507,21.0,0.0
92467508,20.0,0.0
92467509,19.0,1.0
92467510,20.0,0.0
92467511,19.0,1.0
92467512,19.0,2.0
92467513,21.0,1.0
92467514,19.0,1.0
92467515,12.0,8.0
92467516,19.0,1.0
92467517,20.0,1.0
92467518,19.0,1.0
92467519,20.0,0.0
92467520,20.0,0.0
92467521,19.0,1.0
92467522,21.0,0.0
92467523,20.0,0.0
92467524,4.0,16.0
92467525,20.0,1.0
92467526,20.0,0.0
92467528,20.0,1.0
92467529,20.0,0.0
92467530,20.0,0.0
92467532,17.0,3.0
92467533,19.0,1.0
92467534,18.0,2.0
92467536,18.0,2.0
92467537,20.0,0.0
92467538,20.0,0.0
92467540,21.0,0.0
92467541,19.0,1.0
92467543,19.0,1.0
92467545,20.0,1.0
92467546,20.0,0.0
92467548,20.0,1.0
92467550,20.0,0.0
92467551,19.0,2.0
92467553,21.0,0.0
92467555,21.0,0.0
92467557,20.0,0.0
92467558,21.0,0.0
92467560,21.0,0.0
92467562,19.0,3.0
92467563,20.0,0.0
92467565,20.0,0.0
92467566,20.0,0.0
92467568,21.0,0.0
92467570,19.0,1.0
92467572,20.0,0.0
92467573,20.0,0.0
92467575,19.0,2.0
92467577,18.0,2.0
92467579,21.0,0.0
92467581,19.0,1.0
92467583,19.0,1.0
92467585,20.0,0.0
92467587,10.0,10.0
92467589,20.0,0.0
92467591,16.0,4.0
92467592,20.0,0.0
92467594,11.0,9.0
92467596,20.0,0.0
92467598,20.0,0.0
92467600,20.0,0.0
92467602,21.0,0.0
92467604,19.0,1.0
92467606,19.0,1.0
92467608,20.0,1.0
92467609,20.0,0.0
92467611,8.0,12.0
92467613,15.0,5.0
92467616,20.0,1.0
92467618,19.0,1.0
92467620,20.0,0.0
92467622,18.0,2.0
92467623,18.0,2.0
92467625,20.0,1.0
92467627,19.0,1.0
92467629,18.0,2.0
92467631,21.0,0.0
92467633,20.0,1.0
92467635,20.0,0.0
92467636,19.0,2.0
92467638,19.0,1.0
92467639,2.0,20.0
92467642,20.0,0.0
92467644,19.0,1.0
92467646,21.0,0.0
92467648,20.0,0.0
92467649,21.0,0.0
92467651,20.0,2.0
92467653,19.0,2.0
92467655,19.0,1.0
92467657,3.0,17.0
92467660,19.0,1.0
92467662,22.0,0.0
92467664,19.0,1.0
92467666,18.0,2.0
92467667,19.0,1.0
92467669,20.0,1.0
92467671,20.0,0.0
92467673,21.0,0.0
92467675,20.0,0.0
92467677,20.0,0.0
92467679,20.0,0.0
92467681,19.0,1.0
92467683,19.0,1.0
92467685,20.0,0.0
92467687,1.0,19.0
92467689,20.0,0.0
92467690,21.0,0.0
92467692,21.0,0.0
92467694,20.0,0.0
92467696,20.0,0.0
92467698,19.0,1.0
92467700,18.0,2.0
92467702,19.0,1.0
92467705,19.0,1.0
92467707,20.0,0.0
92467708,20.0,0.0
92467712,20.0,1.0
92467713,19.0,1.0
92467715,19.0,1.0
92467717,20.0,1.0
92467719,21.0,0.0
92467720,4.0,16.0
92467722,19.0,1.0
92467725,18.0,2.0
92467728,20.0,0.0
92467730,21.0,0.0
92467731,20.0,0.0
92467733,20.0,0.0
92467735,18.0,3.0
92467737,19.0,1.0
92467739,19.0,1.0
92467741,18.0,2.0
92467743,19.0,1.0
92467745,21.0,0.0
92467747,20.0,0.0
92467749,20.0,0.0
92467751,17.0,3.0
92467752,20.0,1.0
92467755,19.0,1.0
92467757,20.0,0.0
92467759,19.0,1.0
92467762,20.0,0.0
92467764,20.0,0.0
92467766,19.0,1.0
92467769,20.0,1.0
92467771,18.0,2.0
92467772,20.0,1.0
92467774,20.0,0.0
92467775,9.0,11.0
92467777,19.0,1.0
92467779,16.0,4.0
92467781,18.0,2.0
92467783,20.0,1.0
92467785,19.0,1.0
92467787,14.0,7.0
92467789,20.0,0.0
92467791,20.0,0.0
92467793,21.0,0.0
92467795,20.0,0.0
92467797,19.0,1.0
92467799,21.0,0.0
92467800,19.0,2.0
92467802,19.0,1.0
92467804,19.0,1.0
92467806,20.0,0.0
92467808,20.0,0.0
92467810,21.0,0.0
92467812,20.0,0.0
92467814,20.0,1.0
92467817,18.0,2.0
92467818,20.0,1.0
92467820,20.0,0.0
92467822,20.0,0.0
92467825,19.0,1.0
92467827,20.0,0.0
92467829,6.0,14.0
92467831,19.0,1.0
92467833,20.0,0.0
92467834,19.0,1.0
92467835,21.0,0.0
92467836,30.0,0.0
92467837,20.0,0.0
92467838,21.0,0.0
92467839,18.0,2.0
92467840,20.0,0.0
92467841,20.0,0.0
92467842,21.0,1.0
92467843,3.0,18.0
92467844,19.0,1.0
92467845,4.0,16.0
92467846,21.0,4.0
92467847,20.0,0.0
92467848,19.0,1.0
92467849,20.0,0.0
92467850,20.0,1.0
92467851,19.0,1.0
92467852,19.0,1.0
92467853,19.0,1.0
92467854,18.0,2.0
92467855,18.0,2.0
92467856,19.0,1.0
92467857,20.0,0.0
92467858,4.0,16.0
92467860,19.0,2.0
92467861,20.0,1.0
92467862,20.0,0.0
92467863,21.0,0.0
92467864,20.0,0.0
92467865,18.0,2.0
92467867,19.0,1.0
92467868,20.0,0.0
92467869,19.0,1.0
92467871,20.0,0.0
92467872,18.0,2.0
92467874,20.0,0.0
92467875,19.0,1.0
92467877,19.0,2.0
92467879,19.0,1.0
92467881,19.0,1.0
92467882,18.0,2.0
92467883,19.0,1.0
92467885,19.0,1.0
92467886,20.0,0.0
92467888,20.0,1.0
92467890,21.0,0.0
92467891,19.0,1.0
92467893,20.0,0.0
92467894,20.0,0.0
92467896,19.0,1.0
92467898,21.0,4.0
92467899,20.0,0.0
92467901,17.0,3.0
92467903,19.0,1.0
92467904,20.0,0.0
92467905,20.0,0.0
92467906,7.0,13.0
92467907,19.0,1.0
92467908,7.0,13.0
92467909,20.0,0.0
92467910,19.0,2.0
92467911,19.0,1.0
92467912,20.0,0.0
92467913,20.0,0.0
92467914,19.0,1.0
92467915,21.0,0.0
92467916,19.0,1.0
92467917,20.0,0.0
92467919,20.0,0.0
92467920,7.0,14.0
92467921,20.0,0.0
92467922,17.0,3.0
92467923,20.0,0.0
92467924,20.0,0.0
92467925,19.0,1.0
92467926,18.0,2.0
92467927,20.0,0.0
92467929,2.0,18.0
92467930,18.0,2.0
92467931,20.0,1.0
92467932,18.0,2.0
92467933,21.0,0.0
92467934,3.0,17.0
92467935,19.0,1.0
92467936,17.0,4.0
92467937,20.0,1.0
92467938,20.0,1.0
92467940,19.0,1.0
92467941,21.0,0.0
92467942,19.0,2.0
92467944,20.0,0.0
92467945,20.0,1.0
92467946,20.0,0.0
92467948,20.0,0.0
92467949,20.0,0.0
92467951,21.0,0.0
92467953,21.0,0.0
92467954,19.0,1.0
92467956,20.0,0.0
92467958,13.0,7.0
92467959,20.0,0.0
92467961,18.0,2.0
92467963,20.0,0.0
92467965,20.0,1.0
92467967,20.0,0.0
92467969,20.0,0.0
92467970,5.0,15.0
92467972,19.0,1.0
92467974,20.0,1.0
92467976,19.0,1.0
92467978,18.0,2.0
92467979,20.0,0.0
92467981,21.0,0.0
92467983,4.0,17.0
92467984,18.0,2.0
92467986,7.0,13.0
92467988,20.0,1.0
92467990,18.0,2.0
92467992,19.0,1.0
92467993,20.0,0.0
92467994,20.0,0.0
92467995,19.0,1.0
92467996,14.0,7.0
92467997,20.0,0.0
92467998,20.0,0.0
92468000,20.0,0.0
92468001,20.0,0.0
92468002,20.0,0.0
92468003,20.0,1.0
92468004,19.0,1.0
92468005,20.0,0.0
92468006,19.0,1.0
92468007,19.0,1.0
92468008,20.0,0.0
92468009,20.0,0.0
92468010,20.0,0.0
92468011,19.0,1.0
92468012,19.0,1.0
92468013,20.0,0.0
92468014,20.0,1.0
92468015,20.0,0.0
92468016,16.0,4.0
92468017,19.0,1.0
92468018,18.0,2.0
92468019,20.0,0.0
92468020,21.0,0.0
92468021,20.0,0.0
92468022,2.0,18.0
92468024,20.0,0.0
92468025,19.0,1.0
92468026,19.0,1.0
92468028,21.0,0.0
92468029,21.0,0.0
92468030,20.0,0.0
92468032,20.0,0.0
92468033,18.0,2.0
92468035,21.0,0.0
92468036,20.0,0.0
92468038,18.0,2.0
92468039,20.0,0.0
92468041,21.0,0.0
92468043,19.0,1.0
92468044,20.0,0.0
92468046,19.0,2.0
92468049,19.0,1.0
92468051,19.0,1.0
92468053,19.0,1.0
92468055,19.0,1.0
92468057,20.0,1.0
92468059,20.0,0.0
92468061,21.0,0.0
92468062,21.0,1.0
92468064,20.0,0.0
92468066,2.0,20.0
92468068,20.0,0.0
92468070,20.0,2.0
92468072,20.0,0.0
92468074,21.0,0.0
92468075,20.0,0.0
92468077,20.0,0.0
92468079,20.0,0.0
92468081,20.0,0.0
92468083,19.0,1.0
92468085,21.0,0.0
92468086,19.0,1.0
92468088,20.0,0.0
92468091,20.0,0.0
92468092,19.0,1.0
92468094,20.0,0.0
92468096,20.0,0.0
92468098,21.0,1.0
92468100,20.0,0.0
92468102,18.0,2.0
92468104,18.0,2.0
92468106,20.0,0.0
92468109,21.0,0.0
92468111,18.0,2.0
92468113,20.0,0.0
92468115,1.0,20.0
92468117,19.0,1.0
92468119,19.0,1.0
92468121,20.0,1.0
92468123,20.0,0.0
92468125,21.0,0.0
92468126,20.0,0.0
92468128,8.0,12.0
92468130,21.0,0.0
92468132,20.0,0.0
92468135,4.0,16.0
92468137,21.0,0.0
92468139,20.0,1.0
92468140,19.0,2.0
92468142,18.0,2.0
92468144,20.0,0.0
92468147,19.0,1.0
92468149,18.0,2.0
92468150,20.0,0.0
92468152,16.0,4.0
92468154,20.0,0.0
92468156,19.0,1.0
92468158,20.0,0.0
92468159,20.0,0.0
92468161,19.0,2.0
92468163,19.0,1.0
92468165,20.0,0.0
92468167,19.0,1.0
92468168,18.0,2.0
92468171,21.0,0.0
92468173,20.0,0.0
92468175,19.0,1.0
92468177,20.0,0.0
92468179,20.0,0.0
92468181,18.0,2.0
92468183,20.0,1.0
92468185,21.0,0.0
92468187,19.0,1.0
92468188,19.0,1.0
92468190,21.0,0.0
92468191,20.0,0.0
92468193,20.0,1.0
92468195,20.0,0.0
92468196,19.0,1.0
92468198,20.0,0.0
92468200,18.0,2.0
92468202,19.0,1.0
92468203,20.0,0.0
92468205,21.0,0.0
92468206,20.0,0.0
92468208,1.0,19.0
92468209,19.0,1.0
92468211,14.0,7.0
92468213,5.0,15.0
92468215,20.0,0.0
92468217,19.0,1.0
92468218,20.0,0.0
92468220,20.0,0.0
92468222,20.0,0.0
92468224,21.0,0.0
92468226,21.0,0.0
92468228,20.0,0.0
92468230,19.0,1.0
92468231,21.0,0.0
92468233,7.0,14.0
92468235,19.0,1.0
92468237,20.0,0.0
92468239,20.0,0.0
92468241,18.0,2.0
92468243,21.0,0.0
92468245,19.0,2.0
92468246,20.0,1.0
92468248,20.0,0.0
92468250,20.0,0.0
92468252,21.0,1.0
92468255,20.0,0.0
92468256,16.0,4.0
92468258,21.0,0.0
92468260,20.0,0.0
92468262,20.0,0.0
92468264,19.0,2.0
92468265,21.0,0.0
92468267,21.0,0.0
92468269,22.0,0.0
92468271,20.0,0.0
92468273,19.0,1.0
92468275,21.0,0.0
92468277,20.0,0.0
92468279,20.0,0.0
92468281,20.0,0.0
92468283,19.0,1.0
92468285,20.0,0.0
92468287,18.0,2.0
92468289,19.0,2.0
92468290,19.0,1.0
92468292,18.0,3.0
92468294,19.0,1.0
92468295,12.0,8.0
92468297,20.0,0.0
92468299,11.0,10.0
92468301,20.0,0.0
92468303,19.0,2.0
92468305,18.0,2.0
92468307,19.0,2.0
92468309,21.0,0.0
92468311,19.0,1.0
92468313,20.0,0.0
92468315,17.0,4.0
92468316,20.0,0.0
92468318,20.0,0.0
92468319,10.0,10.0
92468321,21.0,0.0
92468323,20.0,0.0
92468325,3.0,17.0
92468326,20.0,0.0
92468327,13.0,8.0
92468329,19.0,1.0
92468330,18.0,2.0
92468331,8.0,17.0
92468332,21.0,0.0
92468333,20.0,0.0
92468334,20.0,1.0
92468335,19.0,1.0
92468336,19.0,1.0
92468337,19.0,1.0
92468338,20.0,0.0
92468339,18.0,2.0
92468340,20.0,1.0
92468341,19.0,1.0
92468342,20.0,0.0
92468343,20.0,1.0
92468344,19.0,1.0
92468345,21.0,0.0
92468346,21.0,0.0
92468347,20.0,0.0
92468348,21.0,0.0
92468349,20.0,0.0
92468350,21.0,0.0
92468351,20.0,1.0
92468352,19.0,1.0
92468353,20.0,0.0
92468354,21.0,0.0
92468355,20.0,0.0
92468356,8.0,12.0
92468357,21.0,0.0
92468358,19.0,1.0
92468359,20.0,0.0
92468360,22.0,0.0
92468362,18.0,3.0
92468363,20.0,0.0
92468364,14.0,8.0
92468365,13.0,7.0
92468367,23.0,5.0
92468368,21.0,0.0
92468369,17.0,3.0
92468371,19.0,2.0
92468372,16.0,5.0
92468374,20.0,1.0
92468376,21.0,0.0
92468377,20.0,0.0
92468379,20.0,0.0
92468381,18.0,2.0
92468383,20.0,1.0
92468385,18.0,2.0
92468387,20.0,0.0
92468388,20.0,1.0
92468390,20.0,1.0
92468391,20.0,0.0
92468394,19.0,1.0
92468396,20.0,0.0
92468398,19.0,1.0
92468400,21.0,0.0
92468401,20.0,0.0
92468403,18.0,2.0
92468405,19.0,1.0
92468407,3.0,17.0
92468409,20.0,0.0
92468411,20.0,1.0
92468413,18.0,2.0
92468415,19.0,1.0
92468417,18.0,2.0
92468419,19.0,1.0
92468421,3.0,17.0
92468423,6.0,15.0
92468425,18.0,2.0
92468427,20.0,0.0
92468429,20.0,0.0
92468430,4.0,16.0
92468432,18.0,2.0
92468434,2.0,18.0
92468436,20.0,1.0
92468438,18.0,2.0
92468441,20.0,0.0
92468443,20.0,0.0
92468444,20.0,1.0
92468446,19.0,1.0
92468448,21.0,0.0
92468449,9.0,12.0
92468451,20.0,0.0
92468453,7.0,13.0
92468455,20.0,0.0
92468456,19.0,1.0
92468458,14.0,6.0
92468460,19.0,1.0
92468462,2.0,19.0
92468464,19.0,1.0
92468465,20.0,0.0
92468467,19.0,1.0
92468469,18.0,3.0
92468471,21.0,0.0
92468473,20.0,0.0
92468474,19.0,1.0
92468476,20.0,0.0
92468478,21.0,0.0
92468480,21.0,0.0
92468481,21.0,1.0
92468484,22.0,0.0
92468486,21.0,0.0
92468488,8.0,12.0
92468490,20.0,0.0
92468492,21.0,0.0
92468494,20.0,1.0
92468497,18.0,2.0
92468498,19.0,1.0
92468500,21.0,0.0
92468501,19.0,1.0
92468503,19.0,1.0
92468505,19.0,1.0
92468507,17.0,3.0
92468509,19.0,1.0
92468511,19.0,1.0
92468513,19.0,1.0
92468515,21.0,0.0
92468517,19.0,2.0
92468519,20.0,0.0
92468521,20.0,1.0
92468523,19.0,1.0
92468525,20.0,0.0
92468526,20.0,0.0
92468529,20.0,0.0
92468530,18.0,2.0
92468532,19.0,1.0
92468534,19.0,2.0
92468536,18.0,2.0
92468538,19.0,1.0
92468540,19.0,1.0
92468542,21.0,0.0
92468543,19.0,1.0
92468544,20.0,0.0
92468545,18.0,2.0
92468546,20.0,0.0
92468547,18.0,2.0
92468549,19.0,1.0
92468550,21.0,0.0
92468551,20.0,0.0
92468553,21.0,0.0
92468554,22.0,0.0
92468555,20.0,1.0
92468556,15.0,5.0
92468557,20.0,0.0
92468558,19.0,1.0
92468559,20.0,0.0
92468560,20.0,0.0
92468561,20.0,0.0
92468562,18.0,2.0
92468563,20.0,1.0
92468564,20.0,0.0
92468565,19.0,1.0
92468566,21.0,0.0
92468567,18.0,2.0
92468568,19.0,1.0
92468569,18.0,2.0
92468570,19.0,1.0
92468571,19.0,1.0
92468572,19.0,1.0
92468573,18.0,2.0
92468574,20.0,0.0
92468575,14.0,6.0
92468578,19.0,1.0
92468579,19.0,1.0
92468581,20.0,0.0
92468582,18.0,2.0
92468584,19.0,1.0
92468585,20.0,0.0
92468586,19.0,1.0
92468588,20.0,0.0
92468589,19.0,1.0
92468591,20.0,0.0
92468592,19.0,1.0
92468594,10.0,10.0
92468596,19.0,1.0
92468598,19.0,1.0
92468600,20.0,0.0
92468602,18.0,2.0
92468604,21.0,0.0
92468606,20.0,0.0
92468608,8.0,12.0
92468609,18.0,2.0
92468611,20.0,0.0
92468613,19.0,1.0
92468615,20.0,0.0
92468617,4.0,16.0
92468619,5.0,15.0
92468621,20.0,0.0
92468622,19.0,2.0
92468624,20.0,1.0
92468625,12.0,8.0
92468627,20.0,0.0
92468629,15.0,5.0
92468631,0.0,20.0
92468633,20.0,0.0
92468635,19.0,1.0
92468636,20.0,1.0
92468637,21.0,0.0
92468638,20.0,0.0
92468639,19.0,1.0
92468640,19.0,1.0
92468641,19.0,1.0
92468643,19.0,2.0
92468644,20.0,1.0
92468645,5.0,15.0
92468646,19.0,1.0
92468647,19.0,1.0
92468648,18.0,2.0
92468649,19.0,1.0
92468650,20.0,0.0
92468651,20.0,0.0
92468652,20.0,1.0
92468653,20.0,1.0
92468654,20.0,0.0
92468655,20.0,0.0
92468656,19.0,2.0
92468657,6.0,14.0
92468658,17.0,3.0
92468659,19.0,1.0
92468660,20.0,0.0
92468661,20.0,0.0
92468662,20.0,0.0
92468663,20.0,0.0
92468664,18.0,2.0
92468665,19.0,1.0
92468666,19.0,2.0
92468667,19.0,1.0
92468668,18.0,2.0
92468669,20.0,1.0
92468671,19.0,1.0
92468672,20.0,1.0
92468673,19.0,1.0
92468674,19.0,1.0
92468675,20.0,0.0
92468676,20.0,0.0
92468677,19.0,2.0
92468678,20.0,0.0
92468679,19.0,2.0
92468681,19.0,1.0
92468682,20.0,0.0
92468684,20.0,1.0
92468685,20.0,0.0
92468686,19.0,1.0
92468688,19.0,1.0
92468689,20.0,1.0
92468690,19.0,1.0
92468691,21.0,0.0
92468692,20.0,0.0
92468693,20.0,0.0
92468694,20.0,0.0
92468696,20.0,0.0
92468697,20.0,0.0
92468698,20.0,0.0
92468700,21.0,0.0
92468701,20.0,0.0
92468703,20.0,1.0
92468704,18.0,2.0
92468705,20.0,1.0
92468706,4.0,16.0
92468708,11.0,9.0
92468709,20.0,0.0
92468711,21.0,0.0
92468712,19.0,2.0
92468713,20.0,1.0
92468714,17.0,3.0
92468715,20.0,0.0
92468716,20.0,0.0
92468718,6.0,15.0
92468719,20.0,1.0
92468720,19.0,1.0
92468721,20.0,0.0
92468722,20.0,1.0
92468723,18.0,2.0
92468724,19.0,1.0
92468725,19.0,1.0
92468726,21.0,0.0
92468727,20.0,0.0
92468728,20.0,1.0
92468729,19.0,1.0
92468730,21.0,0.0
92468731,18.0,3.0
92468732,20.0,0.0
92468733,21.0,0.0
92468734,20.0,0.0
92468735,20.0,0.0
92468736,20.0,0.0
92468737,20.0,0.0
92468738,21.0,0.0
92468739,19.0,1.0
92468740,20.0,1.0
92468741,20.0,0.0
92468742,17.0,3.0
92468743,21.0,0.0
92468745,5.0,16.0
92468746,20.0,0.0
92468747,19.0,1.0
92468748,20.0,0.0
92468750,19.0,1.0
92468751,19.0,1.0
92468752,20.0,1.0
92468753,19.0,1.0
92468755,21.0,0.0
92468756,21.0,0.0
92468757,20.0,0.0
92468759,20.0,0.0
92468760,21.0,1.0
92468761,19.0,1.0
92468763,20.0,0.0
92468764,19.0,1.0
92468766,19.0,1.0
92468768,21.0,0.0
92468769,20.0,0.0
92468771,19.0,1.0
92468772,20.0,0.0
92468774,19.0,1.0
92468775,20.0,0.0
92468777,20.0,0.0
92468779,19.0,1.0
92468780,18.0,2.0
92468782,19.0,1.0
92468783,20.0,1.0
92468785,20.0,0.0
92468787,20.0,0.0
92468788,5.0,16.0
92468790,21.0,0.0
92468792,20.0,1.0
92468793,20.0,0.0
92468795,19.0,2.0
92468796,20.0,0.0
92468798,21.0,0.0
92468799,18.0,2.0
92468801,20.0,0.0
92468803,20.0,0.0
92468804,20.0,0.0
92468806,19.0,1.0
92468808,19.0,1.0
92468810,19.0,2.0
92468812,19.0,1.0
92468813,20.0,0.0
92468815,21.0,0.0
92468817,5.0,15.0
92468819,22.0,0.0
92468820,20.0,0.0
92468822,20.0,1.0
92468823,18.0,2.0
92468825,8.0,13.0
92468827,21.0,0.0
92468828,19.0,2.0
92468830,19.0,1.0
92468832,19.0,1.0
92468833,21.0,1.0
92468835,19.0,1.0
92468837,19.0,1.0
92468839,21.0,0.0
92468840,20.0,0.0
92468843,19.0,1.0
92468845,20.0,0.0
92468846,18.0,2.0
92468848,20.0,0.0
92468850,22.0,0.0
92468851,19.0,1.0
92468853,20.0,0.0
92468855,20.0,0.0
92468857,20.0,1.0
92468859,11.0,9.0
92468860,18.0,2.0
92468862,19.0,1.0
92468864,21.0,0.0
92468865,17.0,3.0
92468867,19.0,1.0
92468869,19.0,1.0
92468871,21.0,0.0
92468873,20.0,0.0
92468875,21.0,0.0
92468876,19.0,1.0
92468878,18.0,2.0
92468880,21.0,0.0
92468881,20.0,0.0
92468883,19.0,1.0
92468885,19.0,1.0
92468888,20.0,0.0
92468889,20.0,0.0
92468891,19.0,1.0
92468893,19.0,1.0
92468894,20.0,0.0
92468896,22.0,0.0
92468898,20.0,0.0
92468899,20.0,1.0
92468901,19.0,1.0
92468902,19.0,1.0
92468905,20.0,0.0
92468907,4.0,16.0
92468908,20.0,0.0
92468910,19.0,2.0
92468911,20.0,0.0
92468913,21.0,0.0
92468914,19.0,1.0
92468916,21.0,0.0
92468917,6.0,14.0
92468918,4.0,17.0
92468920,20.0,0.0
92468921,20.0,0.0
92468922,19.0,1.0
92468924,20.0,0.0
92468925,19.0,1.0
92468927,20.0,0.0
92468928,20.0,1.0
92468929,18.0,2.0
92468932,19.0,1.0
92468933,19.0,1.0
92468935,19.0,1.0
92468936,20.0,0.0
92468938,18.0,2.0
92468939,10.0,11.0
92468941,19.0,1.0
92468942,20.0,0.0
92468944,20.0,0.0
92468946,20.0,1.0
92468948,19.0,1.0
92468949,19.0,1.0
92468951,19.0,1.0
92468953,20.0,0.0
92468954,18.0,3.0
92468956,20.0,0.0
92468957,20.0,1.0
92468959,20.0,0.0
92468961,20.0,0.0
92468962,20.0,1.0
92468964,5.0,15.0
92468965,21.0,0.0
92468967,17.0,3.0
92468969,20.0,0.0
92468970,20.0,0.0
92468972,20.0,0.0
92468974,18.0,2.0
92468975,19.0,1.0
92468977,21.0,0.0
92468978,18.0,2.0
92468979,19.0,1.0
92468980,20.0,0.0
92468981,21.0,0.0
92468982,20.0,1.0
92468983,19.0,1.0
92468984,21.0,0.0
92468985,20.0,0.0
92468986,20.0,0.0
92468987,19.0,1.0
92468988,20.0,0.0
92468989,22.0,1.0
92468990,20.0,0.0
92468991,20.0,1.0
92468992,20.0,0.0
92468994,20.0,0.0
92468995,20.0,1.0
92468996,19.0,1.0
92468997,20.0,0.0
92468998,19.0,1.0
92468999,19.0,1.0
92469001,20.0,1.0
92469002,19.0,1.0
92469003,19.0,1.0
92469005,19.0,1.0
92469006,20.0,0.0
92469007,20.0,1.0
92469009,20.0,3.0
92469010,20.0,0.0
92469012,19.0,1.0
92469013,19.0,1.0
92469015,16.0,4.0
92469016,19.0,1.0
92469018,20.0,0.0
92469020,20.0,0.0
92469021,20.0,0.0
92469023,20.0,0.0
92469025,20.0,0.0
92469027,20.0,0.0
92469029,21.0,0.0
92469031,20.0,0.0
92469033,20.0,0.0
92469034,20.0,0.0
92469036,20.0,0.0
92469038,20.0,1.0
92469040,12.0,8.0
92469042,19.0,1.0
92469044,19.0,1.0
92469045,18.0,2.0
92469046,19.0,1.0
92469049,17.0,3.0
92469050,21.0,0.0
92469052,21.0,0.0
92469054,18.0,2.0
92469055,18.0,3.0
92469056,19.0,2.0
92469057,19.0,1.0
92469058,20.0,1.0
92469059,20.0,0.0
92469060,20.0,0.0
92469061,20.0,0.0
92469062,21.0,0.0
92469063,4.0,16.0
92469064,20.0,0.0
92469065,19.0,1.0
92469066,19.0,2.0
92469067,20.0,0.0
92469068,19.0,2.0
92469069,20.0,0.0
92469071,19.0,1.0
92469072,20.0,4.0
92469073,17.0,3.0
92469074,20.0,0.0
92469075,19.0,1.0
92469076,21.0,0.0
92469077,19.0,1.0
92469078,21.0,0.0
92469079,21.0,0.0
92469080,20.0,1.0
92469081,19.0,1.0
92469082,19.0,1.0
92469083,15.0,5.0
92469084,20.0,0.0
92469085,19.0,1.0
92469086,19.0,1.0
92469088,20.0,0.0
92469089,19.0,1.0
92469090,18.0,2.0
92469092,20.0,1.0
92469093,20.0,1.0
92469094,20.0,0.0
92469095,21.0,0.0
92469097,20.0,0.0
92469098,19.0,1.0
92469100,20.0,0.0
92469101,20.0,0.0
92469121,4.0,16.0
92469122,20.0,1.0
92469124,19.0,1.0
92469125,20.0,0.0
92469127,25.0,0.0
92469128,18.0,2.0
92469130,8.0,12.0
92469131,20.0,1.0
92469133,19.0,1.0
92469134,20.0,0.0
92469136,20.0,0.0
92469137,21.0,0.0
92469138,20.0,0.0
92469140,18.0,2.0
92469141,12.0,8.0
92469143,20.0,1.0
92469145,21.0,0.0
92469146,21.0,0.0
92469148,21.0,0.0
92469150,19.0,2.0
92469152,21.0,0.0
92469155,20.0,0.0
92469156,20.0,0.0
92469158,21.0,0.0
92469160,5.0,15.0
92469162,15.0,5.0
92469163,20.0,0.0
92469165,21.0,0.0
92469167,13.0,7.0
92469168,18.0,2.0
92469170,17.0,3.0
92469172,19.0,1.0
92469174,19.0,1.0
92469175,21.0,0.0
92469177,19.0,1.0
92469179,20.0,0.0
92469180,21.0,0.0
92469182,18.0,2.0
92469184,3.0,17.0
92469185,20.0,1.0
92469187,2.0,19.0
92469189,22.0,0.0
92469191,18.0,2.0
92469193,19.0,2.0
92469195,19.0,1.0
92469197,1.0,19.0
92469199,19.0,1.0
92469201,20.0,0.0
92469202,15.0,5.0
92469204,18.0,2.0
92469205,18.0,2.0
92469207,19.0,1.0
92469208,21.0,0.0
92469210,19.0,1.0
92469211,17.0,3.0
92469213,20.0,0.0
92469214,19.0,1.0
92469216,20.0,1.0
92469217,20.0,0.0
92469219,19.0,1.0
92469221,20.0,0.0
92469222,20.0,1.0
92469223,19.0,1.0
92469225,19.0,1.0
92469226,20.0,0.0
92469228,20.0,0.0
92469229,14.0,6.0
92469231,20.0,0.0
92469232,19.0,1.0
92469234,18.0,2.0
92469235,20.0,0.0
92469237,20.0,0.0
92469239,20.0,0.0
92469241,21.0,1.0
92469242,18.0,2.0
92469244,20.0,0.0
92469245,18.0,2.0
92469247,17.0,3.0
92469249,6.0,14.0
92469251,22.0,0.0
92469253,12.0,8.0
92469254,20.0,0.0
92469256,19.0,1.0
92469258,20.0,0.0
92469259,18.0,2.0
92469261,18.0,2.0
92469262,20.0,0.0
92469264,19.0,1.0
92469265,20.0,0.0
92469267,7.0,13.0
92469269,19.0,1.0
92469270,20.0,0.0
92469272,20.0,0.0
92469273,7.0,13.0
92469275,20.0,0.0
92469276,3.0,17.0
92469278,20.0,0.0
92469280,20.0,0.0
92469282,20.0,1.0
92469283,20.0,0.0
92469285,7.0,14.0
92469286,21.0,0.0
92469288,19.0,1.0
92469290,8.0,12.0
92469291,0.0,20.0
92469293,19.0,1.0
92469295,20.0,1.0
92469297,22.0,0.0
92469298,20.0,0.0
92469299,16.0,4.0
92469301,8.0,12.0
92469302,19.0,1.0
92469304,19.0,1.0
92469306,3.0,17.0
92469307,20.0,0.0
92469309,18.0,2.0
92469311,20.0,1.0
92469312,21.0,0.0
92469313,0.0,20.0
92469314,19.0,1.0
92469316,20.0,0.0
92469317,21.0,0.0
92469319,1.0,19.0
92469320,21.0,0.0
92469321,20.0,0.0
92469323,19.0,1.0
92469324,21.0,0.0
92469326,20.0,0.0
92469327,20.0,0.0
92469328,0.0,20.0
92469330,19.0,1.0
92469332,20.0,1.0
92469333,16.0,4.0
92469335,20.0,0.0
92469336,17.0,4.0
92469338,18.0,2.0
92469339,21.0,0.0
92469341,19.0,1.0
92469342,19.0,1.0
92469343,18.0,2.0
92469345,20.0,0.0
92469346,0.0,21.0
92469347,19.0,1.0
92469349,19.0,1.0
92469350,6.0,14.0
92469352,5.0,16.0
92469353,20.0,1.0
92469355,21.0,0.0
92469356,19.0,1.0
92469358,18.0,2.0
92469359,19.0,1.0
92469360,20.0,0.0
92469362,21.0,0.0
92469363,20.0,0.0
92469365,13.0,7.0
92469366,21.0,0.0
92469368,20.0,0.0
92469369,19.0,2.0
92469370,20.0,0.0
92469372,19.0,1.0
92469373,20.0,0.0
92469375,19.0,1.0
92469377,19.0,1.0
92469379,19.0,1.0
92469380,21.0,1.0
92469382,16.0,4.0
92469384,20.0,0.0
92469385,20.0,0.0
92469387,20.0,1.0
92469389,19.0,1.0
92469390,18.0,2.0
92469391,20.0,0.0
92469393,20.0,0.0
92469394,18.0,2.0
92469395,19.0,1.0
92469396,20.0,0.0
92469397,17.0,3.0
92469398,19.0,1.0
92469399,20.0,0.0
92469400,21.0,0.0
92469401,20.0,0.0
92469402,20.0,0.0
92469403,20.0,0.0
92469404,18.0,2.0
92469406,17.0,3.0
92469407,20.0,0.0
92469408,12.0,8.0
92469410,17.0,3.0
92469411,16.0,4.0
92469413,20.0,0.0
92469414,20.0,0.0
92469415,19.0,1.0
92469417,7.0,13.0
92469418,20.0,0.0
92469420,20.0,0.0
92469422,20.0,0.0
92469423,20.0,0.0
92469425,18.0,2.0
92469427,21.0,0.0
92469429,20.0,0.0
92469431,21.0,0.0
92469433,20.0,0.0
92469435,20.0,1.0
92469436,21.0,0.0
92469438,21.0,0.0
92469440,19.0,1.0
92469442,19.0,1.0
92469444,20.0,0.0
92469445,18.0,2.0
92469446,20.0,0.0
92469448,19.0,1.0
92469450,20.0,0.0
92469452,21.0,1.0
92469454,19.0,1.0
92469456,19.0,1.0
92469458,17.0,3.0
92469460,20.0,0.0
92469461,20.0,0.0
92469463,2.0,18.0
92469467,20.0,0.0
92469468,19.0,1.0
92469469,20.0,1.0
92469471,21.0,0.0
92469473,19.0,1.0
92469475,9.0,11.0
92469477,19.0,1.0
92469478,10.0,10.0
92469480,20.0,0.0
92469481,20.0,0.0
92469483,21.0,0.0
92469485,19.0,1.0
92469487,20.0,0.0
92469488,19.0,1.0
92469490,20.0,0.0
92469492,19.0,1.0
92469493,20.0,0.0
92469495,21.0,0.0
92469497,21.0,0.0
92469499,21.0,0.0
92469501,19.0,1.0
92469502,20.0,0.0
92469504,18.0,3.0
92469506,21.0,0.0
92469508,20.0,0.0
92469510,9.0,11.0
92469511,20.0,0.0
92469513,19.0,1.0
92469515,20.0,0.0
92469517,19.0,1.0
92469518,21.0,1.0
92469520,16.0,4.0
92469522,11.0,10.0
92469523,20.0,0.0
92469525,11.0,9.0
92469527,20.0,0.0
92469528,18.0,2.0
92469530,20.0,0.0
92469532,20.0,0.0
92469534,21.0,0.0
92469537,20.0,0.0
92469538,20.0,0.0
92469540,12.0,9.0
92469542,5.0,16.0
92469544,20.0,0.0
92469546,20.0,0.0
92469548,20.0,0.0
92469549,20.0,0.0
92469551,17.0,3.0
92469552,19.0,1.0
92469553,20.0,0.0
92469555,14.0,6.0
92469557,14.0,7.0
92469559,18.0,2.0
92469561,20.0,0.0
92469563,19.0,1.0
92469564,21.0,0.0
92469566,19.0,1.0
92469568,19.0,1.0
92469570,18.0,2.0
92469572,19.0,1.0
92469574,20.0,0.0
92469576,14.0,6.0
92469577,20.0,1.0
92469579,18.0,2.0
92469582,20.0,1.0
92469585,20.0,0.0
92469587,20.0,0.0
92469589,8.0,12.0
92469591,11.0,9.0
92469593,20.0,1.0
92469595,19.0,1.0
92469597,20.0,0.0
92469599,16.0,4.0
92469601,20.0,0.0
92469603,20.0,1.0
92469604,21.0,0.0
92469606,19.0,1.0
92469608,19.0,1.0
92469609,20.0,0.0
92469611,20.0,0.0
92469613,20.0,0.0
92469614,21.0,0.0
92469615,20.0,0.0
92469617,19.0,1.0
92469619,20.0,0.0
92469620,19.0,1.0
92469621,20.0,0.0
92469622,19.0,1.0
92469624,21.0,0.0
92469625,20.0,0.0
92469627,20.0,0.0
92469629,20.0,0.0
92469630,20.0,0.0
92469632,19.0,1.0
92469634,20.0,0.0
92469635,19.0,2.0
92469637,20.0,0.0
92469639,21.0,0.0
92469640,19.0,1.0
92469642,17.0,3.0
92469644,21.0,0.0
92469645,19.0,1.0
92469647,19.0,1.0
92469649,20.0,0.0
92469650,17.0,3.0
92469652,20.0,0.0
92469654,19.0,1.0
92469656,17.0,3.0
92469657,20.0,0.0
92469659,19.0,1.0
92469661,19.0,1.0
92469663,20.0,1.0
92469665,19.0,1.0
92469667,19.0,1.0
92469669,19.0,2.0
92469671,14.0,6.0
92469672,19.0,1.0
92469674,21.0,0.0
92469675,20.0,1.0
92469677,19.0,1.0
92469679,20.0,0.0
92469680,17.0,3.0
92469681,20.0,0.0
92469683,20.0,0.0
92469684,20.0,0.0
92469686,20.0,0.0
92469688,20.0,0.0
92469689,19.0,1.0
92469691,20.0,0.0
92469693,21.0,0.0
92469695,20.0,0.0
92469696,20.0,0.0
92469697,3.0,18.0
92469698,21.0,0.0
92469700,20.0,0.0
92469701,21.0,0.0
92469702,20.0,0.0
92469703,20.0,0.0
92469705,0.0,21.0
92469706,21.0,0.0
92469707,19.0,2.0
92469708,20.0,0.0
92469709,20.0,0.0
92469710,19.0,1.0
92469711,20.0,0.0
92469712,20.0,0.0
92469713,20.0,1.0
92469714,16.0,4.0
92469715,19.0,2.0
92469716,21.0,0.0
92469717,19.0,1.0
92469718,20.0,0.0
92469719,21.0,0.0
92469720,18.0,2.0
92469721,20.0,0.0
92469722,21.0,0.0
92469723,21.0,0.0
92469724,20.0,0.0
92469725,19.0,1.0
92469726,1.0,19.0
92469727,13.0,8.0
92469728,18.0,2.0
92469730,20.0,0.0
92469731,9.0,11.0
92469733,0.0,20.0
92469734,1.0,19.0
92469735,20.0,0.0
92469736,21.0,0.0
